; TSIS/TIM Total Solar Irradiance
; 
; ***SELECTION CRITERIA***
; data_set_name: TSIS Level 3 Total Solar Irradiance
; date_range: 20180110 to 20260903
; cadence: 24 hours
; version:            5
; number_of_data:         3159
; ***END SELECTION CRITERIA***
;
; ***DATA DEFINITIONS***, number = 15 [field name, type, format, (Col. #, description)]
; nominal_date_yyyymmdd                 R8   f12.3 (Column  1: Nominal Data Time, YYYYMMDD)
; nominal_date_jdn                      R8   f12.3 (Column  2: Nominal Data Time, Julian Day Number)
; avg_measurement_date_jdn              R8   f15.6 (Column  3: Average Data Time, Julian Day Number)
; std_dev_measurement_date              R4    f7.4 (Column  4: Stdev of Average Data Time, days, 1 sigma)
; tsi_1au                               R8   f10.4 (Column  5: Total Solar Irradiance (TSI) at 1-AU, W/m^2)
; instrument_accuracy_1au               R4   e10.3 (Column  6: Instrument Accuracy in 1-AU TSI, W/m^2, 1 sigma)
; instrument_precision_1au              R4   e10.3 (Column  7: Instrument Precision in TSI at 1-AU, W/m^2, 1 sigma)
; solar_standard_deviation_1au          R4   e10.3 (Column  8: Solar Standard Deviation in 1-AU TSI, W/m^2, 1 sigma)
; measurement_uncertainty_1au           R4   e10.3 (Column  9: Total Uncertainty in TSI at 1-AU, W/m^2, 1 sigma)
; tsi_true_earth                        R8   f10.4 (Column 10: Total Solar Irradiance at Earth distance, W/m^2)
; instrument_accuracy_true_earth        R4   e10.3 (Column 11: Instrument Accuracy at Earth distance, W/m^2, 1 sigma)
; instrument_precision_true_earth       R4   e10.3 (Column 12: Instrument Precision at Earth distance, W/m^2, 1 sigma)
; solar_standard_deviation_true_earth   R4   e10.3 (Column 13: Solar Standard Deviation in TSI at Earth, W/m^2, 1 sigma)
; measurement_uncertainty_true_earth    R4   e10.3 (Column 14: Total Uncertainty in TSI at Earth distance, W/m^2, 1 sigma)
; provisional_flag                      I2      i2 (Column 15: Provisional Flag, 1=provisional data, 0=final data)
; ***END DATA DEFINITIONS***
;
; ***FORTRAN FORMAT SPECIFIER***
; (f12.3,f12.3,f15.6,f7.4,f10.4,e10.3,e10.3,e10.3,e10.3,f10.4,e10.3,e10.3,e10.3,e10.3,i2)
; ***END FORTRAN FORMAT SPECIFIER***
;
; 
; Background for the TSIS/TIM instrument and TSI measurements
; 
; The TSIS Total Irradiance Monitor (TIM) measures the total solar
; irradiance (TSI), a measure of the absolute intensity of solar radiation
; integrated over the entire solar disk and the entire solar spectrum.
; The TSIS Level 3 TSI data products are the daily and 6-hourly mean
; irradiances, reported at both a mean solar distance of 1 astronomical
; unit (AU) and at the true Earth-to-Sun distance of date, and zero
; relative line-of-sight velocity with respect to the Sun. These products
; respectively indicate emitted solar radiation variability (useful for
; solar studies) and the solar energy input to the top of the Earth's
; atmosphere (useful for Earth climate studies).
; 
; The TIM instrument has long-term repeatability with estimated uncertainties of
; approximately 0.014 W/m^2/yr (10 ppm/yr). Accuracy varies with time depending
; on instrument operating conditions and on-orbit effects, such as degradation
; due to solar exposure. Estimates of the TIM's time-dependent uncertainties are
; provided in the data file. The TSIS/TIM agrees well with the lower TSI values
; first reported by the SORCE/TIM and the follow-on TCTE/TIM. The TIM design
; allows less internal instrument scatter than predecessor TSI instruments, which
; caused erroneously high TSI values (Kopp & Lean 2011), as validated on the TSI
; Radiometer Facility (described by Kopp et al. 2007).
; 
; The following paragraphs discuss the four different uncertainties reported
; with the TSI measurements.
; 
; INSTRUMENT UNCERTAINTY reflects the instrument's relative standard
; uncertainty (absolute accuracy) and includes all known uncertainties from
; ground- and space-based calibrations plus a time-dependent estimate of
; uncertainty due to degradation. This uncertainty varies slightly with measured
; instrument temperature and the time to the nearest on-orbit calibrations. This
; value is useful when comparing different TSI instruments reporting data from
; the same time range on an absolute scale.
; 
; INSTRUMENT PRECISION reflects the TIM's sensitivity to a change in signal,
; and is useful for determining relative changes in the TIM TSI due purely
; to the Sun over timescales of two months or less (so that degradation
; uncertainty does not have a significant effect). This value of 5 ppm is
; constant, and indicates the instrument's noise level.
; 
; High-cadence Level 2 data are averaged (un-weighted mean) to produce daily
; and 6-hourly averaged Level 3 data. The standard deviation of the Level 2
; values averaged to produce each Level 3 value is indicative of the solar
; variability during the reported Level 3 measurement interval, and is
; called the SOLAR STANDARD DEVIATION. This uncertainty redundantly includes
; -- but is generally much larger than -- the Instrument Precision. The Solar
; Standard Deviation is useful for estimating potential variations in TSI
; within the time range of a Level 3 data value, such as when comparing TIM
; TSI values with solar images or other TSI instruments reporting data at
; slightly different times.
; 
; MEASUREMENT UNCERTAINTY is the net uncertainty of a reported Level 3 data
; value, and is the root sum square of Instrument Uncertainty and Solar
; Standard Deviation. Measurement Uncertainty is the value that should be
; used when comparing absolute scale TSI data from non-identical time ranges.
; 
; RELEASE NOTES for the latest version of TIM Level 3 data may be found at:
; https://lasp.colorado.edu/tsis/data/tsi-data/tim-tsi-release-notes/
; 
; The 1-AU and at-Earth TIM irradiances are tabulated below ("DATA RECORDS"),
; with each row giving the nominal and measurement dates, the reported
; irradiances, and estimated uncertainties. Each field (column) is defined
; and described in the "DATA DEFINITIONS" section above. An IDL file reader
; (read_lasp_ascii_file.pro) is available which will read this file and
; return an array of structures whose field names and types are taken from
; the "DATA DEFINITIONS" section.
; 
; Details of the TIM design and calibrations are given in:
; 
; Kopp, G. and Lawrence, G., "The Total Irradiance Monitor (TIM): Instrument
; Design," Solar Physics, 230, 1, Aug. 2005, pp. 91-109.
; 
; Kopp, G., Heuerman, K., and Lawrence, G., "The Total Irradiance Monitor
; (TIM): Instrument Calibration," Solar Physics, 230, 1, Aug. 2005,
; pp. 111-127.
; 
; Citing the daily data:
; 
; Kopp, G. (2025), TSIS TIM Level 3 Total Solar Irradiance 24-hour Means, version 05,
; Greenbelt, MD, USA: NASA Goddard Earth Science Data and Information Services Center (GES DISC),
; Accessed <Enter User Data Access Date> at https://lasp.colorado.edu/tsis/data/tsi-data/
; 
; Citing the 6-hourly data:
; 
; Kopp, G. (2025), TSIS TIM Level 3 Total Solar Irradiance 6-Hour Means, version 05,
; Greenbelt, MD, USA: NASA Goddard Earth Science Data and Information Services Center (GES DISC),
; Accessed <Enter User Data Access Date> at https://lasp.colorado.edu/tsis/data/tsi-data/
; 
; This data file and other TSIS data products may also be obtained from:
; https://lasp.colorado.edu/tsis/data/
; 
; For more information on the TSIS/TIM instrument and data, see:
; https://lasp.colorado.edu/tsis/instruments/tim-total-irradiance-monitor/
; 
; For news and general information about the TSIS mission, see:
; https://lasp.colorado.edu/tsis
;
; Columns:
;     1           2            3          4        5         6         7         8         9        10        11        12        13        14    15
; ***DATA RECORDS***, number =      3159
20180110.500 2458129.000 2458129.000000 0.0000    0.0000 0.000e+00 0.000e+00 0.000e+00 0.000e+00    0.0000 0.000e+00 0.000e+00 0.000e+00 0.000e+00 0
20180111.500 2458130.000 2458129.716197 0.0064 1361.6251 1.684e-01 6.800e-03 4.423e-02 1.741e-01 1407.7673 1.741e-01 6.800e-03 4.577e-02 1.801e-01 0
20180112.500 2458131.000 2458130.647694 0.0973 1361.6312 1.684e-01 6.800e-03 7.024e-02 1.825e-01 1407.6490 1.741e-01 6.800e-03 7.740e-02 1.906e-01 0
20180113.500 2458132.000 2458131.614331 0.0975 1361.5952 1.684e-01 6.800e-03 8.029e-02 1.866e-01 1407.4712 1.741e-01 6.800e-03 8.234e-02 1.926e-01 0
20180114.500 2458133.000 2458133.000000 0.0000    0.0000 0.000e+00 0.000e+00 0.000e+00 0.000e+00    0.0000 0.000e+00 0.000e+00 0.000e+00 0.000e+00 0
20180115.500 2458134.000 2458134.000000 0.0000    0.0000 0.000e+00 0.000e+00 0.000e+00 0.000e+00    0.0000 0.000e+00 0.000e+00 0.000e+00 0.000e+00 0
20180116.500 2458135.000 2458135.000000 0.0000    0.0000 0.000e+00 0.000e+00 0.000e+00 0.000e+00    0.0000 0.000e+00 0.000e+00 0.000e+00 0.000e+00 0
20180117.500 2458136.000 2458136.000000 0.0000    0.0000 0.000e+00 0.000e+00 0.000e+00 0.000e+00    0.0000 0.000e+00 0.000e+00 0.000e+00 0.000e+00 0
20180118.500 2458137.000 2458137.000000 0.0000    0.0000 0.000e+00 0.000e+00 0.000e+00 0.000e+00    0.0000 0.000e+00 0.000e+00 0.000e+00 0.000e+00 0
20180119.500 2458138.000 2458138.000000 0.0000    0.0000 0.000e+00 0.000e+00 0.000e+00 0.000e+00    0.0000 0.000e+00 0.000e+00 0.000e+00 0.000e+00 0
20180120.500 2458139.000 2458138.694005 0.0974 1361.6229 1.684e-01 6.800e-03 1.300e-01 2.127e-01 1406.1538 1.739e-01 6.800e-03 1.425e-01 2.248e-01 0
20180121.500 2458140.000 2458140.000000 0.0000    0.0000 0.000e+00 0.000e+00 0.000e+00 0.000e+00    0.0000 0.000e+00 0.000e+00 0.000e+00 0.000e+00 0
20180122.500 2458141.000 2458141.014222 0.2535 1361.5593 1.684e-01 6.800e-03 1.468e-01 2.235e-01 1405.5291 1.739e-01 6.800e-03 1.635e-01 2.386e-01 0
20180123.500 2458142.000 2458141.928417 0.3666 1361.5241 1.684e-01 6.800e-03 1.266e-01 2.107e-01 1405.2552 1.738e-01 6.800e-03 1.713e-01 2.441e-01 0
20180124.500 2458143.000 2458143.039826 0.2923 1361.4876 1.684e-01 6.800e-03 1.237e-01 2.090e-01 1404.9155 1.738e-01 6.800e-03 1.357e-01 2.205e-01 0
20180125.500 2458144.000 2458144.056448 0.2633 1361.4981 1.684e-01 6.800e-03 1.415e-01 2.200e-01 1404.6358 1.738e-01 6.800e-03 1.681e-01 2.417e-01 0
20180126.500 2458145.000 2458145.008005 0.2971 1361.4370 1.684e-01 6.800e-03 1.413e-01 2.199e-01 1404.2876 1.737e-01 6.800e-03 1.769e-01 2.479e-01 0
20180127.500 2458146.000 2458146.004635 0.2784 1361.4157 1.684e-01 6.800e-03 1.270e-01 2.109e-01 1403.9531 1.737e-01 6.800e-03 1.585e-01 2.351e-01 0
20180128.500 2458147.000 2458147.016137 0.2871 1361.3682 1.684e-01 6.800e-03 1.107e-01 2.015e-01 1403.5709 1.736e-01 6.800e-03 1.502e-01 2.296e-01 0
20180129.500 2458148.000 2458147.889107 0.3477 1361.3527 1.684e-01 6.800e-03 1.275e-01 2.112e-01 1403.2537 1.736e-01 6.800e-03 1.658e-01 2.401e-01 0
20180130.500 2458149.000 2458148.769062 0.1656 1361.4925 1.684e-01 6.800e-03 1.219e-01 2.079e-01 1403.0824 1.736e-01 6.800e-03 1.289e-01 2.162e-01 0
20180131.500 2458150.000 2458150.330397 0.0941 1361.5627 1.684e-01 6.800e-03 3.896e-02 1.729e-01 1402.5612 1.735e-01 6.800e-03 5.122e-02 1.809e-01 0
20180201.500 2458151.000 2458150.897953 0.2365 1361.5859 1.684e-01 6.800e-03 4.551e-02 1.745e-01 1402.3586 1.735e-01 6.800e-03 1.183e-01 2.100e-01 0
20180202.500 2458152.000 2458151.998324 0.2873 1361.5813 1.684e-01 6.800e-03 6.748e-02 1.814e-01 1401.8998 1.734e-01 6.800e-03 1.381e-01 2.217e-01 0
20180203.500 2458153.000 2458152.997175 0.2874 1361.5635 1.684e-01 6.800e-03 5.297e-02 1.766e-01 1401.4526 1.734e-01 6.800e-03 1.516e-01 2.303e-01 0
20180204.500 2458154.000 2458153.975817 0.2854 1361.5519 1.684e-01 6.800e-03 7.780e-02 1.855e-01 1401.0056 1.733e-01 6.800e-03 1.563e-01 2.334e-01 0
20180205.500 2458155.000 2458154.965912 0.2888 1361.4255 1.684e-01 6.800e-03 1.092e-01 2.007e-01 1400.4215 1.732e-01 6.800e-03 1.923e-01 2.588e-01 0
20180206.500 2458156.000 2458156.008978 0.2969 1361.3874 1.684e-01 6.800e-03 9.704e-02 1.944e-01 1399.8897 1.732e-01 6.800e-03 1.662e-01 2.400e-01 0
20180207.500 2458157.000 2458157.005492 0.2783 1361.4688 1.684e-01 6.800e-03 1.207e-01 2.072e-01 1399.4901 1.731e-01 6.800e-03 1.893e-01 2.565e-01 0
20180208.500 2458158.000 2458158.002869 0.2975 1361.3735 1.684e-01 6.800e-03 9.868e-02 1.952e-01 1398.8969 1.730e-01 6.800e-03 1.993e-01 2.639e-01 0
20180209.500 2458159.000 2458159.032255 0.2780 1361.2950 1.684e-01 6.800e-03 1.103e-01 2.013e-01 1398.2943 1.730e-01 6.800e-03 2.093e-01 2.715e-01 0
20180210.500 2458160.000 2458159.987392 0.2961 1361.2837 1.684e-01 6.800e-03 1.097e-01 2.010e-01 1397.7887 1.729e-01 6.800e-03 1.843e-01 2.527e-01 0
20180211.500 2458161.000 2458160.703102 0.1107 1361.2951 1.684e-01 6.800e-03 1.014e-01 1.966e-01 1397.4253 1.729e-01 6.800e-03 1.075e-01 2.035e-01 0
20180212.500 2458162.000 2458162.087658 0.0048 1361.4003 1.684e-01 6.800e-03 1.193e-01 2.064e-01 1396.7945 1.728e-01 6.800e-03 1.213e-01 2.111e-01 0
20180213.500 2458163.000 2458163.000000 0.0000    0.0000 0.000e+00 0.000e+00 0.000e+00 0.000e+00    0.0000 0.000e+00 0.000e+00 0.000e+00 0.000e+00 0
20180214.500 2458164.000 2458164.442099 0.0316 1361.6024 1.684e-01 6.800e-03 4.937e-02 1.755e-01 1395.7120 1.726e-01 6.800e-03 4.627e-02 1.787e-01 0
20180215.500 2458165.000 2458164.662884 0.0908 1361.6353 1.684e-01 6.800e-03 4.999e-02 1.757e-01 1395.6229 1.726e-01 6.800e-03 7.702e-02 1.890e-01 0
20180216.500 2458166.000 2458166.240778 0.1480 1361.5535 1.684e-01 6.800e-03 9.235e-02 1.921e-01 1394.6516 1.725e-01 6.800e-03 1.346e-01 2.188e-01 0
20180217.500 2458167.000 2458167.005545 0.2921 1361.5098 1.684e-01 6.800e-03 1.087e-01 2.004e-01 1394.1710 1.725e-01 6.800e-03 2.053e-01 2.681e-01 0
20180218.500 2458168.000 2458168.000973 0.2854 1361.4627 1.684e-01 6.800e-03 9.952e-02 1.956e-01 1393.5505 1.724e-01 6.800e-03 2.140e-01 2.748e-01 0
20180219.500 2458169.000 2458169.113127 0.2628 1361.4615 1.684e-01 6.800e-03 9.674e-02 1.942e-01 1392.9026 1.723e-01 6.800e-03 1.881e-01 2.551e-01 0
20180220.500 2458170.000 2458170.004598 0.2822 1361.5109 1.684e-01 6.800e-03 8.124e-02 1.870e-01 1392.4290 1.722e-01 6.800e-03 1.878e-01 2.548e-01 0
20180221.500 2458171.000 2458170.993088 0.3005 1361.4878 1.684e-01 6.800e-03 8.183e-02 1.872e-01 1391.8181 1.722e-01 6.800e-03 2.066e-01 2.689e-01 0
20180222.500 2458172.000 2458172.005295 0.2792 1361.4966 1.684e-01 6.800e-03 7.146e-02 1.830e-01 1391.2185 1.721e-01 6.800e-03 1.976e-01 2.621e-01 0
20180223.500 2458173.000 2458173.006114 0.2972 1361.4805 1.684e-01 6.800e-03 6.465e-02 1.804e-01 1390.5922 1.720e-01 6.800e-03 1.963e-01 2.610e-01 0
20180224.500 2458174.000 2458174.005266 0.2789 1361.4984 1.686e-01 6.800e-03 6.049e-02 1.791e-01 1389.9934 1.721e-01 6.800e-03 1.797e-01 2.488e-01 0
20180225.500 2458175.000 2458175.014780 0.2901 1361.4922 1.686e-01 6.800e-03 7.536e-02 1.846e-01 1389.3540 1.720e-01 6.800e-03 1.927e-01 2.583e-01 0
20180226.500 2458176.000 2458176.117003 0.2041 1361.4592 1.685e-01 6.800e-03 8.409e-02 1.884e-01 1388.6178 1.719e-01 6.800e-03 1.557e-01 2.319e-01 0
20180227.500 2458177.000 2458176.943836 0.2748 1361.4675 1.685e-01 6.800e-03 1.071e-01 1.997e-01 1388.0904 1.718e-01 6.800e-03 2.195e-01 2.787e-01 0
20180228.500 2458178.000 2458178.000000 0.0000    0.0000 0.000e+00 0.000e+00 0.000e+00 0.000e+00    0.0000 0.000e+00 0.000e+00 0.000e+00 0.000e+00 0
20180301.500 2458179.000 2458178.990097 0.3004 1361.4169 1.685e-01 6.800e-03 1.150e-01 2.040e-01 1386.6804 1.717e-01 6.800e-03 2.719e-01 3.216e-01 0
20180302.500 2458180.000 2458179.997125 0.2822 1361.3992 1.685e-01 6.800e-03 1.160e-01 2.046e-01 1385.9765 1.716e-01 6.800e-03 2.060e-01 2.681e-01 0
20180303.500 2458181.000 2458180.993161 0.2939 1361.3695 1.685e-01 6.800e-03 1.233e-01 2.088e-01 1385.2568 1.715e-01 6.800e-03 2.598e-01 3.113e-01 0
20180304.500 2458182.000 2458181.600324 0.0530 1361.3391 1.685e-01 6.800e-03 7.358e-02 1.839e-01 1384.8010 1.714e-01 6.800e-03 8.425e-02 1.910e-01 0
20180305.500 2458183.000 2458183.000000 0.0000    0.0000 0.000e+00 0.000e+00 0.000e+00 0.000e+00    0.0000 0.000e+00 0.000e+00 0.000e+00 0.000e+00 0
20180306.500 2458184.000 2458184.000000 0.0000    0.0000 0.000e+00 0.000e+00 0.000e+00 0.000e+00    0.0000 0.000e+00 0.000e+00 0.000e+00 0.000e+00 0
20180307.500 2458185.000 2458185.401736 0.0508 1361.5715 1.686e-01 6.800e-03 5.028e-02 1.759e-01 1382.2979 1.711e-01 6.800e-03 4.965e-02 1.782e-01 0
20180308.500 2458186.000 2458186.006140 0.2973 1361.5568 1.686e-01 6.800e-03 6.272e-02 1.799e-01 1381.8370 1.711e-01 6.800e-03 2.265e-01 2.838e-01 0
20180309.500 2458187.000 2458187.005830 0.2784 1361.5526 1.686e-01 6.800e-03 5.519e-02 1.774e-01 1381.0912 1.710e-01 6.800e-03 2.132e-01 2.733e-01 0
20180310.500 2458188.000 2458188.005743 0.2974 1361.5462 1.686e-01 6.800e-03 7.010e-02 1.826e-01 1380.3376 1.709e-01 6.800e-03 2.453e-01 2.990e-01 0
20180311.500 2458189.000 2458188.997556 0.2780 1361.4294 1.685e-01 6.800e-03 9.485e-02 1.934e-01 1379.4742 1.708e-01 6.800e-03 2.683e-01 3.180e-01 0
20180312.500 2458190.000 2458189.988571 0.2972 1361.4234 1.685e-01 6.800e-03 1.124e-01 2.026e-01 1378.7205 1.707e-01 6.800e-03 2.446e-01 2.983e-01 0
20180313.500 2458191.000 2458190.953969 0.2639 1361.4401 1.685e-01 6.800e-03 1.194e-01 2.066e-01 1378.0066 1.706e-01 6.800e-03 2.146e-01 2.741e-01 0
20180314.500 2458192.000 2458191.989037 0.2966 1361.4931 1.687e-01 6.800e-03 1.389e-01 2.185e-01 1377.2748 1.706e-01 6.800e-03 2.509e-01 3.035e-01 0
20180315.500 2458193.000 2458192.993803 0.2835 1361.4433 1.687e-01 6.800e-03 1.258e-01 2.104e-01 1376.4610 1.705e-01 6.800e-03 2.497e-01 3.023e-01 0
20180316.500 2458194.000 2458193.991357 0.2935 1361.3657 1.687e-01 6.800e-03 1.165e-01 2.050e-01 1375.6240 1.704e-01 6.800e-03 2.651e-01 3.151e-01 0
20180317.500 2458195.000 2458194.995174 0.2875 1361.4102 1.687e-01 6.800e-03 1.060e-01 1.992e-01 1374.9059 1.704e-01 6.800e-03 2.361e-01 2.912e-01 0
20180318.500 2458196.000 2458195.992665 0.2896 1361.4940 1.687e-01 6.800e-03 1.182e-01 2.060e-01 1374.2327 1.703e-01 6.800e-03 2.146e-01 2.740e-01 0
20180319.500 2458197.000 2458197.189853 0.2873 1361.5033 1.687e-01 6.800e-03 5.859e-02 1.786e-01 1373.3336 1.702e-01 6.800e-03 2.354e-01 2.904e-01 0
20180320.500 2458198.000 2458197.998006 0.2854 1361.4832 1.687e-01 6.800e-03 5.708e-02 1.781e-01 1372.7005 1.701e-01 6.800e-03 2.310e-01 2.869e-01 0
20180321.500 2458199.000 2458198.786398 0.1669 1361.4859 1.687e-01 6.800e-03 5.870e-02 1.786e-01 1372.1059 1.700e-01 6.800e-03 1.374e-01 2.186e-01 0
20180322.500 2458200.000 2458200.331732 0.0923 1361.4964 1.687e-01 6.800e-03 7.674e-02 1.853e-01 1370.9463 1.699e-01 6.800e-03 1.025e-01 1.984e-01 0
20180323.500 2458201.000 2458200.621949 0.0722 1361.5233 1.687e-01 6.800e-03 5.131e-02 1.763e-01 1370.7536 1.698e-01 6.800e-03 7.752e-02 1.867e-01 0
20180324.500 2458202.000 2458202.000000 0.0000    0.0000 0.000e+00 0.000e+00 0.000e+00 0.000e+00    0.0000 0.000e+00 0.000e+00 0.000e+00 0.000e+00 0
20180325.500 2458203.000 2458203.000000 0.0000    0.0000 0.000e+00 0.000e+00 0.000e+00 0.000e+00    0.0000 0.000e+00 0.000e+00 0.000e+00 0.000e+00 0
20180326.500 2458204.000 2458204.356874 0.0719 1361.4425 1.687e-01 6.800e-03 7.870e-02 1.861e-01 1367.8339 1.695e-01 6.800e-03 8.506e-02 1.896e-01 0
20180327.500 2458205.000 2458205.006229 0.2974 1361.4744 1.688e-01 6.800e-03 7.577e-02 1.850e-01 1367.3688 1.696e-01 6.800e-03 2.515e-01 3.033e-01 0
20180328.500 2458206.000 2458205.741960 0.1287 1361.4047 1.688e-01 6.800e-03 1.171e-01 2.054e-01 1366.7343 1.695e-01 6.800e-03 1.513e-01 2.272e-01 0
20180329.500 2458207.000 2458207.446576 0.0328 1361.4770 1.688e-01 6.800e-03 8.091e-02 1.872e-01 1365.4904 1.693e-01 6.800e-03 9.198e-02 1.927e-01 0
20180330.500 2458208.000 2458207.999105 0.2799 1361.3926 1.688e-01 6.800e-03 1.168e-01 2.053e-01 1364.9764 1.693e-01 6.800e-03 2.658e-01 3.151e-01 0
20180331.500 2458209.000 2458208.996193 0.2960 1361.4665 1.688e-01 6.800e-03 1.658e-01 2.366e-01 1364.2727 1.692e-01 6.800e-03 2.720e-01 3.203e-01 0
20180401.500 2458210.000 2458210.008489 0.2862 1361.4287 1.688e-01 6.800e-03 1.192e-01 2.067e-01 1363.4413 1.691e-01 6.800e-03 2.557e-01 3.066e-01 0
20180402.500 2458211.000 2458211.012808 0.2946 1361.4324 1.688e-01 6.800e-03 1.120e-01 2.026e-01 1362.6544 1.690e-01 6.800e-03 2.632e-01 3.128e-01 0
20180403.500 2458212.000 2458212.004591 0.2913 1361.3769 1.688e-01 6.800e-03 9.984e-02 1.961e-01 1361.8153 1.689e-01 6.800e-03 2.570e-01 3.075e-01 0
20180404.500 2458213.000 2458212.677022 0.0987 1361.3994 1.688e-01 6.800e-03 8.515e-02 1.891e-01 1361.3054 1.688e-01 6.800e-03 9.050e-02 1.915e-01 0
20180405.500 2458214.000 2458214.294736 0.1276 1361.5512 1.688e-01 6.800e-03 4.935e-02 1.759e-01 1360.1735 1.687e-01 6.800e-03 1.184e-01 2.061e-01 0
20180406.500 2458215.000 2458215.002052 0.2811 1361.5626 1.688e-01 6.800e-03 5.009e-02 1.761e-01 1359.6233 1.686e-01 6.800e-03 2.274e-01 2.830e-01 0
20180407.500 2458216.000 2458216.003050 0.2965 1361.5652 1.690e-01 6.800e-03 4.727e-02 1.755e-01 1358.8314 1.686e-01 6.800e-03 2.377e-01 2.914e-01 0
20180408.500 2458217.000 2458216.999921 0.2781 1361.5643 1.690e-01 6.800e-03 5.679e-02 1.783e-01 1358.0405 1.685e-01 6.800e-03 2.231e-01 2.796e-01 0
20180409.500 2458218.000 2458217.984869 0.2732 1361.5630 1.690e-01 6.800e-03 4.189e-02 1.741e-01 1357.2607 1.684e-01 6.800e-03 2.248e-01 2.809e-01 0
20180410.500 2458219.000 2458218.941463 0.2589 1361.5468 1.690e-01 6.800e-03 5.085e-02 1.765e-01 1356.4911 1.683e-01 6.800e-03 2.158e-01 2.737e-01 0
20180411.500 2458220.000 2458219.912109 0.2701 1361.5201 1.547e-01 6.800e-03 5.258e-02 1.634e-01 1355.7035 1.540e-01 6.800e-03 2.282e-01 2.753e-01 0
20180412.500 2458221.000 2458220.997978 0.2819 1361.5132 1.547e-01 6.800e-03 4.485e-02 1.610e-01 1354.8505 1.539e-01 6.800e-03 2.273e-01 2.745e-01 0
20180413.500 2458222.000 2458221.994401 0.2941 1361.5059 1.547e-01 6.800e-03 4.513e-02 1.611e-01 1354.0723 1.538e-01 6.800e-03 2.231e-01 2.710e-01 0
20180414.500 2458223.000 2458223.001628 0.2871 1361.5200 1.547e-01 6.800e-03 4.564e-02 1.613e-01 1353.3131 1.537e-01 6.800e-03 2.213e-01 2.694e-01 0
20180415.500 2458224.000 2458223.992656 0.2886 1361.5185 1.547e-01 6.800e-03 4.828e-02 1.620e-01 1352.5576 1.537e-01 6.800e-03 2.243e-01 2.719e-01 0
20180416.500 2458225.000 2458224.905070 0.2355 1361.4984 1.547e-01 6.800e-03 4.797e-02 1.619e-01 1351.8496 1.536e-01 6.800e-03 1.901e-01 2.444e-01 0
20180417.500 2458226.000 2458226.000000 0.0000    0.0000 0.000e+00 0.000e+00 0.000e+00 0.000e+00    0.0000 0.000e+00 0.000e+00 0.000e+00 0.000e+00 0
20180418.500 2458227.000 2458227.000000 0.0000    0.0000 0.000e+00 0.000e+00 0.000e+00 0.000e+00    0.0000 0.000e+00 0.000e+00 0.000e+00 0.000e+00 0
20180419.500 2458228.000 2458228.000000 0.0000    0.0000 0.000e+00 0.000e+00 0.000e+00 0.000e+00    0.0000 0.000e+00 0.000e+00 0.000e+00 0.000e+00 0
20180420.500 2458229.000 2458229.000000 0.0000    0.0000 0.000e+00 0.000e+00 0.000e+00 0.000e+00    0.0000 0.000e+00 0.000e+00 0.000e+00 0.000e+00 0
20180421.500 2458230.000 2458230.000000 0.0000    0.0000 0.000e+00 0.000e+00 0.000e+00 0.000e+00    0.0000 0.000e+00 0.000e+00 0.000e+00 0.000e+00 0
20180422.500 2458231.000 2458231.000000 0.0000    0.0000 0.000e+00 0.000e+00 0.000e+00 0.000e+00    0.0000 0.000e+00 0.000e+00 0.000e+00 0.000e+00 0
20180423.500 2458232.000 2458232.000000 0.0000    0.0000 0.000e+00 0.000e+00 0.000e+00 0.000e+00    0.0000 0.000e+00 0.000e+00 0.000e+00 0.000e+00 0
20180424.500 2458233.000 2458233.000000 0.0000    0.0000 0.000e+00 0.000e+00 0.000e+00 0.000e+00    0.0000 0.000e+00 0.000e+00 0.000e+00 0.000e+00 0
20180425.500 2458234.000 2458234.000000 0.0000    0.0000 0.000e+00 0.000e+00 0.000e+00 0.000e+00    0.0000 0.000e+00 0.000e+00 0.000e+00 0.000e+00 0
20180426.500 2458235.000 2458235.000000 0.0000    0.0000 0.000e+00 0.000e+00 0.000e+00 0.000e+00    0.0000 0.000e+00 0.000e+00 0.000e+00 0.000e+00 0
20180427.500 2458236.000 2458236.000000 0.0000    0.0000 0.000e+00 0.000e+00 0.000e+00 0.000e+00    0.0000 0.000e+00 0.000e+00 0.000e+00 0.000e+00 0
20180428.500 2458237.000 2458237.000000 0.0000    0.0000 0.000e+00 0.000e+00 0.000e+00 0.000e+00    0.0000 0.000e+00 0.000e+00 0.000e+00 0.000e+00 0
20180429.500 2458238.000 2458238.000000 0.0000    0.0000 0.000e+00 0.000e+00 0.000e+00 0.000e+00    0.0000 0.000e+00 0.000e+00 0.000e+00 0.000e+00 0
20180430.500 2458239.000 2458239.000000 0.0000    0.0000 0.000e+00 0.000e+00 0.000e+00 0.000e+00    0.0000 0.000e+00 0.000e+00 0.000e+00 0.000e+00 0
20180501.500 2458240.000 2458240.369713 0.0527 1361.4646 1.548e-01 6.800e-03 5.613e-02 1.647e-01 1340.8920 1.525e-01 6.800e-03 6.040e-02 1.640e-01 0
20180502.500 2458241.000 2458241.055194 0.2604 1361.4802 1.548e-01 6.800e-03 5.350e-02 1.638e-01 1340.4431 1.524e-01 6.800e-03 1.665e-01 2.257e-01 0
20180503.500 2458242.000 2458242.013062 0.2990 1361.4989 1.548e-01 6.800e-03 5.208e-02 1.633e-01 1339.8156 1.523e-01 6.800e-03 2.248e-01 2.715e-01 0
20180504.500 2458243.000 2458243.010898 0.2803 1361.4874 1.548e-01 6.800e-03 4.711e-02 1.618e-01 1339.1356 1.523e-01 6.800e-03 1.946e-01 2.471e-01 0
20180505.500 2458244.000 2458243.744550 0.1504 1361.5157 1.548e-01 6.800e-03 4.858e-02 1.622e-01 1338.6747 1.522e-01 6.800e-03 1.102e-01 1.879e-01 0
20180506.500 2458245.000 2458245.293359 0.1068 1361.5337 1.548e-01 6.800e-03 4.491e-02 1.612e-01 1337.6712 1.521e-01 6.800e-03 8.474e-02 1.741e-01 0
20180507.500 2458246.000 2458246.002072 0.3033 1361.5251 1.548e-01 6.800e-03 4.067e-02 1.601e-01 1337.2008 1.520e-01 6.800e-03 2.023e-01 2.531e-01 0
20180508.500 2458247.000 2458247.002138 0.2863 1361.5539 1.549e-01 6.800e-03 5.512e-02 1.645e-01 1336.5831 1.521e-01 6.800e-03 1.793e-01 2.351e-01 0
20180509.500 2458248.000 2458247.919270 0.2334 1361.5926 1.549e-01 6.800e-03 6.345e-02 1.674e-01 1336.0356 1.520e-01 6.800e-03 1.579e-01 2.192e-01 0
20180510.500 2458249.000 2458249.069179 0.2503 1361.5975 1.549e-01 6.800e-03 7.504e-02 1.722e-01 1335.3170 1.520e-01 6.800e-03 1.799e-01 2.355e-01 0
20180511.500 2458250.000 2458250.007829 0.2967 1361.5777 1.549e-01 6.800e-03 4.861e-02 1.624e-01 1334.7166 1.519e-01 6.800e-03 2.013e-01 2.522e-01 0
20180512.500 2458251.000 2458250.925380 0.2491 1361.5853 1.549e-01 6.800e-03 4.938e-02 1.626e-01 1334.1647 1.518e-01 6.800e-03 1.608e-01 2.211e-01 0
20180513.500 2458252.000 2458252.433145 0.0333 1361.5512 1.549e-01 6.800e-03 4.394e-02 1.611e-01 1333.2327 1.517e-01 6.800e-03 4.073e-02 1.571e-01 0
20180514.500 2458253.000 2458253.027176 0.2951 1361.5707 1.549e-01 6.800e-03 4.513e-02 1.614e-01 1332.9060 1.517e-01 6.800e-03 1.717e-01 2.291e-01 0
20180515.500 2458254.000 2458253.995505 0.2814 1361.5456 1.549e-01 6.800e-03 5.006e-02 1.628e-01 1332.3262 1.516e-01 6.800e-03 1.580e-01 2.190e-01 0
20180516.500 2458255.000 2458254.721792 0.1291 1361.5360 1.549e-01 6.800e-03 6.066e-02 1.664e-01 1331.9079 1.516e-01 6.800e-03 9.598e-02 1.794e-01 0
20180517.500 2458256.000 2458255.807020 0.1451 1361.5592 1.549e-01 6.800e-03 5.123e-02 1.632e-01 1331.3330 1.515e-01 6.800e-03 9.303e-02 1.778e-01 0
20180518.500 2458257.000 2458257.025930 0.2597 1361.5801 1.549e-01 6.800e-03 4.971e-02 1.627e-01 1330.7001 1.514e-01 6.800e-03 1.413e-01 2.071e-01 0
20180519.500 2458258.000 2458257.788070 0.2035 1361.5583 1.549e-01 6.800e-03 3.602e-02 1.591e-01 1330.2794 1.514e-01 6.800e-03 1.186e-01 1.923e-01 0
20180520.500 2458259.000 2458259.000000 0.0000    0.0000 0.000e+00 0.000e+00 0.000e+00 0.000e+00    0.0000 0.000e+00 0.000e+00 0.000e+00 0.000e+00 0
20180521.500 2458260.000 2458260.000000 0.0000    0.0000 0.000e+00 0.000e+00 0.000e+00 0.000e+00    0.0000 0.000e+00 0.000e+00 0.000e+00 0.000e+00 0
20180522.500 2458261.000 2458261.000000 0.0000    0.0000 0.000e+00 0.000e+00 0.000e+00 0.000e+00    0.0000 0.000e+00 0.000e+00 0.000e+00 0.000e+00 0
20180523.500 2458262.000 2458262.283263 0.1581 1361.5331 1.551e-01 6.800e-03 2.669e-02 1.574e-01 1328.0281 1.513e-01 6.800e-03 8.268e-02 1.724e-01 0
20180524.500 2458263.000 2458262.578733 0.0536 1361.4960 1.551e-01 6.800e-03 4.218e-02 1.607e-01 1327.8521 1.512e-01 6.800e-03 2.409e-02 1.531e-01 0
20180525.500 2458264.000 2458264.195476 0.1675 1361.6669 1.551e-01 6.800e-03 5.833e-02 1.657e-01 1327.2671 1.512e-01 6.800e-03 1.024e-01 1.826e-01 0
20180526.500 2458265.000 2458264.998916 0.2954 1361.6528 1.551e-01 6.800e-03 4.681e-02 1.620e-01 1326.8873 1.511e-01 6.800e-03 1.372e-01 2.041e-01 0
20180527.500 2458266.000 2458266.010111 0.2786 1361.6354 1.551e-01 6.800e-03 4.867e-02 1.625e-01 1326.4160 1.511e-01 6.800e-03 1.443e-01 2.089e-01 0
20180528.500 2458267.000 2458266.991976 0.2983 1361.5466 1.551e-01 6.800e-03 6.863e-02 1.696e-01 1325.8954 1.510e-01 6.800e-03 1.780e-01 2.335e-01 0
20180529.500 2458268.000 2458268.001774 0.2822 1361.5351 1.551e-01 6.800e-03 5.236e-02 1.637e-01 1325.4448 1.510e-01 6.800e-03 1.162e-01 1.905e-01 0
20180530.500 2458269.000 2458268.991404 0.2930 1361.5622 1.551e-01 6.800e-03 4.751e-02 1.622e-01 1325.0475 1.509e-01 6.800e-03 1.391e-01 2.053e-01 0
20180531.500 2458270.000 2458269.798367 0.1661 1361.5552 1.551e-01 6.800e-03 4.362e-02 1.611e-01 1324.7003 1.509e-01 6.800e-03 8.271e-02 1.721e-01 0
20180601.500 2458271.000 2458271.304139 0.1107 1361.6172 1.551e-01 6.800e-03 5.019e-02 1.630e-01 1324.1391 1.508e-01 6.800e-03 5.319e-02 1.599e-01 0
20180602.500 2458272.000 2458272.013183 0.2935 1361.6499 1.551e-01 6.800e-03 4.827e-02 1.624e-01 1323.8848 1.508e-01 6.800e-03 1.133e-01 1.886e-01 0
20180603.500 2458273.000 2458272.645016 0.0797 1361.6936 1.551e-01 6.800e-03 5.371e-02 1.641e-01 1323.6754 1.508e-01 6.800e-03 5.577e-02 1.608e-01 0
20180604.500 2458274.000 2458274.422840 0.0529 1361.6075 1.552e-01 6.800e-03 4.334e-02 1.612e-01 1322.9033 1.508e-01 6.800e-03 5.486e-02 1.605e-01 0
20180605.500 2458275.000 2458275.007680 0.2852 1361.5787 1.552e-01 6.800e-03 5.825e-02 1.658e-01 1322.6559 1.508e-01 6.800e-03 1.490e-01 2.120e-01 0
20180606.500 2458276.000 2458276.013750 0.3123 1361.5329 1.552e-01 6.800e-03 4.177e-02 1.607e-01 1322.2419 1.507e-01 6.800e-03 1.129e-01 1.883e-01 0
20180607.500 2458277.000 2458276.898888 0.2236 1361.5518 1.552e-01 6.800e-03 4.627e-02 1.620e-01 1321.9438 1.507e-01 6.800e-03 9.046e-02 1.758e-01 0
20180608.500 2458278.000 2458278.000000 0.0000    0.0000 0.000e+00 0.000e+00 0.000e+00 0.000e+00    0.0000 0.000e+00 0.000e+00 0.000e+00 0.000e+00 0
20180609.500 2458279.000 2458279.256977 0.1354 1361.5235 1.552e-01 6.800e-03 4.733e-02 1.623e-01 1321.1203 1.506e-01 6.800e-03 6.371e-02 1.635e-01 0
20180610.500 2458280.000 2458279.997280 0.2908 1361.5131 1.552e-01 6.800e-03 4.492e-02 1.616e-01 1320.8759 1.506e-01 6.800e-03 9.652e-02 1.789e-01 0
20180611.500 2458281.000 2458280.999252 0.2899 1361.5489 1.552e-01 6.800e-03 4.917e-02 1.628e-01 1320.6054 1.505e-01 6.800e-03 1.013e-01 1.815e-01 0
20180612.500 2458282.000 2458281.996300 0.2883 1361.5709 1.552e-01 6.800e-03 4.843e-02 1.626e-01 1320.3378 1.505e-01 6.800e-03 7.766e-02 1.694e-01 0
20180613.500 2458283.000 2458283.002436 0.2917 1361.6102 1.552e-01 6.800e-03 4.782e-02 1.624e-01 1320.1000 1.505e-01 6.800e-03 8.875e-02 1.747e-01 0
20180614.500 2458284.000 2458283.974524 0.2732 1361.6103 1.552e-01 6.800e-03 4.806e-02 1.625e-01 1319.8487 1.505e-01 6.800e-03 8.505e-02 1.728e-01 0
20180615.500 2458285.000 2458285.005911 0.2961 1361.5772 1.552e-01 6.800e-03 5.349e-02 1.642e-01 1319.5664 1.504e-01 6.800e-03 1.048e-01 1.833e-01 0
20180616.500 2458286.000 2458286.002617 0.2791 1361.5471 1.554e-01 6.800e-03 5.002e-02 1.632e-01 1319.3111 1.505e-01 6.800e-03 7.132e-02 1.666e-01 0
20180617.500 2458287.000 2458286.998248 0.2972 1361.5510 1.554e-01 6.800e-03 4.867e-02 1.628e-01 1319.1042 1.505e-01 6.800e-03 8.092e-02 1.709e-01 0
20180618.500 2458288.000 2458287.999976 0.2789 1361.5160 1.553e-01 6.800e-03 5.612e-02 1.652e-01 1318.8727 1.505e-01 6.800e-03 8.660e-02 1.736e-01 0
20180619.500 2458289.000 2458288.992325 0.2976 1361.5209 1.553e-01 6.800e-03 5.177e-02 1.637e-01 1318.6952 1.505e-01 6.800e-03 6.848e-02 1.653e-01 0
20180620.500 2458290.000 2458289.998364 0.2761 1361.4648 1.553e-01 6.800e-03 5.726e-02 1.656e-01 1318.4689 1.504e-01 6.800e-03 8.661e-02 1.736e-01 0
20180621.500 2458291.000 2458290.990422 0.4053 1361.4796 1.553e-01 6.800e-03 7.554e-02 1.727e-01 1318.3262 1.504e-01 6.800e-03 5.015e-02 1.586e-01 0
20180622.500 2458292.000 2458291.999639 0.2823 1361.5505 1.554e-01 6.800e-03 5.083e-02 1.635e-01 1318.2454 1.504e-01 6.800e-03 6.011e-02 1.620e-01 0
20180623.500 2458293.000 2458292.997024 0.2974 1361.5367 1.554e-01 6.800e-03 5.022e-02 1.633e-01 1318.0955 1.504e-01 6.800e-03 6.707e-02 1.647e-01 0
20180624.500 2458294.000 2458294.002976 0.2904 1361.5480 1.554e-01 6.800e-03 4.686e-02 1.623e-01 1317.9788 1.504e-01 6.800e-03 5.306e-02 1.595e-01 0
20180625.500 2458295.000 2458294.938741 0.2510 1361.5818 1.554e-01 6.800e-03 4.442e-02 1.616e-01 1317.9015 1.504e-01 6.800e-03 4.694e-02 1.575e-01 0
20180626.500 2458296.000 2458296.360390 0.0870 1361.6233 1.554e-01 6.800e-03 3.971e-02 1.604e-01 1317.7900 1.504e-01 6.800e-03 3.756e-02 1.550e-01 0
20180627.500 2458297.000 2458296.999617 0.2896 1361.6339 1.555e-01 6.800e-03 4.863e-02 1.629e-01 1317.7386 1.505e-01 6.800e-03 6.110e-02 1.624e-01 0
20180628.500 2458298.000 2458298.013978 0.3007 1361.6063 1.555e-01 6.800e-03 4.773e-02 1.627e-01 1317.6210 1.505e-01 6.800e-03 5.901e-02 1.616e-01 0
20180629.500 2458299.000 2458299.012141 0.2875 1361.5871 1.555e-01 6.800e-03 4.716e-02 1.625e-01 1317.5221 1.505e-01 6.800e-03 5.010e-02 1.586e-01 0
20180630.500 2458300.000 2458300.007223 0.2992 1361.5597 1.555e-01 6.800e-03 5.165e-02 1.638e-01 1317.4248 1.504e-01 6.800e-03 5.854e-02 1.614e-01 0
20180701.500 2458301.000 2458301.002295 0.2778 1361.5309 1.555e-01 6.800e-03 5.069e-02 1.635e-01 1317.3353 1.504e-01 6.800e-03 5.607e-02 1.605e-01 0
20180702.500 2458302.000 2458301.678643 0.1106 1361.4867 1.555e-01 6.800e-03 3.743e-02 1.599e-01 1317.2559 1.504e-01 6.800e-03 3.536e-02 1.545e-01 0
20180703.500 2458303.000 2458303.220651 0.1511 1361.4584 1.555e-01 6.800e-03 4.400e-02 1.616e-01 1317.1630 1.504e-01 6.800e-03 4.329e-02 1.565e-01 0
20180704.500 2458304.000 2458304.015492 0.2967 1361.4849 1.555e-01 6.800e-03 4.492e-02 1.618e-01 1317.1650 1.504e-01 6.800e-03 4.307e-02 1.565e-01 0
20180705.500 2458305.000 2458304.996181 0.2823 1361.4920 1.555e-01 6.800e-03 4.936e-02 1.631e-01 1317.1520 1.504e-01 6.800e-03 4.837e-02 1.580e-01 0
20180706.500 2458306.000 2458305.993664 0.2935 1361.4806 1.555e-01 6.800e-03 4.471e-02 1.618e-01 1317.1324 1.504e-01 6.800e-03 4.300e-02 1.564e-01 0
20180707.500 2458307.000 2458306.996969 0.2861 1361.4999 1.555e-01 6.800e-03 5.416e-02 1.646e-01 1317.1550 1.504e-01 6.800e-03 5.356e-02 1.597e-01 0
20180708.500 2458308.000 2458307.994171 0.2903 1361.5592 1.556e-01 6.800e-03 4.751e-02 1.627e-01 1317.2294 1.506e-01 6.800e-03 4.802e-02 1.580e-01 0
20180709.500 2458309.000 2458308.532886 0.0064 1361.5692 1.556e-01 6.800e-03 2.663e-02 1.579e-01 1317.2535 1.506e-01 6.800e-03 2.576e-02 1.527e-01 0
20180710.500 2458310.000 2458310.000000 0.0000    0.0000 0.000e+00 0.000e+00 0.000e+00 0.000e+00    0.0000 0.000e+00 0.000e+00 0.000e+00 0.000e+00 0
20180711.500 2458311.000 2458311.000000 0.0000    0.0000 0.000e+00 0.000e+00 0.000e+00 0.000e+00    0.0000 0.000e+00 0.000e+00 0.000e+00 0.000e+00 0
20180712.500 2458312.000 2458311.976694 0.1850 1361.6320 1.556e-01 6.800e-03 5.648e-02 1.656e-01 1317.5146 1.506e-01 6.800e-03 5.173e-02 1.592e-01 0
20180713.500 2458313.000 2458313.008677 0.2942 1361.6024 1.556e-01 6.800e-03 4.860e-02 1.630e-01 1317.5836 1.506e-01 6.800e-03 5.425e-02 1.601e-01 0
20180714.500 2458314.000 2458314.011410 0.2830 1361.5816 1.556e-01 6.800e-03 5.676e-02 1.657e-01 1317.6748 1.506e-01 6.800e-03 6.372e-02 1.635e-01 0
20180715.500 2458315.000 2458314.712275 0.1299 1361.6079 1.556e-01 6.800e-03 5.383e-02 1.647e-01 1317.7873 1.506e-01 6.800e-03 5.970e-02 1.620e-01 0
20180716.500 2458316.000 2458316.249682 0.1282 1361.6660 1.556e-01 6.800e-03 4.116e-02 1.610e-01 1318.0624 1.507e-01 6.800e-03 4.842e-02 1.582e-01 0
20180717.500 2458317.000 2458316.938759 0.2790 1361.7116 1.556e-01 6.800e-03 5.099e-02 1.638e-01 1318.2167 1.507e-01 6.800e-03 7.244e-02 1.672e-01 0
20180718.500 2458318.000 2458317.544249 0.0000 1361.7632 1.558e-01 6.800e-03 0.000e+00 1.558e-01 1318.3680 1.508e-01 6.800e-03 0.000e+00 1.508e-01 0
20180719.500 2458319.000 2458319.000000 0.0000    0.0000 0.000e+00 0.000e+00 0.000e+00 0.000e+00    0.0000 0.000e+00 0.000e+00 0.000e+00 0.000e+00 0
20180720.500 2458320.000 2458320.000000 0.0000    0.0000 0.000e+00 0.000e+00 0.000e+00 0.000e+00    0.0000 0.000e+00 0.000e+00 0.000e+00 0.000e+00 0
20180721.500 2458321.000 2458321.000000 0.0000    0.0000 0.000e+00 0.000e+00 0.000e+00 0.000e+00    0.0000 0.000e+00 0.000e+00 0.000e+00 0.000e+00 0
20180722.500 2458322.000 2458322.035416 0.0871 1361.5986 1.558e-01 6.800e-03 3.634e-02 1.599e-01 1319.1076 1.509e-01 6.800e-03 5.200e-02 1.596e-01 0
20180723.500 2458323.000 2458323.346199 0.0942 1361.5789 1.558e-01 6.800e-03 4.776e-02 1.629e-01 1319.3923 1.509e-01 6.800e-03 3.155e-02 1.542e-01 0
20180724.500 2458324.000 2458324.004471 0.2781 1361.5683 1.558e-01 6.800e-03 4.241e-02 1.614e-01 1319.5411 1.510e-01 6.800e-03 9.196e-02 1.768e-01 0
20180725.500 2458325.000 2458325.062096 0.2920 1361.5283 1.558e-01 6.800e-03 4.873e-02 1.632e-01 1319.7658 1.510e-01 6.800e-03 8.034e-02 1.710e-01 0
20180726.500 2458326.000 2458325.801619 0.1672 1361.5488 1.558e-01 6.800e-03 4.421e-02 1.619e-01 1319.9756 1.510e-01 6.800e-03 6.006e-02 1.625e-01 0
20180727.500 2458327.000 2458327.339868 0.0926 1361.5352 1.558e-01 6.800e-03 4.605e-02 1.624e-01 1320.3730 1.511e-01 6.800e-03 4.865e-02 1.587e-01 0
20180728.500 2458328.000 2458328.001372 0.2871 1361.5113 1.559e-01 6.800e-03 4.749e-02 1.630e-01 1320.5328 1.512e-01 6.800e-03 8.476e-02 1.733e-01 0
20180729.500 2458329.000 2458328.996795 0.2877 1361.5172 1.559e-01 6.800e-03 4.751e-02 1.630e-01 1320.8205 1.512e-01 6.800e-03 1.012e-01 1.820e-01 0
20180730.500 2458330.000 2458330.018053 0.2977 1361.5410 1.559e-01 6.800e-03 4.555e-02 1.624e-01 1321.1417 1.513e-01 6.800e-03 1.122e-01 1.883e-01 0
20180731.500 2458331.000 2458331.002513 0.2844 1361.5473 1.559e-01 6.800e-03 4.733e-02 1.629e-01 1321.4435 1.513e-01 6.800e-03 1.002e-01 1.815e-01 0
20180801.500 2458332.000 2458332.008301 0.2950 1361.5278 1.559e-01 6.800e-03 4.257e-02 1.616e-01 1321.7357 1.513e-01 6.800e-03 9.844e-02 1.805e-01 0
20180802.500 2458333.000 2458333.004883 0.2793 1361.5286 1.559e-01 6.800e-03 5.570e-02 1.655e-01 1322.0539 1.514e-01 6.800e-03 8.669e-02 1.744e-01 0
20180803.500 2458334.000 2458333.810036 0.1850 1361.4934 1.559e-01 6.800e-03 4.734e-02 1.629e-01 1322.2829 1.514e-01 6.800e-03 8.376e-02 1.730e-01 0
20180804.500 2458335.000 2458335.352160 0.0729 1361.5441 1.559e-01 6.800e-03 3.945e-02 1.608e-01 1322.8551 1.515e-01 6.800e-03 4.303e-02 1.575e-01 0
20180805.500 2458336.000 2458335.995825 0.2971 1361.5836 1.559e-01 6.800e-03 4.868e-02 1.633e-01 1323.1200 1.515e-01 6.800e-03 1.251e-01 1.965e-01 0
20180806.500 2458337.000 2458336.997862 0.2810 1361.5919 1.559e-01 6.800e-03 5.037e-02 1.638e-01 1323.4896 1.515e-01 6.800e-03 1.086e-01 1.864e-01 0
20180807.500 2458338.000 2458338.062396 0.2622 1361.6167 1.560e-01 6.800e-03 4.470e-02 1.623e-01 1323.9114 1.517e-01 6.800e-03 1.135e-01 1.895e-01 0
20180808.500 2458339.000 2458339.024899 0.2660 1361.6063 1.560e-01 6.800e-03 5.679e-02 1.661e-01 1324.2737 1.518e-01 6.800e-03 1.109e-01 1.880e-01 0
20180809.500 2458340.000 2458339.912865 0.2156 1361.5984 1.560e-01 6.800e-03 5.502e-02 1.655e-01 1324.6210 1.518e-01 6.800e-03 8.370e-02 1.733e-01 0
20180810.500 2458341.000 2458341.044507 0.2648 1361.5743 1.560e-01 6.800e-03 4.654e-02 1.628e-01 1325.0666 1.519e-01 6.800e-03 1.194e-01 1.932e-01 0
20180811.500 2458342.000 2458341.963319 0.2772 1361.5345 1.560e-01 6.800e-03 4.935e-02 1.637e-01 1325.4225 1.519e-01 6.800e-03 1.232e-01 1.956e-01 0
20180812.500 2458343.000 2458343.004474 0.2949 1361.5739 1.560e-01 6.800e-03 4.686e-02 1.629e-01 1325.9231 1.520e-01 6.800e-03 1.499e-01 2.135e-01 0
20180813.500 2458344.000 2458343.983585 0.2779 1361.6142 1.560e-01 6.800e-03 5.351e-02 1.650e-01 1326.4111 1.520e-01 6.800e-03 1.481e-01 2.122e-01 0
20180814.500 2458345.000 2458345.003579 0.2969 1361.5898 1.560e-01 6.800e-03 4.702e-02 1.630e-01 1326.8691 1.521e-01 6.800e-03 1.470e-01 2.115e-01 0
20180815.500 2458346.000 2458346.002153 0.2807 1361.5935 1.560e-01 6.800e-03 4.631e-02 1.628e-01 1327.3573 1.521e-01 6.800e-03 1.293e-01 1.996e-01 0
20180816.500 2458347.000 2458346.742973 0.1476 1361.5530 1.562e-01 6.800e-03 4.464e-02 1.624e-01 1327.6851 1.523e-01 6.800e-03 8.991e-02 1.768e-01 0
20180817.500 2458348.000 2458348.257595 0.1290 1361.5100 1.562e-01 6.800e-03 5.290e-02 1.649e-01 1328.4137 1.524e-01 6.800e-03 7.932e-02 1.718e-01 0
20180818.500 2458349.000 2458348.996349 0.2980 1361.5256 1.562e-01 6.800e-03 4.588e-02 1.628e-01 1328.8138 1.524e-01 6.800e-03 1.580e-01 2.195e-01 0
20180819.500 2458350.000 2458350.032484 0.2789 1361.5388 1.562e-01 6.800e-03 5.403e-02 1.652e-01 1329.3747 1.525e-01 6.800e-03 1.589e-01 2.202e-01 0
20180820.500 2458351.000 2458350.575108 0.0532 1361.5459 1.562e-01 6.800e-03 4.598e-02 1.628e-01 1329.6720 1.525e-01 6.800e-03 5.144e-02 1.610e-01 0
20180821.500 2458352.000 2458352.124454 0.2059 1361.5344 1.562e-01 6.800e-03 4.504e-02 1.625e-01 1330.5043 1.526e-01 6.800e-03 1.090e-01 1.875e-01 0
20180822.500 2458353.000 2458353.001274 0.2939 1361.5321 1.562e-01 6.800e-03 4.677e-02 1.630e-01 1330.9874 1.527e-01 6.800e-03 1.638e-01 2.239e-01 0
20180823.500 2458354.000 2458353.537278 0.0053 1361.5523 1.562e-01 6.800e-03 7.107e-02 1.716e-01 1331.3061 1.527e-01 6.800e-03 7.216e-02 1.689e-01 0
20180824.500 2458355.000 2458355.053225 0.2600 1361.4916 1.562e-01 6.800e-03 4.918e-02 1.637e-01 1332.1030 1.528e-01 6.800e-03 1.523e-01 2.157e-01 0
20180825.500 2458356.000 2458356.003932 0.2887 1361.4249 1.563e-01 6.800e-03 5.632e-02 1.661e-01 1332.5814 1.530e-01 6.800e-03 1.684e-01 2.275e-01 0
20180826.500 2458357.000 2458357.002735 0.2888 1361.5168 1.563e-01 6.800e-03 5.912e-02 1.671e-01 1333.2480 1.531e-01 6.800e-03 2.042e-01 2.552e-01 0
20180827.500 2458358.000 2458358.133115 0.2716 1361.5346 1.563e-01 6.800e-03 3.985e-02 1.613e-01 1333.9244 1.531e-01 6.800e-03 1.558e-01 2.184e-01 0
20180828.500 2458359.000 2458359.003820 0.2852 1361.5262 1.563e-01 6.800e-03 5.032e-02 1.642e-01 1334.4282 1.532e-01 6.800e-03 1.601e-01 2.216e-01 0
20180829.500 2458360.000 2458360.007044 0.2943 1361.5066 1.563e-01 6.800e-03 5.023e-02 1.642e-01 1335.0039 1.533e-01 6.800e-03 1.729e-01 2.310e-01 0
20180830.500 2458361.000 2458360.501967 0.0013 1361.4358 1.563e-01 6.800e-03 3.095e-02 1.593e-01 1335.2295 1.533e-01 6.800e-03 3.084e-02 1.564e-01 0
20180831.500 2458362.000 2458362.487777 0.0071 1361.5773 1.563e-01 6.800e-03 3.529e-02 1.602e-01 1336.5670 1.534e-01 6.800e-03 3.567e-02 1.575e-01 0
20180901.500 2458363.000 2458363.047149 0.2899 1361.5589 1.563e-01 6.800e-03 4.834e-02 1.636e-01 1336.8911 1.535e-01 6.800e-03 1.876e-01 2.424e-01 0
20180902.500 2458364.000 2458363.999638 0.2963 1361.5663 1.563e-01 6.800e-03 4.992e-02 1.641e-01 1337.4850 1.535e-01 6.800e-03 1.932e-01 2.468e-01 0
20180903.500 2458365.000 2458364.995914 0.2786 1361.5876 1.564e-01 6.800e-03 4.368e-02 1.624e-01 1338.1264 1.538e-01 6.800e-03 1.780e-01 2.352e-01 0
20180904.500 2458366.000 2458365.995641 0.2975 1361.5527 1.564e-01 6.800e-03 4.682e-02 1.633e-01 1338.7225 1.538e-01 6.800e-03 1.847e-01 2.404e-01 0
20180905.500 2458367.000 2458366.961995 0.2600 1361.5312 1.564e-01 6.800e-03 5.171e-02 1.648e-01 1339.3184 1.539e-01 6.800e-03 1.806e-01 2.373e-01 0
20180906.500 2458368.000 2458368.000000 0.0000    0.0000 0.000e+00 0.000e+00 0.000e+00 0.000e+00    0.0000 0.000e+00 0.000e+00 0.000e+00 0.000e+00 0
20180907.500 2458369.000 2458369.029900 0.2664 1361.5188 1.564e-01 6.800e-03 4.463e-02 1.627e-01 1340.6563 1.540e-01 6.800e-03 1.740e-01 2.324e-01 0
20180908.500 2458370.000 2458369.965764 0.2798 1361.5275 1.564e-01 6.800e-03 5.566e-02 1.660e-01 1341.2902 1.541e-01 6.800e-03 1.994e-01 2.520e-01 0
20180909.500 2458371.000 2458370.998994 0.2890 1361.5479 1.564e-01 6.800e-03 5.207e-02 1.649e-01 1342.0114 1.542e-01 6.800e-03 2.068e-01 2.580e-01 0
20180910.500 2458372.000 2458372.002591 0.3033 1361.5791 1.564e-01 6.800e-03 4.993e-02 1.642e-01 1342.7338 1.543e-01 6.800e-03 2.209e-01 2.695e-01 0
20180911.500 2458373.000 2458373.059522 0.3034 1361.5684 1.566e-01 6.800e-03 5.332e-02 1.654e-01 1343.4628 1.545e-01 6.800e-03 2.140e-01 2.639e-01 0
20180912.500 2458374.000 2458373.988361 0.2799 1361.5767 1.566e-01 6.800e-03 5.244e-02 1.651e-01 1344.1296 1.546e-01 6.800e-03 2.115e-01 2.619e-01 0
20180913.500 2458375.000 2458374.920456 0.2673 1361.5783 1.566e-01 6.800e-03 4.963e-02 1.643e-01 1344.8000 1.547e-01 6.800e-03 2.052e-01 2.570e-01 0
20180914.500 2458376.000 2458375.888771 0.2880 1361.5701 1.566e-01 6.800e-03 4.729e-02 1.636e-01 1345.4942 1.547e-01 6.800e-03 2.140e-01 2.641e-01 0
20180915.500 2458377.000 2458377.004401 0.2919 1361.5675 1.566e-01 6.800e-03 5.390e-02 1.656e-01 1346.3090 1.548e-01 6.800e-03 2.091e-01 2.602e-01 0
20180916.500 2458378.000 2458377.999850 0.2787 1361.5711 1.566e-01 6.800e-03 5.621e-02 1.664e-01 1347.0485 1.549e-01 6.800e-03 2.090e-01 2.602e-01 0
20180917.500 2458379.000 2458378.997772 0.2984 1361.5695 1.566e-01 6.800e-03 4.976e-02 1.643e-01 1347.7899 1.550e-01 6.800e-03 2.307e-01 2.780e-01 0
20180918.500 2458380.000 2458379.939517 0.3875 1361.5559 1.566e-01 6.800e-03 5.237e-02 1.651e-01 1348.4819 1.551e-01 6.800e-03 2.571e-01 3.002e-01 0
20180919.500 2458381.000 2458380.998369 0.2974 1361.5185 1.567e-01 6.800e-03 5.119e-02 1.649e-01 1349.2416 1.553e-01 6.800e-03 2.345e-01 2.812e-01 0
20180920.500 2458382.000 2458381.835660 0.1861 1361.5080 1.567e-01 6.800e-03 4.886e-02 1.642e-01 1349.8636 1.554e-01 6.800e-03 1.495e-01 2.156e-01 0
20180921.500 2458383.000 2458383.385840 0.0748 1361.5049 1.567e-01 6.800e-03 4.442e-02 1.629e-01 1351.0353 1.555e-01 6.800e-03 8.579e-02 1.776e-01 0
20180922.500 2458384.000 2458383.997354 0.2793 1361.5077 1.567e-01 6.800e-03 4.126e-02 1.621e-01 1351.5025 1.556e-01 6.800e-03 2.065e-01 2.586e-01 0
20180923.500 2458385.000 2458384.992448 0.2969 1361.4911 1.567e-01 6.800e-03 5.153e-02 1.650e-01 1352.2422 1.556e-01 6.800e-03 2.277e-01 2.758e-01 0
20180924.500 2458386.000 2458386.114708 0.2617 1361.4741 1.567e-01 6.800e-03 4.643e-02 1.634e-01 1353.0786 1.557e-01 6.800e-03 2.076e-01 2.595e-01 0
20180925.500 2458387.000 2458386.999439 0.2939 1361.4790 1.567e-01 6.800e-03 4.544e-02 1.632e-01 1353.7560 1.558e-01 6.800e-03 2.327e-01 2.801e-01 0
20180926.500 2458388.000 2458387.942668 0.2728 1361.5038 1.567e-01 6.800e-03 4.814e-02 1.639e-01 1354.4974 1.559e-01 6.800e-03 2.004e-01 2.539e-01 0
20180927.500 2458389.000 2458388.686041 0.1097 1361.4852 1.567e-01 6.800e-03 4.412e-02 1.628e-01 1355.0433 1.560e-01 6.800e-03 9.603e-02 1.832e-01 0
20180928.500 2458390.000 2458390.090622 0.0324 1361.5456 1.569e-01 6.800e-03 2.891e-02 1.595e-01 1356.1692 1.562e-01 6.800e-03 3.747e-02 1.607e-01 0
20180929.500 2458391.000 2458391.374447 0.0717 1361.5120 1.568e-01 6.800e-03 5.309e-02 1.656e-01 1357.1092 1.563e-01 6.800e-03 7.180e-02 1.720e-01 0
20180930.500 2458392.000 2458392.007872 0.2946 1361.5135 1.568e-01 6.800e-03 5.519e-02 1.663e-01 1357.5909 1.564e-01 6.800e-03 2.236e-01 2.729e-01 0
20181001.500 2458393.000 2458393.005398 0.2807 1361.5143 1.568e-01 6.800e-03 5.705e-02 1.669e-01 1358.3485 1.565e-01 6.800e-03 2.327e-01 2.804e-01 0
20181002.500 2458394.000 2458394.003693 0.2966 1361.5383 1.568e-01 6.800e-03 5.084e-02 1.649e-01 1359.1309 1.566e-01 6.800e-03 2.236e-01 2.730e-01 0
20181003.500 2458395.000 2458394.981649 0.2798 1361.5380 1.568e-01 6.800e-03 4.794e-02 1.640e-01 1359.8750 1.567e-01 6.800e-03 2.026e-01 2.561e-01 0
20181004.500 2458396.000 2458395.611983 0.0727 1361.5533 1.569e-01 6.800e-03 4.760e-02 1.639e-01 1360.3712 1.567e-01 6.800e-03 7.127e-02 1.722e-01 0
20181005.500 2458397.000 2458397.190622 0.1674 1361.5362 1.570e-01 6.800e-03 5.305e-02 1.657e-01 1361.5641 1.570e-01 6.800e-03 1.292e-01 2.033e-01 0
20181006.500 2458398.000 2458397.993459 0.2960 1361.5471 1.570e-01 6.800e-03 5.069e-02 1.650e-01 1362.1939 1.571e-01 6.800e-03 2.381e-01 2.852e-01 0
20181007.500 2458399.000 2458398.997161 0.2835 1361.5586 1.570e-01 6.800e-03 5.087e-02 1.650e-01 1362.9828 1.572e-01 6.800e-03 2.157e-01 2.669e-01 0
20181008.500 2458400.000 2458399.993444 0.2923 1361.5549 1.570e-01 6.800e-03 4.650e-02 1.637e-01 1363.7551 1.572e-01 6.800e-03 2.247e-01 2.743e-01 0
20181009.500 2458401.000 2458401.002464 0.2853 1361.5131 1.570e-01 6.800e-03 4.931e-02 1.645e-01 1364.5033 1.573e-01 6.800e-03 2.214e-01 2.716e-01 0
20181010.500 2458402.000 2458402.013887 0.2852 1361.5232 1.570e-01 6.800e-03 5.069e-02 1.650e-01 1365.3097 1.574e-01 6.800e-03 2.258e-01 2.752e-01 0
20181011.500 2458403.000 2458402.530331 0.0063 1361.4984 1.570e-01 6.800e-03 4.491e-02 1.633e-01 1365.6926 1.575e-01 6.800e-03 4.417e-02 1.635e-01 0
20181012.500 2458404.000 2458404.035085 0.1863 1361.5812 1.570e-01 6.800e-03 5.636e-02 1.668e-01 1366.9690 1.576e-01 6.800e-03 1.440e-01 2.135e-01 0
20181013.500 2458405.000 2458405.000000 0.0000    0.0000 0.000e+00 0.000e+00 0.000e+00 0.000e+00    0.0000 0.000e+00 0.000e+00 0.000e+00 0.000e+00 0
20181014.500 2458406.000 2458405.997279 0.2767 1361.5861 1.571e-01 6.800e-03 5.657e-02 1.670e-01 1368.5363 1.579e-01 6.800e-03 2.191e-01 2.701e-01 0
20181015.500 2458407.000 2458407.002539 0.2975 1361.5735 1.571e-01 6.800e-03 4.980e-02 1.648e-01 1369.3249 1.580e-01 6.800e-03 2.207e-01 2.714e-01 0
20181016.500 2458408.000 2458408.000612 0.2781 1361.5472 1.571e-01 6.800e-03 4.660e-02 1.639e-01 1370.0935 1.581e-01 6.800e-03 2.237e-01 2.739e-01 0
20181017.500 2458409.000 2458408.999833 0.2979 1361.5436 1.571e-01 6.800e-03 5.152e-02 1.654e-01 1370.8844 1.582e-01 6.800e-03 2.318e-01 2.807e-01 0
20181018.500 2458410.000 2458409.999507 0.2783 1361.5199 1.571e-01 6.800e-03 4.319e-02 1.629e-01 1371.6529 1.583e-01 6.800e-03 2.200e-01 2.710e-01 0
20181019.500 2458411.000 2458410.997430 0.2975 1361.5248 1.571e-01 6.800e-03 4.760e-02 1.642e-01 1372.4456 1.584e-01 6.800e-03 2.332e-01 2.819e-01 0
20181020.500 2458412.000 2458411.995598 0.2780 1361.5211 1.571e-01 6.800e-03 5.524e-02 1.665e-01 1373.2260 1.585e-01 6.800e-03 2.229e-01 2.735e-01 0
20181021.500 2458413.000 2458412.994217 0.2975 1361.5334 1.573e-01 6.800e-03 5.065e-02 1.652e-01 1374.0178 1.587e-01 6.800e-03 2.343e-01 2.830e-01 0
20181022.500 2458414.000 2458414.008149 0.2838 1361.5127 1.573e-01 6.800e-03 4.944e-02 1.648e-01 1374.7827 1.588e-01 6.800e-03 2.229e-01 2.737e-01 0
20181023.500 2458415.000 2458414.995994 0.2983 1361.4965 1.573e-01 6.800e-03 4.973e-02 1.649e-01 1375.5254 1.589e-01 6.800e-03 2.386e-01 2.866e-01 0
20181024.500 2458416.000 2458416.140396 0.1975 1361.4926 1.573e-01 6.800e-03 4.965e-02 1.649e-01 1376.3927 1.590e-01 6.800e-03 1.744e-01 2.360e-01 0
20181025.500 2458417.000 2458417.091326 0.2669 1361.5062 1.573e-01 6.800e-03 5.072e-02 1.652e-01 1377.1228 1.591e-01 6.800e-03 2.141e-01 2.667e-01 0
20181026.500 2458418.000 2458417.999090 0.2843 1361.5191 1.573e-01 6.800e-03 4.318e-02 1.631e-01 1377.8132 1.591e-01 6.800e-03 2.080e-01 2.619e-01 0
20181027.500 2458419.000 2458418.998221 0.2925 1361.5402 1.573e-01 6.800e-03 4.675e-02 1.641e-01 1378.5726 1.592e-01 6.800e-03 2.214e-01 2.727e-01 0
20181028.500 2458420.000 2458420.004695 0.2890 1361.5054 1.574e-01 6.800e-03 4.898e-02 1.648e-01 1379.2733 1.594e-01 6.800e-03 2.122e-01 2.655e-01 0
20181029.500 2458421.000 2458421.000015 0.2881 1361.5157 1.574e-01 6.800e-03 5.594e-02 1.670e-01 1380.0043 1.595e-01 6.800e-03 2.199e-01 2.717e-01 0
20181030.500 2458422.000 2458422.006078 0.2925 1361.4920 1.574e-01 6.800e-03 5.087e-02 1.654e-01 1380.7016 1.596e-01 6.800e-03 2.121e-01 2.655e-01 0
20181031.500 2458423.000 2458423.003699 0.2844 1361.5198 1.574e-01 6.800e-03 4.764e-02 1.644e-01 1381.4391 1.597e-01 6.800e-03 2.145e-01 2.674e-01 0
20181101.500 2458424.000 2458423.885910 0.2251 1361.5215 1.574e-01 6.800e-03 4.716e-02 1.643e-01 1382.0635 1.598e-01 6.800e-03 1.701e-01 2.334e-01 0
20181102.500 2458425.000 2458425.000000 0.0000    0.0000 0.000e+00 0.000e+00 0.000e+00 0.000e+00    0.0000 0.000e+00 0.000e+00 0.000e+00 0.000e+00 0
20181103.500 2458426.000 2458426.150673 0.2127 1361.5153 1.574e-01 6.800e-03 5.234e-02 1.659e-01 1383.6395 1.599e-01 6.800e-03 1.528e-01 2.212e-01 0
20181104.500 2458427.000 2458427.002140 0.2785 1361.5184 1.575e-01 6.800e-03 4.915e-02 1.650e-01 1384.2325 1.602e-01 6.800e-03 2.065e-01 2.613e-01 0
20181105.500 2458428.000 2458427.999040 0.2964 1361.4931 1.575e-01 6.800e-03 4.768e-02 1.646e-01 1384.8947 1.602e-01 6.800e-03 2.121e-01 2.659e-01 0
20181106.500 2458429.000 2458428.997685 0.2800 1361.4824 1.575e-01 6.800e-03 5.389e-02 1.665e-01 1385.5701 1.603e-01 6.800e-03 1.991e-01 2.556e-01 0
20181107.500 2458430.000 2458429.770144 0.1657 1361.4942 1.575e-01 6.800e-03 5.428e-02 1.666e-01 1386.1111 1.604e-01 6.800e-03 1.225e-01 2.018e-01 0
20181108.500 2458431.000 2458431.354475 0.0789 1361.4727 1.575e-01 6.800e-03 5.360e-02 1.664e-01 1387.1684 1.605e-01 6.800e-03 7.495e-02 1.771e-01 0
20181109.500 2458432.000 2458431.999061 0.2928 1361.4967 1.575e-01 6.800e-03 5.034e-02 1.654e-01 1387.6294 1.605e-01 6.800e-03 1.930e-01 2.510e-01 0
20181110.500 2458433.000 2458433.002559 0.2870 1361.4936 1.575e-01 6.800e-03 4.999e-02 1.653e-01 1388.3027 1.606e-01 6.800e-03 2.069e-01 2.619e-01 0
20181111.500 2458434.000 2458433.996958 0.2890 1361.4845 1.577e-01 6.800e-03 5.146e-02 1.658e-01 1388.9592 1.608e-01 6.800e-03 1.905e-01 2.493e-01 0
20181112.500 2458435.000 2458435.000623 0.2912 1361.4869 1.577e-01 6.800e-03 4.407e-02 1.637e-01 1389.6284 1.609e-01 6.800e-03 1.969e-01 2.543e-01 0
20181113.500 2458436.000 2458435.997394 0.2853 1361.4743 1.577e-01 6.800e-03 4.930e-02 1.652e-01 1390.2717 1.610e-01 6.800e-03 1.718e-01 2.354e-01 0
20181114.500 2458437.000 2458437.002225 0.2934 1361.4722 1.577e-01 6.800e-03 4.756e-02 1.647e-01 1390.9240 1.611e-01 6.800e-03 2.005e-01 2.572e-01 0
20181115.500 2458438.000 2458437.968499 0.2643 1361.4768 1.577e-01 6.800e-03 4.813e-02 1.648e-01 1391.5508 1.611e-01 6.800e-03 1.881e-01 2.477e-01 0
20181116.500 2458439.000 2458439.004289 0.2976 1361.5104 1.577e-01 6.800e-03 4.661e-02 1.644e-01 1392.2430 1.612e-01 6.800e-03 2.040e-01 2.600e-01 0
20181117.500 2458440.000 2458440.003861 0.2783 1361.5011 1.577e-01 6.800e-03 5.777e-02 1.679e-01 1392.8589 1.613e-01 6.800e-03 1.717e-01 2.355e-01 0
20181118.500 2458441.000 2458440.816070 0.2327 1361.5149 1.578e-01 6.800e-03 5.572e-02 1.673e-01 1393.3736 1.615e-01 6.800e-03 1.534e-01 2.227e-01 0
20181119.500 2458442.000 2458442.000000 0.0000    0.0000 0.000e+00 0.000e+00 0.000e+00 0.000e+00    0.0000 0.000e+00 0.000e+00 0.000e+00 0.000e+00 0
20181120.500 2458443.000 2458443.215665 0.1746 1361.5008 1.578e-01 6.800e-03 4.560e-02 1.643e-01 1394.7938 1.617e-01 6.800e-03 1.110e-01 1.961e-01 0
20181121.500 2458444.000 2458443.930835 0.2415 1361.4877 1.578e-01 6.800e-03 5.018e-02 1.656e-01 1395.1936 1.617e-01 6.800e-03 1.580e-01 2.261e-01 0
20181122.500 2458445.000 2458445.074743 0.2505 1361.5263 1.578e-01 6.800e-03 4.880e-02 1.652e-01 1395.8799 1.618e-01 6.800e-03 1.530e-01 2.227e-01 0
20181123.500 2458446.000 2458446.001701 0.2833 1361.5205 1.578e-01 6.800e-03 5.603e-02 1.675e-01 1396.3844 1.618e-01 6.800e-03 1.636e-01 2.301e-01 0
20181124.500 2458447.000 2458446.997936 0.2934 1361.5075 1.578e-01 6.800e-03 4.529e-02 1.642e-01 1396.9058 1.619e-01 6.800e-03 1.703e-01 2.350e-01 0
20181125.500 2458448.000 2458448.007123 0.2851 1361.5042 1.579e-01 6.800e-03 4.804e-02 1.651e-01 1397.4293 1.621e-01 6.800e-03 1.543e-01 2.238e-01 0
20181126.500 2458449.000 2458448.999692 0.2891 1361.4916 1.579e-01 6.800e-03 5.357e-02 1.668e-01 1397.9203 1.622e-01 6.800e-03 1.450e-01 2.175e-01 0
20181127.500 2458450.000 2458450.000308 0.2912 1361.4890 1.579e-01 6.800e-03 5.626e-02 1.677e-01 1398.4115 1.622e-01 6.800e-03 1.422e-01 2.157e-01 0
20181128.500 2458451.000 2458450.996167 0.2860 1361.4862 1.579e-01 6.800e-03 5.133e-02 1.661e-01 1398.8869 1.623e-01 6.800e-03 1.360e-01 2.117e-01 0
20181129.500 2458452.000 2458452.022695 0.2875 1361.4899 1.579e-01 6.800e-03 5.039e-02 1.658e-01 1399.3704 1.623e-01 6.800e-03 1.403e-01 2.146e-01 0
20181130.500 2458453.000 2458453.000531 0.2807 1361.4923 1.579e-01 6.800e-03 4.428e-02 1.640e-01 1399.8182 1.624e-01 6.800e-03 1.360e-01 2.118e-01 0
20181201.500 2458454.000 2458454.004791 0.2971 1361.4633 1.579e-01 6.800e-03 4.947e-02 1.655e-01 1400.2346 1.624e-01 6.800e-03 1.290e-01 2.074e-01 0
20181202.500 2458455.000 2458455.001816 0.2782 1361.4501 1.581e-01 6.800e-03 4.942e-02 1.656e-01 1400.6537 1.626e-01 6.800e-03 1.200e-01 2.021e-01 0
20181203.500 2458456.000 2458455.611713 0.0724 1361.4444 1.581e-01 6.800e-03 4.621e-02 1.647e-01 1400.9081 1.626e-01 6.800e-03 6.307e-02 1.744e-01 0
20181204.500 2458457.000 2458457.000000 0.0000    0.0000 0.000e+00 0.000e+00 0.000e+00 0.000e+00    0.0000 0.000e+00 0.000e+00 0.000e+00 0.000e+00 0
20181205.500 2458458.000 2458458.086741 0.2040 1361.4808 1.581e-01 6.800e-03 3.965e-02 1.630e-01 1401.9645 1.628e-01 6.800e-03 9.242e-02 1.872e-01 0
20181206.500 2458459.000 2458458.964659 0.2800 1361.4740 1.581e-01 6.800e-03 4.716e-02 1.650e-01 1402.3058 1.628e-01 6.800e-03 1.236e-01 2.044e-01 0
20181207.500 2458460.000 2458459.990653 0.2907 1361.5171 1.581e-01 6.800e-03 5.275e-02 1.666e-01 1402.7487 1.629e-01 6.800e-03 1.226e-01 2.039e-01 0
20181208.500 2458461.000 2458460.689719 0.1083 1361.5629 1.582e-01 6.800e-03 4.847e-02 1.655e-01 1403.0625 1.630e-01 6.800e-03 7.592e-02 1.798e-01 0
20181209.500 2458462.000 2458462.236903 0.1476 1361.5047 1.582e-01 6.800e-03 4.335e-02 1.640e-01 1403.5755 1.631e-01 6.800e-03 5.534e-02 1.722e-01 0
20181210.500 2458463.000 2458462.999917 0.2966 1361.4898 1.582e-01 6.800e-03 5.547e-02 1.676e-01 1403.8339 1.631e-01 6.800e-03 1.334e-01 2.108e-01 0
20181211.500 2458464.000 2458463.781855 0.1522 1361.5083 1.582e-01 6.800e-03 4.997e-02 1.659e-01 1404.1280 1.632e-01 6.800e-03 7.544e-02 1.798e-01 0
20181212.500 2458465.000 2458465.486680 0.0043 1361.5077 1.582e-01 6.800e-03 2.259e-02 1.598e-01 1404.7035 1.632e-01 6.800e-03 2.283e-02 1.648e-01 0
20181213.500 2458466.000 2458466.001880 0.2791 1361.5231 1.582e-01 6.800e-03 5.382e-02 1.671e-01 1404.8864 1.632e-01 6.800e-03 8.544e-02 1.843e-01 0
20181214.500 2458467.000 2458467.000000 0.0000    0.0000 0.000e+00 0.000e+00 0.000e+00 0.000e+00    0.0000 0.000e+00 0.000e+00 0.000e+00 0.000e+00 0
20181215.500 2458468.000 2458468.000000 0.0000    0.0000 0.000e+00 0.000e+00 0.000e+00 0.000e+00    0.0000 0.000e+00 0.000e+00 0.000e+00 0.000e+00 0
20181216.500 2458469.000 2458469.000000 0.0000    0.0000 0.000e+00 0.000e+00 0.000e+00 0.000e+00    0.0000 0.000e+00 0.000e+00 0.000e+00 0.000e+00 0
20181217.500 2458470.000 2458470.000000 0.0000    0.0000 0.000e+00 0.000e+00 0.000e+00 0.000e+00    0.0000 0.000e+00 0.000e+00 0.000e+00 0.000e+00 0
20181218.500 2458471.000 2458471.000000 0.0000    0.0000 0.000e+00 0.000e+00 0.000e+00 0.000e+00    0.0000 0.000e+00 0.000e+00 0.000e+00 0.000e+00 0
20181219.500 2458472.000 2458472.000000 0.0000    0.0000 0.000e+00 0.000e+00 0.000e+00 0.000e+00    0.0000 0.000e+00 0.000e+00 0.000e+00 0.000e+00 0
20181220.500 2458473.000 2458473.000000 0.0000    0.0000 0.000e+00 0.000e+00 0.000e+00 0.000e+00    0.0000 0.000e+00 0.000e+00 0.000e+00 0.000e+00 0
20181221.500 2458474.000 2458474.421427 0.0321 1361.5347 1.585e-01 6.800e-03 2.565e-02 1.605e-01 1407.1024 1.638e-01 6.800e-03 2.454e-02 1.656e-01 0
20181222.500 2458475.000 2458475.040546 0.2880 1361.5173 1.585e-01 6.800e-03 5.249e-02 1.669e-01 1407.1989 1.638e-01 6.800e-03 5.481e-02 1.727e-01 0
20181223.500 2458476.000 2458475.990910 0.2870 1361.4801 1.585e-01 6.800e-03 4.926e-02 1.660e-01 1407.3234 1.638e-01 6.800e-03 6.222e-02 1.752e-01 0
20181224.500 2458477.000 2458476.996989 0.2950 1361.5092 1.585e-01 6.800e-03 5.066e-02 1.664e-01 1407.5074 1.638e-01 6.800e-03 7.267e-02 1.792e-01 0
20181225.500 2458478.000 2458477.998901 0.2832 1361.5271 1.585e-01 6.800e-03 4.859e-02 1.658e-01 1407.6607 1.639e-01 6.800e-03 6.513e-02 1.763e-01 0
20181226.500 2458479.000 2458478.999191 0.2932 1361.5191 1.585e-01 6.800e-03 5.268e-02 1.670e-01 1407.7689 1.639e-01 6.800e-03 6.159e-02 1.751e-01 0
20181227.500 2458480.000 2458479.534088 0.0046 1361.5051 1.585e-01 6.800e-03 4.452e-02 1.646e-01 1407.8104 1.639e-01 6.800e-03 4.623e-02 1.703e-01 0
20181228.500 2458481.000 2458480.692946 0.0051 1361.5420 1.586e-01 6.800e-03 4.071e-02 1.638e-01 1407.9518 1.640e-01 6.800e-03 4.210e-02 1.693e-01 0
20181229.500 2458482.000 2458482.000000 0.0000    0.0000 0.000e+00 0.000e+00 0.000e+00 0.000e+00    0.0000 0.000e+00 0.000e+00 0.000e+00 0.000e+00 0
20181230.500 2458483.000 2458483.175158 0.1849 1361.5256 1.586e-01 6.800e-03 4.833e-02 1.658e-01 1408.0867 1.640e-01 6.800e-03 5.084e-02 1.717e-01 0
20181231.500 2458484.000 2458484.010073 0.2949 1361.5147 1.586e-01 6.800e-03 5.675e-02 1.685e-01 1408.1070 1.640e-01 6.800e-03 5.598e-02 1.733e-01 0
20190101.500 2458485.000 2458485.005637 0.2807 1361.5042 1.586e-01 6.800e-03 5.437e-02 1.677e-01 1408.1225 1.640e-01 6.800e-03 5.545e-02 1.732e-01 0
20190102.500 2458486.000 2458486.007154 0.2968 1361.4749 1.586e-01 6.800e-03 5.035e-02 1.664e-01 1408.1064 1.640e-01 6.800e-03 5.221e-02 1.722e-01 0
20190103.500 2458487.000 2458487.004042 0.2779 1361.4730 1.587e-01 6.800e-03 4.908e-02 1.662e-01 1408.1070 1.642e-01 6.800e-03 5.058e-02 1.718e-01 0
20190104.500 2458488.000 2458488.002031 0.2970 1361.5167 1.588e-01 6.800e-03 5.276e-02 1.673e-01 1408.1432 1.642e-01 6.800e-03 5.501e-02 1.732e-01 0
20190105.500 2458489.000 2458488.999017 0.2787 1361.5006 1.588e-01 6.800e-03 4.621e-02 1.653e-01 1408.1066 1.642e-01 6.800e-03 4.765e-02 1.710e-01 0
20190106.500 2458490.000 2458489.999382 0.2940 1361.4938 1.588e-01 6.800e-03 5.042e-02 1.666e-01 1408.0683 1.642e-01 6.800e-03 5.056e-02 1.718e-01 0
20190107.500 2458491.000 2458490.999958 0.2837 1361.5053 1.588e-01 6.800e-03 4.884e-02 1.661e-01 1408.0380 1.642e-01 6.800e-03 5.029e-02 1.717e-01 0
20190108.500 2458492.000 2458491.996433 0.2928 1361.5129 1.588e-01 6.800e-03 4.675e-02 1.655e-01 1407.9926 1.642e-01 6.800e-03 5.546e-02 1.733e-01 0
20190109.500 2458493.000 2458492.984330 0.2785 1361.4885 1.589e-01 6.800e-03 5.377e-02 1.677e-01 1407.9033 1.643e-01 6.800e-03 5.820e-02 1.743e-01 0
20190110.500 2458494.000 2458494.010977 0.2934 1361.4804 1.589e-01 6.800e-03 4.824e-02 1.660e-01 1407.8162 1.643e-01 6.800e-03 5.448e-02 1.731e-01 0
20190111.500 2458495.000 2458494.949260 0.2595 1361.4864 1.589e-01 6.800e-03 4.842e-02 1.661e-01 1407.7392 1.643e-01 6.800e-03 5.891e-02 1.745e-01 0
20190112.500 2458496.000 2458496.008473 0.2798 1361.4778 1.589e-01 6.800e-03 4.977e-02 1.665e-01 1407.6229 1.643e-01 6.800e-03 6.352e-02 1.761e-01 0
20190113.500 2458497.000 2458496.909185 0.2568 1361.4856 1.589e-01 6.800e-03 4.723e-02 1.658e-01 1407.5282 1.643e-01 6.800e-03 6.247e-02 1.757e-01 0
20190114.500 2458498.000 2458498.000000 0.0000    0.0000 0.000e+00 0.000e+00 0.000e+00 0.000e+00    0.0000 0.000e+00 0.000e+00 0.000e+00 0.000e+00 0
20190115.500 2458499.000 2458498.853048 0.2095 1361.4615 1.590e-01 6.800e-03 4.356e-02 1.649e-01 1407.2426 1.644e-01 6.800e-03 4.927e-02 1.716e-01 0
20190116.500 2458500.000 2458500.009799 0.2814 1361.4777 1.590e-01 6.800e-03 4.666e-02 1.657e-01 1407.0771 1.643e-01 6.800e-03 7.662e-02 1.813e-01 0
20190117.500 2458501.000 2458500.750746 0.2594 1361.4756 1.590e-01 6.800e-03 3.955e-02 1.639e-01 1406.9473 1.643e-01 6.800e-03 5.166e-02 1.723e-01 0
20190118.500 2458502.000 2458501.842860 0.1868 1361.4620 1.590e-01 6.800e-03 4.193e-02 1.645e-01 1406.7284 1.643e-01 6.800e-03 6.231e-02 1.757e-01 0
20190119.500 2458503.000 2458503.388837 0.0720 1361.4455 1.590e-01 6.800e-03 4.743e-02 1.659e-01 1406.3857 1.643e-01 6.800e-03 5.002e-02 1.717e-01 0
20190120.500 2458504.000 2458504.025999 0.2790 1361.4850 1.590e-01 6.800e-03 4.194e-02 1.645e-01 1406.2789 1.643e-01 6.800e-03 9.016e-02 1.874e-01 0
20190121.500 2458505.000 2458505.004391 0.2964 1361.4766 1.592e-01 6.800e-03 5.321e-02 1.678e-01 1406.0298 1.644e-01 6.800e-03 8.763e-02 1.863e-01 0
20190122.500 2458506.000 2458505.737712 0.1287 1361.4880 1.592e-01 6.800e-03 5.059e-02 1.670e-01 1405.8506 1.643e-01 6.800e-03 5.375e-02 1.729e-01 0
20190123.500 2458507.000 2458507.300830 0.1111 1361.4511 1.592e-01 6.800e-03 4.181e-02 1.646e-01 1405.3713 1.643e-01 6.800e-03 4.115e-02 1.694e-01 0
20190124.500 2458508.000 2458508.041312 0.2654 1361.5110 1.592e-01 6.800e-03 4.932e-02 1.666e-01 1405.2089 1.643e-01 6.800e-03 8.945e-02 1.870e-01 0
20190125.500 2458509.000 2458508.734662 0.1563 1361.4774 1.592e-01 6.800e-03 4.019e-02 1.642e-01 1404.9568 1.642e-01 6.800e-03 5.988e-02 1.748e-01 0
20190126.500 2458510.000 2458510.299323 0.1157 1361.4639 1.592e-01 6.800e-03 4.202e-02 1.646e-01 1404.4240 1.642e-01 6.800e-03 4.554e-02 1.704e-01 0
20190127.500 2458511.000 2458510.996400 0.2898 1361.5135 1.593e-01 6.800e-03 5.299e-02 1.679e-01 1404.2321 1.643e-01 6.800e-03 1.157e-01 2.009e-01 0
20190128.500 2458512.000 2458512.001198 0.2899 1361.5774 1.593e-01 6.800e-03 5.670e-02 1.691e-01 1403.9367 1.643e-01 6.800e-03 1.063e-01 1.957e-01 0
20190129.500 2458513.000 2458512.998188 0.2873 1361.5677 1.593e-01 6.800e-03 4.975e-02 1.669e-01 1403.5560 1.642e-01 6.800e-03 1.200e-01 2.034e-01 0
20190130.500 2458514.000 2458514.002886 0.2919 1361.5299 1.593e-01 6.800e-03 5.374e-02 1.681e-01 1403.1316 1.642e-01 6.800e-03 1.522e-01 2.239e-01 0
20190131.500 2458515.000 2458514.997437 0.2845 1361.5162 1.593e-01 6.800e-03 4.460e-02 1.654e-01 1402.7253 1.641e-01 6.800e-03 1.258e-01 2.068e-01 0
20190201.500 2458516.000 2458516.002685 0.2953 1361.5181 1.593e-01 6.800e-03 5.351e-02 1.680e-01 1402.3205 1.641e-01 6.800e-03 1.419e-01 2.169e-01 0
20190202.500 2458517.000 2458517.001190 0.2811 1361.5159 1.594e-01 6.800e-03 4.995e-02 1.671e-01 1401.9048 1.642e-01 6.800e-03 1.396e-01 2.155e-01 0
20190203.500 2458518.000 2458518.002441 0.2966 1361.4870 1.594e-01 6.800e-03 5.111e-02 1.674e-01 1401.4511 1.641e-01 6.800e-03 1.328e-01 2.111e-01 0
20190204.500 2458519.000 2458519.016916 0.2710 1361.4923 1.594e-01 6.800e-03 5.545e-02 1.688e-01 1401.0181 1.641e-01 6.800e-03 1.312e-01 2.100e-01 0
20190205.500 2458520.000 2458519.994803 0.2971 1361.4745 1.594e-01 6.800e-03 5.085e-02 1.673e-01 1400.5687 1.640e-01 6.800e-03 1.261e-01 2.069e-01 0
20190206.500 2458521.000 2458520.990475 0.2779 1361.4677 1.594e-01 6.800e-03 4.697e-02 1.662e-01 1400.1146 1.640e-01 6.800e-03 1.343e-01 2.119e-01 0
20190207.500 2458522.000 2458521.986104 0.2992 1361.4709 1.594e-01 6.800e-03 5.479e-02 1.686e-01 1399.6624 1.639e-01 6.800e-03 1.409e-01 2.161e-01 0
20190208.500 2458523.000 2458522.765289 0.1480 1361.4814 1.596e-01 6.800e-03 4.927e-02 1.670e-01 1399.3111 1.640e-01 6.800e-03 9.326e-02 1.887e-01 0
20190209.500 2458524.000 2458524.376612 0.0725 1361.4890 1.596e-01 6.800e-03 4.250e-02 1.651e-01 1398.5530 1.639e-01 6.800e-03 5.225e-02 1.720e-01 0
20190210.500 2458525.000 2458524.992161 0.2842 1361.4950 1.596e-01 6.800e-03 4.822e-02 1.667e-01 1398.2600 1.639e-01 6.800e-03 1.421e-01 2.169e-01 0
20190211.500 2458526.000 2458526.009502 0.2995 1361.4808 1.596e-01 6.800e-03 4.806e-02 1.666e-01 1397.7438 1.638e-01 6.800e-03 1.398e-01 2.154e-01 0
20190212.500 2458527.000 2458526.990366 0.3336 1361.4842 1.596e-01 6.800e-03 5.520e-02 1.688e-01 1397.2542 1.638e-01 6.800e-03 1.841e-01 2.464e-01 0
20190213.500 2458528.000 2458527.864522 0.2330 1361.4936 1.597e-01 6.800e-03 5.146e-02 1.678e-01 1396.8162 1.638e-01 6.800e-03 1.236e-01 2.052e-01 0
20190214.500 2458529.000 2458529.002453 0.2895 1361.5549 1.597e-01 6.800e-03 4.721e-02 1.665e-01 1396.2834 1.638e-01 6.800e-03 1.579e-01 2.275e-01 0
20190215.500 2458530.000 2458529.739486 0.1385 1361.5535 1.597e-01 6.800e-03 4.767e-02 1.667e-01 1395.8888 1.637e-01 6.800e-03 9.414e-02 1.889e-01 0
20190216.500 2458531.000 2458531.260447 0.1470 1361.5887 1.597e-01 6.800e-03 3.669e-02 1.639e-01 1395.0912 1.636e-01 6.800e-03 7.652e-02 1.806e-01 0
20190217.500 2458532.000 2458532.013232 0.2863 1361.5704 1.597e-01 6.800e-03 4.951e-02 1.672e-01 1394.6482 1.636e-01 6.800e-03 1.850e-01 2.470e-01 0
20190218.500 2458533.000 2458533.004949 0.2938 1361.5652 1.597e-01 6.800e-03 5.251e-02 1.681e-01 1394.0728 1.635e-01 6.800e-03 1.724e-01 2.376e-01 0
20190219.500 2458534.000 2458534.006409 0.2844 1361.5580 1.598e-01 6.800e-03 5.192e-02 1.681e-01 1393.4759 1.636e-01 6.800e-03 1.876e-01 2.489e-01 0
20190220.500 2458535.000 2458535.010904 0.2985 1361.5508 1.598e-01 6.800e-03 5.294e-02 1.684e-01 1392.8633 1.635e-01 6.800e-03 1.951e-01 2.546e-01 0
20190221.500 2458536.000 2458536.019605 0.2820 1361.5616 1.598e-01 6.800e-03 4.873e-02 1.671e-01 1392.2529 1.635e-01 6.800e-03 1.752e-01 2.396e-01 0
20190222.500 2458537.000 2458537.013969 0.2979 1361.5659 1.598e-01 6.800e-03 4.722e-02 1.667e-01 1391.6317 1.634e-01 6.800e-03 1.915e-01 2.517e-01 0
20190223.500 2458538.000 2458538.014090 0.2784 1361.5728 1.598e-01 6.800e-03 5.432e-02 1.688e-01 1390.9978 1.633e-01 6.800e-03 1.972e-01 2.561e-01 0
20190224.500 2458539.000 2458539.010555 0.2974 1361.5631 1.600e-01 6.800e-03 4.830e-02 1.671e-01 1390.3384 1.634e-01 6.800e-03 1.926e-01 2.525e-01 0
20190225.500 2458540.000 2458540.008992 0.2781 1361.5348 1.600e-01 6.800e-03 5.725e-02 1.699e-01 1389.6490 1.633e-01 6.800e-03 2.035e-01 2.609e-01 0
20190226.500 2458541.000 2458540.519651 0.0056 1361.5682 1.600e-01 6.800e-03 4.055e-02 1.650e-01 1389.3422 1.632e-01 6.800e-03 4.072e-02 1.682e-01 0
20190227.500 2458542.000 2458542.038589 0.2609 1361.4799 1.600e-01 6.800e-03 5.252e-02 1.684e-01 1388.2247 1.631e-01 6.800e-03 1.903e-01 2.506e-01 0
20190228.500 2458543.000 2458542.984787 0.2976 1361.4870 1.600e-01 6.800e-03 4.578e-02 1.664e-01 1387.5841 1.630e-01 6.800e-03 2.135e-01 2.687e-01 0
20190301.500 2458544.000 2458543.987829 0.2814 1361.4390 1.600e-01 6.800e-03 5.262e-02 1.684e-01 1386.8427 1.630e-01 6.800e-03 2.041e-01 2.611e-01 0
20190302.500 2458545.000 2458544.997048 0.2971 1361.4821 1.601e-01 6.800e-03 4.949e-02 1.676e-01 1386.1847 1.630e-01 6.800e-03 1.972e-01 2.559e-01 0
20190303.500 2458546.000 2458545.672691 0.0913 1361.4832 1.601e-01 6.800e-03 4.631e-02 1.667e-01 1385.7134 1.630e-01 6.800e-03 8.449e-02 1.836e-01 0
20190304.500 2458547.000 2458547.000000 0.0000    0.0000 0.000e+00 0.000e+00 0.000e+00 0.000e+00    0.0000 0.000e+00 0.000e+00 0.000e+00 0.000e+00 0
20190305.500 2458548.000 2458548.000000 0.0000    0.0000 0.000e+00 0.000e+00 0.000e+00 0.000e+00    0.0000 0.000e+00 0.000e+00 0.000e+00 0.000e+00 0
20190306.500 2458549.000 2458549.000000 0.0000    0.0000 0.000e+00 0.000e+00 0.000e+00 0.000e+00    0.0000 0.000e+00 0.000e+00 0.000e+00 0.000e+00 0
20190307.500 2458550.000 2458550.000000 0.0000    0.0000 0.000e+00 0.000e+00 0.000e+00 0.000e+00    0.0000 0.000e+00 0.000e+00 0.000e+00 0.000e+00 0
20190308.500 2458551.000 2458551.000000 0.0000    0.0000 0.000e+00 0.000e+00 0.000e+00 0.000e+00    0.0000 0.000e+00 0.000e+00 0.000e+00 0.000e+00 0
20190309.500 2458552.000 2458552.213450 0.1852 1361.5170 1.603e-01 6.800e-03 5.426e-02 1.692e-01 1381.1005 1.626e-01 6.800e-03 1.573e-01 2.262e-01 0
20190310.500 2458553.000 2458552.977846 0.3062 1361.5012 1.602e-01 6.800e-03 5.180e-02 1.684e-01 1380.5346 1.625e-01 6.800e-03 2.293e-01 2.811e-01 0
20190311.500 2458554.000 2458554.011582 0.2938 1361.5129 1.603e-01 6.800e-03 4.629e-02 1.668e-01 1379.8009 1.624e-01 6.800e-03 2.211e-01 2.743e-01 0
20190312.500 2458555.000 2458554.999663 0.2863 1361.4932 1.602e-01 6.800e-03 4.599e-02 1.667e-01 1379.0655 1.623e-01 6.800e-03 2.198e-01 2.732e-01 0
20190313.500 2458556.000 2458556.051401 0.2912 1361.5110 1.604e-01 6.800e-03 5.576e-02 1.698e-01 1378.3189 1.624e-01 6.800e-03 2.216e-01 2.748e-01 0
20190314.500 2458557.000 2458556.809414 0.1721 1361.5420 1.604e-01 6.800e-03 4.934e-02 1.678e-01 1377.7968 1.623e-01 6.800e-03 1.221e-01 2.031e-01 0
20190315.500 2458558.000 2458558.000000 0.0000    0.0000 0.000e+00 0.000e+00 0.000e+00 0.000e+00    0.0000 0.000e+00 0.000e+00 0.000e+00 0.000e+00 0
20190316.500 2458559.000 2458559.264469 0.1301 1361.5252 1.604e-01 6.800e-03 5.118e-02 1.684e-01 1375.9700 1.621e-01 6.800e-03 1.302e-01 2.079e-01 0
20190317.500 2458560.000 2458560.005788 0.2974 1361.5346 1.604e-01 6.800e-03 4.639e-02 1.670e-01 1375.4265 1.620e-01 6.800e-03 2.218e-01 2.747e-01 0
20190318.500 2458561.000 2458560.908521 0.2222 1361.5169 1.605e-01 6.800e-03 4.632e-02 1.671e-01 1374.7312 1.621e-01 6.800e-03 1.780e-01 2.407e-01 0
20190319.500 2458562.000 2458562.000000 0.0000    0.0000 0.000e+00 0.000e+00 0.000e+00 0.000e+00    0.0000 0.000e+00 0.000e+00 0.000e+00 0.000e+00 0
20190320.500 2458563.000 2458563.423889 0.0329 1361.5003 1.605e-01 6.800e-03 5.407e-02 1.694e-01 1372.7974 1.619e-01 6.800e-03 3.622e-02 1.659e-01 0
20190321.500 2458564.000 2458564.006016 0.2978 1361.4565 1.605e-01 6.800e-03 5.478e-02 1.696e-01 1372.3030 1.618e-01 6.800e-03 2.613e-01 3.073e-01 0
20190322.500 2458565.000 2458564.893758 0.3448 1361.4588 1.605e-01 6.800e-03 4.211e-02 1.659e-01 1371.6148 1.617e-01 6.800e-03 2.605e-01 3.066e-01 0
20190323.500 2458566.000 2458565.743041 0.1475 1361.5323 1.607e-01 6.800e-03 6.229e-02 1.723e-01 1371.0239 1.618e-01 6.800e-03 1.143e-01 1.981e-01 0
20190324.500 2458567.000 2458567.291578 0.1107 1361.5195 1.607e-01 6.800e-03 5.778e-02 1.707e-01 1369.7885 1.616e-01 6.800e-03 1.123e-01 1.968e-01 0
20190325.500 2458568.000 2458568.003198 0.2979 1361.4906 1.607e-01 6.800e-03 5.413e-02 1.695e-01 1369.1939 1.616e-01 6.800e-03 2.603e-01 3.063e-01 0
20190326.500 2458569.000 2458568.603212 0.0497 1361.4623 1.607e-01 6.800e-03 4.941e-02 1.681e-01 1368.6877 1.615e-01 6.800e-03 4.841e-02 1.686e-01 0
20190327.500 2458570.000 2458570.000000 0.0000    0.0000 0.000e+00 0.000e+00 0.000e+00 0.000e+00    0.0000 0.000e+00 0.000e+00 0.000e+00 0.000e+00 0
20190328.500 2458571.000 2458571.138792 0.1992 1361.4676 1.607e-01 6.800e-03 5.119e-02 1.686e-01 1366.6649 1.613e-01 6.800e-03 1.720e-01 2.358e-01 0
20190329.500 2458572.000 2458571.922691 0.3446 1361.4701 1.608e-01 6.800e-03 5.453e-02 1.698e-01 1366.0394 1.613e-01 6.800e-03 2.762e-01 3.199e-01 0
20190330.500 2458573.000 2458573.000576 0.2838 1361.4979 1.608e-01 6.800e-03 5.280e-02 1.692e-01 1365.2042 1.612e-01 6.800e-03 2.238e-01 2.759e-01 0
20190331.500 2458574.000 2458573.984685 0.2863 1361.4823 1.608e-01 6.800e-03 4.566e-02 1.671e-01 1364.4019 1.611e-01 6.800e-03 2.472e-01 2.951e-01 0
20190401.500 2458575.000 2458574.999207 0.2853 1361.4795 1.608e-01 6.800e-03 4.993e-02 1.684e-01 1363.5903 1.610e-01 6.800e-03 2.228e-01 2.749e-01 0
20190402.500 2458576.000 2458575.707276 0.1230 1361.5021 1.608e-01 6.800e-03 4.941e-02 1.682e-01 1363.0499 1.610e-01 6.800e-03 1.057e-01 1.926e-01 0
20190403.500 2458577.000 2458577.327433 0.1006 1361.5181 1.609e-01 6.800e-03 6.077e-02 1.720e-01 1361.7842 1.610e-01 6.800e-03 8.447e-02 1.818e-01 0
20190404.500 2458578.000 2458577.544947 0.0283 1361.5367 1.609e-01 6.800e-03 4.019e-02 1.659e-01 1361.6315 1.609e-01 6.800e-03 5.632e-02 1.705e-01 0
20190405.500 2458579.000 2458579.000000 0.0000    0.0000 0.000e+00 0.000e+00 0.000e+00 0.000e+00    0.0000 0.000e+00 0.000e+00 0.000e+00 0.000e+00 0
20190406.500 2458580.000 2458580.075701 0.2410 1361.5403 1.609e-01 6.800e-03 4.531e-02 1.672e-01 1359.6577 1.607e-01 6.800e-03 1.950e-01 2.527e-01 0
20190407.500 2458581.000 2458581.001881 0.2925 1361.5313 1.609e-01 6.800e-03 4.886e-02 1.682e-01 1358.9327 1.606e-01 6.800e-03 2.319e-01 2.821e-01 0
20190408.500 2458582.000 2458581.689342 0.1160 1361.5389 1.611e-01 6.800e-03 5.075e-02 1.689e-01 1358.4113 1.607e-01 6.800e-03 9.232e-02 1.853e-01 0
20190409.500 2458583.000 2458583.221944 0.0195 1361.5311 1.611e-01 6.800e-03 5.527e-02 1.703e-01 1357.2330 1.606e-01 6.800e-03 5.652e-02 1.702e-01 0
20190410.500 2458584.000 2458583.853118 0.2009 1361.4291 1.611e-01 6.800e-03 6.397e-02 1.733e-01 1356.6524 1.605e-01 6.800e-03 1.966e-01 2.538e-01 0
20190411.500 2458585.000 2458584.738524 0.1438 1361.3095 1.610e-01 6.800e-03 4.681e-02 1.677e-01 1355.8643 1.604e-01 6.800e-03 1.220e-01 2.015e-01 0
20190412.500 2458586.000 2458586.259599 0.1290 1361.1693 1.610e-01 6.800e-03 5.004e-02 1.686e-01 1354.5822 1.602e-01 6.800e-03 1.256e-01 2.036e-01 0
20190413.500 2458587.000 2458586.999384 0.2972 1361.1455 1.612e-01 6.800e-03 4.737e-02 1.680e-01 1354.0055 1.603e-01 6.800e-03 2.297e-01 2.801e-01 0
20190414.500 2458588.000 2458587.998038 0.2786 1361.1845 1.612e-01 6.800e-03 5.743e-02 1.711e-01 1353.2996 1.602e-01 6.800e-03 2.006e-01 2.568e-01 0
20190415.500 2458589.000 2458588.997809 0.2979 1361.2203 1.612e-01 6.800e-03 5.630e-02 1.707e-01 1352.5911 1.601e-01 6.800e-03 2.041e-01 2.594e-01 0
20190416.500 2458590.000 2458589.988760 0.2756 1361.3118 1.612e-01 6.800e-03 5.459e-02 1.702e-01 1351.9456 1.601e-01 6.800e-03 1.776e-01 2.391e-01 0
20190417.500 2458591.000 2458591.001535 0.2776 1361.4145 1.612e-01 6.800e-03 5.736e-02 1.711e-01 1351.2951 1.600e-01 6.800e-03 1.900e-01 2.484e-01 0
20190418.500 2458592.000 2458591.993858 0.2794 1361.4851 1.613e-01 6.800e-03 5.067e-02 1.691e-01 1350.6279 1.600e-01 6.800e-03 1.922e-01 2.501e-01 0
20190419.500 2458593.000 2458592.639927 0.0915 1361.5355 1.613e-01 6.800e-03 4.636e-02 1.679e-01 1350.1979 1.600e-01 6.800e-03 7.008e-02 1.747e-01 0
20190420.500 2458594.000 2458594.187276 0.1671 1361.4999 1.613e-01 6.800e-03 5.247e-02 1.697e-01 1349.0132 1.599e-01 6.800e-03 1.516e-01 2.203e-01 0
20190421.500 2458595.000 2458594.992963 0.2974 1361.4837 1.613e-01 6.800e-03 6.047e-02 1.723e-01 1348.3992 1.598e-01 6.800e-03 2.129e-01 2.662e-01 0
20190422.500 2458596.000 2458595.996922 0.2810 1361.4948 1.613e-01 6.800e-03 5.063e-02 1.691e-01 1347.6661 1.597e-01 6.800e-03 2.248e-01 2.758e-01 0
20190423.500 2458597.000 2458596.989794 0.2923 1361.4664 1.615e-01 6.800e-03 4.209e-02 1.669e-01 1346.9042 1.597e-01 6.800e-03 2.276e-01 2.781e-01 0
20190424.500 2458598.000 2458598.000978 0.2833 1361.4792 1.615e-01 6.800e-03 5.562e-02 1.708e-01 1346.1723 1.597e-01 6.800e-03 2.266e-01 2.772e-01 0
20190425.500 2458599.000 2458598.979220 0.2941 1361.4856 1.615e-01 6.800e-03 5.269e-02 1.699e-01 1345.4619 1.596e-01 6.800e-03 2.233e-01 2.744e-01 0
20190426.500 2458600.000 2458600.000888 0.2856 1361.4644 1.615e-01 6.800e-03 5.410e-02 1.703e-01 1344.6969 1.595e-01 6.800e-03 2.254e-01 2.761e-01 0
20190427.500 2458601.000 2458601.000203 0.2918 1361.4780 1.615e-01 6.800e-03 5.395e-02 1.702e-01 1343.9880 1.594e-01 6.800e-03 2.266e-01 2.770e-01 0
20190428.500 2458602.000 2458602.006371 0.2928 1361.4697 1.616e-01 6.800e-03 4.611e-02 1.681e-01 1343.2589 1.594e-01 6.800e-03 2.127e-01 2.658e-01 0
20190429.500 2458603.000 2458602.740061 0.1404 1361.4687 1.616e-01 6.800e-03 4.844e-02 1.687e-01 1342.7363 1.594e-01 6.800e-03 9.937e-02 1.878e-01 0
20190430.500 2458604.000 2458604.000000 0.0000    0.0000 0.000e+00 0.000e+00 0.000e+00 0.000e+00    0.0000 0.000e+00 0.000e+00 0.000e+00 0.000e+00 0
20190501.500 2458605.000 2458605.000000 0.0000    0.0000 0.000e+00 0.000e+00 0.000e+00 0.000e+00    0.0000 0.000e+00 0.000e+00 0.000e+00 0.000e+00 0
20190502.500 2458606.000 2458606.426517 0.0491 1361.4961 1.617e-01 6.800e-03 4.803e-02 1.687e-01 1340.2108 1.592e-01 6.800e-03 5.921e-02 1.699e-01 0
20190503.500 2458607.000 2458606.979838 0.2795 1361.4945 1.617e-01 6.800e-03 5.151e-02 1.698e-01 1339.8374 1.592e-01 6.800e-03 1.922e-01 2.496e-01 0
20190504.500 2458608.000 2458608.005729 0.2947 1361.5095 1.617e-01 6.800e-03 5.458e-02 1.707e-01 1339.1705 1.591e-01 6.800e-03 1.859e-01 2.447e-01 0
20190505.500 2458609.000 2458608.999772 0.2807 1361.5100 1.617e-01 6.800e-03 4.771e-02 1.686e-01 1338.5211 1.590e-01 6.800e-03 1.834e-01 2.428e-01 0
20190506.500 2458610.000 2458609.648732 0.0917 1361.4671 1.617e-01 6.800e-03 5.205e-02 1.699e-01 1338.0600 1.590e-01 6.800e-03 5.291e-02 1.675e-01 0
20190507.500 2458611.000 2458611.312347 0.0795 1361.4444 1.617e-01 6.800e-03 5.009e-02 1.693e-01 1336.9859 1.588e-01 6.800e-03 5.827e-02 1.692e-01 0
20190508.500 2458612.000 2458611.939793 0.2974 1361.4300 1.619e-01 6.800e-03 5.861e-02 1.722e-01 1336.5831 1.589e-01 6.800e-03 1.867e-01 2.452e-01 0
20190509.500 2458613.000 2458612.871841 0.3051 1361.3876 1.619e-01 6.800e-03 5.185e-02 1.700e-01 1335.9714 1.588e-01 6.800e-03 1.844e-01 2.434e-01 0
20190510.500 2458614.000 2458613.994072 0.2966 1361.3751 1.619e-01 6.800e-03 5.201e-02 1.700e-01 1335.2841 1.588e-01 6.800e-03 1.918e-01 2.490e-01 0
20190511.500 2458615.000 2458614.993161 0.2797 1361.3649 1.619e-01 6.800e-03 4.772e-02 1.688e-01 1334.6830 1.587e-01 6.800e-03 1.739e-01 2.355e-01 0
20190512.500 2458616.000 2458615.989443 0.2976 1361.4108 1.619e-01 6.800e-03 5.008e-02 1.694e-01 1334.1473 1.586e-01 6.800e-03 1.634e-01 2.278e-01 0
20190513.500 2458617.000 2458616.999131 0.2759 1361.4379 1.620e-01 6.800e-03 4.722e-02 1.688e-01 1333.5932 1.587e-01 6.800e-03 1.432e-01 2.138e-01 0
20190514.500 2458618.000 2458617.988039 0.3004 1361.5288 1.620e-01 6.800e-03 5.517e-02 1.712e-01 1333.1207 1.586e-01 6.800e-03 1.491e-01 2.177e-01 0
20190515.500 2458619.000 2458618.852636 0.2000 1361.5351 1.620e-01 6.800e-03 4.993e-02 1.695e-01 1332.6408 1.586e-01 6.800e-03 1.149e-01 1.959e-01 0
20190516.500 2458620.000 2458619.616817 0.1063 1361.5733 1.620e-01 6.800e-03 6.551e-02 1.748e-01 1332.2524 1.585e-01 6.800e-03 1.054e-01 1.904e-01 0
20190517.500 2458621.000 2458621.000000 0.0000    0.0000 0.000e+00 0.000e+00 0.000e+00 0.000e+00    0.0000 0.000e+00 0.000e+00 0.000e+00 0.000e+00 0
20190518.500 2458622.000 2458622.000000 0.0000    0.0000 0.000e+00 0.000e+00 0.000e+00 0.000e+00    0.0000 0.000e+00 0.000e+00 0.000e+00 0.000e+00 0
20190519.500 2458623.000 2458623.000000 0.0000    0.0000 0.000e+00 0.000e+00 0.000e+00 0.000e+00    0.0000 0.000e+00 0.000e+00 0.000e+00 0.000e+00 0
20190520.500 2458624.000 2458624.000000 0.0000    0.0000 0.000e+00 0.000e+00 0.000e+00 0.000e+00    0.0000 0.000e+00 0.000e+00 0.000e+00 0.000e+00 0
20190521.500 2458625.000 2458625.440052 0.0009 1361.4878 1.623e-01 6.800e-03 4.109e-02 1.674e-01 1329.0303 1.584e-01 6.800e-03 3.969e-02 1.633e-01 0
20190522.500 2458626.000 2458626.036378 0.2984 1361.4770 1.623e-01 6.800e-03 4.611e-02 1.687e-01 1328.7102 1.584e-01 6.800e-03 1.557e-01 2.221e-01 0
20190523.500 2458627.000 2458626.834121 0.1772 1361.5015 1.623e-01 6.800e-03 4.803e-02 1.692e-01 1328.3234 1.583e-01 6.800e-03 1.133e-01 1.947e-01 0
20190524.500 2458628.000 2458628.386320 0.0977 1361.5110 1.623e-01 6.800e-03 3.018e-02 1.651e-01 1327.5483 1.582e-01 6.800e-03 6.919e-02 1.727e-01 0
20190525.500 2458629.000 2458628.988354 0.2837 1361.4635 1.623e-01 6.800e-03 5.294e-02 1.707e-01 1327.2037 1.582e-01 6.800e-03 1.579e-01 2.235e-01 0
20190526.500 2458630.000 2458629.998350 0.2966 1361.4871 1.623e-01 6.800e-03 5.243e-02 1.705e-01 1326.7335 1.581e-01 6.800e-03 1.538e-01 2.206e-01 0
20190527.500 2458631.000 2458630.998090 0.2810 1361.4836 1.624e-01 6.800e-03 4.636e-02 1.689e-01 1326.2520 1.582e-01 6.800e-03 1.429e-01 2.132e-01 0
20190528.500 2458632.000 2458632.001194 0.2950 1361.4932 1.624e-01 6.800e-03 4.745e-02 1.692e-01 1325.7924 1.582e-01 6.800e-03 1.282e-01 2.036e-01 0
20190529.500 2458633.000 2458632.801438 0.1718 1361.5054 1.624e-01 6.800e-03 5.035e-02 1.701e-01 1325.4381 1.581e-01 6.800e-03 9.950e-02 1.868e-01 0
20190530.500 2458634.000 2458634.465179 0.0024 1361.5054 1.624e-01 6.800e-03 2.795e-02 1.648e-01 1324.7023 1.580e-01 6.800e-03 2.637e-02 1.602e-01 0
20190531.500 2458635.000 2458635.013429 0.3055 1361.5303 1.624e-01 6.800e-03 5.102e-02 1.703e-01 1324.4927 1.580e-01 6.800e-03 1.203e-01 1.986e-01 0
20190601.500 2458636.000 2458635.706602 0.1221 1361.5696 1.626e-01 6.800e-03 4.749e-02 1.694e-01 1324.2397 1.581e-01 6.800e-03 6.921e-02 1.726e-01 0
20190602.500 2458637.000 2458637.302954 0.1154 1361.6261 1.626e-01 6.800e-03 4.434e-02 1.685e-01 1323.6507 1.580e-01 6.800e-03 6.855e-02 1.723e-01 0
20190603.500 2458638.000 2458637.768055 0.1677 1361.6439 1.626e-01 6.800e-03 5.252e-02 1.709e-01 1323.4874 1.580e-01 6.800e-03 7.389e-02 1.744e-01 0
20190604.500 2458639.000 2458639.000000 0.0000    0.0000 0.000e+00 0.000e+00 0.000e+00 0.000e+00    0.0000 0.000e+00 0.000e+00 0.000e+00 0.000e+00 0
20190605.500 2458640.000 2458640.336995 0.0914 1361.6651 1.627e-01 6.800e-03 4.571e-02 1.690e-01 1322.5675 1.580e-01 6.800e-03 6.505e-02 1.709e-01 0
20190606.500 2458641.000 2458640.886421 0.2445 1361.6455 1.627e-01 6.800e-03 4.575e-02 1.690e-01 1322.3603 1.580e-01 6.800e-03 9.437e-02 1.841e-01 0
20190607.500 2458642.000 2458642.000632 0.2866 1361.6382 1.627e-01 6.800e-03 4.931e-02 1.700e-01 1321.9842 1.580e-01 6.800e-03 9.976e-02 1.868e-01 0
20190608.500 2458643.000 2458643.000967 0.2918 1361.6390 1.627e-01 6.800e-03 4.953e-02 1.701e-01 1321.6679 1.579e-01 6.800e-03 1.022e-01 1.881e-01 0
20190609.500 2458644.000 2458643.999796 0.2854 1361.6353 1.627e-01 6.800e-03 4.827e-02 1.697e-01 1321.3607 1.579e-01 6.800e-03 9.562e-02 1.846e-01 0
20190610.500 2458645.000 2458645.001002 0.2930 1361.6382 1.629e-01 6.800e-03 5.022e-02 1.704e-01 1321.0713 1.580e-01 6.800e-03 1.026e-01 1.884e-01 0
20190611.500 2458646.000 2458646.000164 0.2842 1361.6148 1.628e-01 6.800e-03 4.934e-02 1.702e-01 1320.7680 1.580e-01 6.800e-03 1.063e-01 1.904e-01 0
20190612.500 2458647.000 2458647.001189 0.2938 1361.5735 1.628e-01 6.800e-03 4.737e-02 1.696e-01 1320.4575 1.579e-01 6.800e-03 9.784e-02 1.858e-01 0
20190613.500 2458648.000 2458648.000927 0.2831 1361.4986 1.628e-01 6.800e-03 5.428e-02 1.716e-01 1320.1245 1.579e-01 6.800e-03 1.027e-01 1.883e-01 0
20190614.500 2458649.000 2458649.004382 0.2953 1361.4819 1.630e-01 6.800e-03 5.237e-02 1.712e-01 1319.8561 1.580e-01 6.800e-03 9.103e-02 1.823e-01 0
20190615.500 2458650.000 2458650.002607 0.2819 1361.4514 1.630e-01 6.800e-03 5.278e-02 1.713e-01 1319.5844 1.580e-01 6.800e-03 7.662e-02 1.756e-01 0
20190616.500 2458651.000 2458651.003055 0.2962 1361.4575 1.630e-01 6.800e-03 5.089e-02 1.707e-01 1319.3560 1.579e-01 6.800e-03 8.198e-02 1.779e-01 0
20190617.500 2458652.000 2458652.004891 0.2814 1361.4519 1.630e-01 6.800e-03 4.915e-02 1.702e-01 1319.1243 1.579e-01 6.800e-03 8.346e-02 1.786e-01 0
20190618.500 2458653.000 2458653.006174 0.2965 1361.4694 1.630e-01 6.800e-03 4.645e-02 1.695e-01 1318.9236 1.579e-01 6.800e-03 7.240e-02 1.737e-01 0
20190619.500 2458654.000 2458654.005927 0.2805 1361.4812 1.631e-01 6.800e-03 4.804e-02 1.700e-01 1318.7263 1.580e-01 6.800e-03 7.863e-02 1.765e-01 0
20190620.500 2458655.000 2458654.650926 0.0919 1361.4689 1.631e-01 6.800e-03 4.524e-02 1.693e-01 1318.5841 1.580e-01 6.800e-03 5.224e-02 1.664e-01 0
20190621.500 2458656.000 2458656.168954 0.1856 1361.4839 1.631e-01 6.800e-03 5.226e-02 1.713e-01 1318.3083 1.579e-01 6.800e-03 5.903e-02 1.686e-01 0
20190622.500 2458657.000 2458657.007706 0.2971 1361.4907 1.631e-01 6.800e-03 4.926e-02 1.704e-01 1318.1645 1.579e-01 6.800e-03 7.862e-02 1.764e-01 0
20190623.500 2458658.000 2458658.007408 0.2793 1361.4718 1.631e-01 6.800e-03 5.160e-02 1.711e-01 1317.9761 1.579e-01 6.800e-03 6.665e-02 1.714e-01 0
20190624.500 2458659.000 2458658.974746 0.2791 1361.4993 1.632e-01 6.800e-03 5.136e-02 1.711e-01 1317.8488 1.580e-01 6.800e-03 5.953e-02 1.689e-01 0
20190625.500 2458660.000 2458660.000000 0.0000    0.0000 0.000e+00 0.000e+00 0.000e+00 0.000e+00    0.0000 0.000e+00 0.000e+00 0.000e+00 0.000e+00 0
20190626.500 2458661.000 2458661.026667 0.2867 1361.4913 1.632e-01 6.800e-03 5.277e-02 1.716e-01 1317.5511 1.580e-01 6.800e-03 6.582e-02 1.711e-01 0
20190627.500 2458662.000 2458662.005222 0.2798 1361.5312 1.632e-01 6.800e-03 5.331e-02 1.717e-01 1317.4703 1.580e-01 6.800e-03 5.170e-02 1.662e-01 0
20190628.500 2458663.000 2458662.925658 0.3437 1361.5482 1.634e-01 6.800e-03 4.702e-02 1.700e-01 1317.3867 1.581e-01 6.800e-03 5.451e-02 1.672e-01 0
20190629.500 2458664.000 2458664.001664 0.2792 1361.5542 1.634e-01 6.800e-03 4.763e-02 1.702e-01 1317.2902 1.581e-01 6.800e-03 4.950e-02 1.656e-01 0
20190630.500 2458665.000 2458665.006083 0.2951 1361.5892 1.634e-01 6.800e-03 4.933e-02 1.707e-01 1317.2446 1.581e-01 6.800e-03 5.145e-02 1.662e-01 0
20190701.500 2458666.000 2458666.013162 0.2834 1361.6146 1.634e-01 6.800e-03 4.975e-02 1.708e-01 1317.2053 1.581e-01 6.800e-03 4.934e-02 1.656e-01 0
20190702.500 2458667.000 2458666.914151 0.3196 1361.6017 1.635e-01 6.800e-03 5.101e-02 1.713e-01 1317.1496 1.582e-01 6.800e-03 5.275e-02 1.668e-01 0
20190703.500 2458668.000 2458668.000000 0.0000    0.0000 0.000e+00 0.000e+00 0.000e+00 0.000e+00    0.0000 0.000e+00 0.000e+00 0.000e+00 0.000e+00 0
20190704.500 2458669.000 2458669.028180 0.2797 1361.5889 1.635e-01 6.800e-03 4.752e-02 1.703e-01 1317.0872 1.582e-01 6.800e-03 4.581e-02 1.647e-01 0
20190705.500 2458670.000 2458669.993054 0.2807 1361.5750 1.635e-01 6.800e-03 5.399e-02 1.722e-01 1317.0752 1.582e-01 6.800e-03 5.261e-02 1.667e-01 0
20190706.500 2458671.000 2458670.971510 0.3172 1361.5771 1.635e-01 6.800e-03 5.354e-02 1.721e-01 1317.0936 1.582e-01 6.800e-03 5.178e-02 1.664e-01 0
20190707.500 2458672.000 2458671.993284 0.2843 1361.5708 1.637e-01 6.800e-03 5.331e-02 1.721e-01 1317.1198 1.583e-01 6.800e-03 5.185e-02 1.666e-01 0
20190708.500 2458673.000 2458673.022983 0.2860 1361.5417 1.637e-01 6.800e-03 4.848e-02 1.707e-01 1317.1390 1.583e-01 6.800e-03 4.513e-02 1.646e-01 0
20190709.500 2458674.000 2458673.992454 0.2789 1361.5228 1.637e-01 6.800e-03 5.338e-02 1.721e-01 1317.1783 1.583e-01 6.800e-03 4.654e-02 1.650e-01 0
20190710.500 2458675.000 2458674.991849 0.2977 1361.5117 1.637e-01 6.800e-03 4.920e-02 1.709e-01 1317.2390 1.583e-01 6.800e-03 5.061e-02 1.662e-01 0
20190711.500 2458676.000 2458675.976268 0.2741 1361.5096 1.638e-01 6.800e-03 4.885e-02 1.709e-01 1317.3185 1.585e-01 6.800e-03 5.074e-02 1.664e-01 0
20190712.500 2458677.000 2458676.968952 0.2899 1361.5040 1.638e-01 6.800e-03 5.363e-02 1.723e-01 1317.4058 1.585e-01 6.800e-03 6.131e-02 1.699e-01 0
20190713.500 2458678.000 2458677.984375 0.2935 1361.4985 1.638e-01 6.800e-03 5.030e-02 1.713e-01 1317.5056 1.585e-01 6.800e-03 6.229e-02 1.703e-01 0
20190714.500 2458679.000 2458678.511999 0.0036 1361.5210 1.638e-01 6.800e-03 3.662e-02 1.678e-01 1317.5855 1.585e-01 6.800e-03 3.558e-02 1.624e-01 0
20190715.500 2458680.000 2458680.136921 0.1857 1361.5287 1.638e-01 6.800e-03 4.187e-02 1.691e-01 1317.7896 1.585e-01 6.800e-03 5.261e-02 1.670e-01 0
20190716.500 2458681.000 2458680.591669 0.0673 1361.5320 1.639e-01 6.800e-03 4.970e-02 1.713e-01 1317.8519 1.587e-01 6.800e-03 4.751e-02 1.656e-01 0
20190717.500 2458682.000 2458682.000000 0.0000    0.0000 0.000e+00 0.000e+00 0.000e+00 0.000e+00    0.0000 0.000e+00 0.000e+00 0.000e+00 0.000e+00 0
20190718.500 2458683.000 2458683.000000 0.0000    0.0000 0.000e+00 0.000e+00 0.000e+00 0.000e+00    0.0000 0.000e+00 0.000e+00 0.000e+00 0.000e+00 0
20190719.500 2458684.000 2458684.000000 0.0000    0.0000 0.000e+00 0.000e+00 0.000e+00 0.000e+00    0.0000 0.000e+00 0.000e+00 0.000e+00 0.000e+00 0
20190720.500 2458685.000 2458684.876071 0.1633 1361.4830 1.641e-01 6.800e-03 4.530e-02 1.702e-01 1318.4535 1.589e-01 6.800e-03 4.400e-02 1.649e-01 0
20190721.500 2458686.000 2458686.000000 0.0000    0.0000 0.000e+00 0.000e+00 0.000e+00 0.000e+00    0.0000 0.000e+00 0.000e+00 0.000e+00 0.000e+00 0
20190722.500 2458687.000 2458687.000000 0.0000    0.0000 0.000e+00 0.000e+00 0.000e+00 0.000e+00    0.0000 0.000e+00 0.000e+00 0.000e+00 0.000e+00 0
20190723.500 2458688.000 2458688.116905 0.2907 1361.5093 1.641e-01 6.800e-03 5.226e-02 1.722e-01 1319.0865 1.589e-01 6.800e-03 7.962e-02 1.778e-01 0
20190724.500 2458689.000 2458688.954061 0.2930 1361.5399 1.642e-01 6.800e-03 4.712e-02 1.708e-01 1319.2910 1.591e-01 6.800e-03 8.150e-02 1.788e-01 0
20190725.500 2458690.000 2458689.749344 0.1286 1361.5441 1.642e-01 6.800e-03 4.311e-02 1.698e-01 1319.4684 1.591e-01 6.800e-03 5.817e-02 1.694e-01 0
20190726.500 2458691.000 2458691.333848 0.1077 1361.5796 1.642e-01 6.800e-03 5.173e-02 1.722e-01 1319.8716 1.592e-01 6.800e-03 5.582e-02 1.687e-01 0
20190727.500 2458692.000 2458691.747563 0.1293 1361.5592 1.642e-01 6.800e-03 4.245e-02 1.696e-01 1319.9535 1.592e-01 6.800e-03 5.905e-02 1.698e-01 0
20190728.500 2458693.000 2458693.301209 0.1112 1361.5877 1.642e-01 6.800e-03 5.260e-02 1.724e-01 1320.3833 1.592e-01 6.800e-03 5.151e-02 1.674e-01 0
20190729.500 2458694.000 2458693.717188 0.1226 1361.5933 1.643e-01 6.800e-03 5.585e-02 1.736e-01 1320.5022 1.594e-01 6.800e-03 6.207e-02 1.710e-01 0
20190730.500 2458695.000 2458695.337975 0.1033 1361.5594 1.643e-01 6.800e-03 4.145e-02 1.695e-01 1320.9360 1.594e-01 6.800e-03 4.825e-02 1.666e-01 0
20190731.500 2458696.000 2458695.613137 0.0539 1361.5713 1.643e-01 6.800e-03 4.481e-02 1.703e-01 1321.0306 1.594e-01 6.800e-03 5.290e-02 1.680e-01 0
20190801.500 2458697.000 2458697.000000 0.0000    0.0000 0.000e+00 0.000e+00 0.000e+00 0.000e+00    0.0000 0.000e+00 0.000e+00 0.000e+00 0.000e+00 0
20190802.500 2458698.000 2458698.097153 0.2213 1361.5535 1.645e-01 6.800e-03 5.091e-02 1.722e-01 1321.8181 1.597e-01 6.800e-03 8.236e-02 1.797e-01 0
20190803.500 2458699.000 2458698.995371 0.2977 1361.5595 1.645e-01 6.800e-03 5.127e-02 1.723e-01 1322.1384 1.597e-01 6.800e-03 1.257e-01 2.032e-01 0
20190804.500 2458700.000 2458699.995689 0.2788 1361.5264 1.645e-01 6.800e-03 4.912e-02 1.716e-01 1322.4701 1.598e-01 6.800e-03 1.211e-01 2.005e-01 0
20190805.500 2458701.000 2458700.995507 0.2972 1361.5166 1.645e-01 6.800e-03 4.670e-02 1.710e-01 1322.8384 1.598e-01 6.800e-03 1.335e-01 2.082e-01 0
20190806.500 2458702.000 2458701.806460 0.1726 1361.5100 1.646e-01 6.800e-03 5.831e-02 1.746e-01 1323.1476 1.600e-01 6.800e-03 8.606e-02 1.816e-01 0
20190807.500 2458703.000 2458703.348995 0.0918 1361.5184 1.646e-01 6.800e-03 4.878e-02 1.717e-01 1323.7784 1.600e-01 6.800e-03 6.155e-02 1.715e-01 0
20190808.500 2458704.000 2458703.995666 0.2811 1361.5253 1.646e-01 6.800e-03 5.239e-02 1.727e-01 1324.0544 1.601e-01 6.800e-03 1.289e-01 2.055e-01 0
20190809.500 2458705.000 2458704.992016 0.2956 1361.5071 1.646e-01 6.800e-03 4.916e-02 1.718e-01 1324.4593 1.601e-01 6.800e-03 1.421e-01 2.141e-01 0
20190810.500 2458706.000 2458705.987751 0.2808 1361.5006 1.647e-01 6.800e-03 4.817e-02 1.716e-01 1324.8844 1.603e-01 6.800e-03 1.269e-01 2.045e-01 0
20190811.500 2458707.000 2458706.992295 0.2956 1361.4833 1.647e-01 6.800e-03 4.614e-02 1.711e-01 1325.3118 1.604e-01 6.800e-03 1.312e-01 2.072e-01 0
20190812.500 2458708.000 2458707.995444 0.2824 1361.4691 1.647e-01 6.800e-03 4.758e-02 1.715e-01 1325.7495 1.604e-01 6.800e-03 1.330e-01 2.084e-01 0
20190813.500 2458709.000 2458708.994224 0.2947 1361.4722 1.647e-01 6.800e-03 4.981e-02 1.721e-01 1326.2098 1.605e-01 6.800e-03 1.534e-01 2.220e-01 0
20190814.500 2458710.000 2458709.995180 0.2832 1361.4730 1.647e-01 6.800e-03 5.033e-02 1.723e-01 1326.6760 1.605e-01 6.800e-03 1.372e-01 2.112e-01 0
20190815.500 2458711.000 2458710.590733 0.0622 1361.4991 1.649e-01 6.800e-03 4.812e-02 1.718e-01 1326.9814 1.607e-01 6.800e-03 5.563e-02 1.701e-01 0
20190816.500 2458712.000 2458712.188483 0.1707 1361.5007 1.649e-01 6.800e-03 3.870e-02 1.694e-01 1327.7468 1.608e-01 6.800e-03 7.774e-02 1.786e-01 0
20190817.500 2458713.000 2458712.993810 0.2948 1361.4853 1.649e-01 6.800e-03 5.150e-02 1.727e-01 1328.1236 1.608e-01 6.800e-03 1.520e-01 2.213e-01 0
20190818.500 2458714.000 2458713.995912 0.2814 1361.5031 1.649e-01 6.800e-03 4.374e-02 1.706e-01 1328.6344 1.609e-01 6.800e-03 1.425e-01 2.149e-01 0
20190819.500 2458715.000 2458714.995235 0.2966 1361.5260 1.650e-01 6.800e-03 5.440e-02 1.738e-01 1329.1558 1.611e-01 6.800e-03 1.632e-01 2.293e-01 0
20190820.500 2458716.000 2458716.019627 0.2765 1361.5126 1.650e-01 6.800e-03 5.174e-02 1.729e-01 1329.6617 1.612e-01 6.800e-03 1.601e-01 2.272e-01 0
20190821.500 2458717.000 2458716.654085 0.1032 1361.5441 1.650e-01 6.800e-03 4.091e-02 1.700e-01 1330.0177 1.612e-01 6.800e-03 7.319e-02 1.770e-01 0
20190822.500 2458718.000 2458717.993995 0.2809 1361.5395 1.650e-01 6.800e-03 4.811e-02 1.719e-01 1330.7112 1.613e-01 6.800e-03 1.448e-01 2.167e-01 0
20190823.500 2458719.000 2458718.579541 0.0565 1361.5278 1.652e-01 6.800e-03 4.593e-02 1.714e-01 1331.0089 1.615e-01 6.800e-03 5.941e-02 1.720e-01 0
20190824.500 2458720.000 2458720.000000 0.0000    0.0000 0.000e+00 0.000e+00 0.000e+00 0.000e+00    0.0000 0.000e+00 0.000e+00 0.000e+00 0.000e+00 0
20190825.500 2458721.000 2458721.452049 0.0311 1361.5249 1.652e-01 6.800e-03 3.499e-02 1.688e-01 1332.5701 1.616e-01 6.800e-03 3.626e-02 1.657e-01 0
20190826.500 2458722.000 2458721.542310 0.0064 1361.5072 1.652e-01 6.800e-03 4.251e-02 1.705e-01 1332.6032 1.616e-01 6.800e-03 3.975e-02 1.665e-01 0
20190827.500 2458723.000 2458723.000000 0.0000    0.0000 0.000e+00 0.000e+00 0.000e+00 0.000e+00    0.0000 0.000e+00 0.000e+00 0.000e+00 0.000e+00 0
20190828.500 2458724.000 2458724.000000 0.0000    0.0000 0.000e+00 0.000e+00 0.000e+00 0.000e+00    0.0000 0.000e+00 0.000e+00 0.000e+00 0.000e+00 0
20190829.500 2458725.000 2458725.445372 0.0331 1361.4882 1.653e-01 6.800e-03 5.133e-02 1.731e-01 1334.8563 1.621e-01 6.800e-03 4.855e-02 1.692e-01 0
20190830.500 2458726.000 2458726.019800 0.2767 1361.4951 1.653e-01 6.800e-03 4.679e-02 1.718e-01 1335.2134 1.621e-01 6.800e-03 1.710e-01 2.356e-01 0
20190831.500 2458727.000 2458726.803088 0.1843 1361.5017 1.654e-01 6.800e-03 4.525e-02 1.715e-01 1335.7034 1.623e-01 6.800e-03 1.355e-01 2.114e-01 0
20190901.500 2458728.000 2458728.346528 0.0327 1361.4511 1.654e-01 6.800e-03 3.884e-02 1.699e-01 1336.6284 1.624e-01 6.800e-03 4.938e-02 1.697e-01 0
20190902.500 2458729.000 2458729.474565 0.0061 1361.5112 1.654e-01 6.800e-03 3.060e-02 1.682e-01 1337.4168 1.625e-01 6.800e-03 3.135e-02 1.655e-01 0
20190903.500 2458730.000 2458730.011805 0.2942 1361.5062 1.654e-01 6.800e-03 5.408e-02 1.740e-01 1337.7644 1.625e-01 6.800e-03 2.187e-01 2.725e-01 0
20190904.500 2458731.000 2458731.014318 0.3069 1361.5168 1.656e-01 6.800e-03 4.360e-02 1.712e-01 1338.4390 1.628e-01 6.800e-03 2.076e-01 2.638e-01 0
20190905.500 2458732.000 2458731.900957 0.2270 1361.5105 1.656e-01 6.800e-03 4.862e-02 1.726e-01 1339.0273 1.628e-01 6.800e-03 1.527e-01 2.232e-01 0
20190906.500 2458733.000 2458733.000000 0.0000    0.0000 0.000e+00 0.000e+00 0.000e+00 0.000e+00    0.0000 0.000e+00 0.000e+00 0.000e+00 0.000e+00 0
20190907.500 2458734.000 2458734.389812 0.0463 1361.4983 1.657e-01 6.800e-03 4.381e-02 1.714e-01 1340.7145 1.632e-01 6.800e-03 4.863e-02 1.703e-01 0
20190908.500 2458735.000 2458734.991208 0.3026 1361.4972 1.657e-01 6.800e-03 5.002e-02 1.731e-01 1341.1299 1.632e-01 6.800e-03 2.163e-01 2.709e-01 0
20190909.500 2458736.000 2458736.027772 0.2725 1361.5047 1.657e-01 6.800e-03 4.930e-02 1.729e-01 1341.8587 1.633e-01 6.800e-03 2.025e-01 2.602e-01 0
20190910.500 2458737.000 2458736.992081 0.3005 1361.5125 1.657e-01 6.800e-03 5.136e-02 1.735e-01 1342.5417 1.634e-01 6.800e-03 2.177e-01 2.722e-01 0
20190911.500 2458738.000 2458737.992555 0.2782 1361.4855 1.657e-01 6.800e-03 5.163e-02 1.735e-01 1343.2193 1.635e-01 6.800e-03 1.915e-01 2.518e-01 0
20190912.500 2458739.000 2458738.976402 0.2965 1361.4836 1.658e-01 6.800e-03 5.392e-02 1.744e-01 1343.9131 1.637e-01 6.800e-03 2.285e-01 2.811e-01 0
20190913.500 2458740.000 2458739.992015 0.2790 1361.5129 1.658e-01 6.800e-03 4.382e-02 1.715e-01 1344.6628 1.638e-01 6.800e-03 1.969e-01 2.561e-01 0
20190914.500 2458741.000 2458740.851869 0.2175 1361.4972 1.658e-01 6.800e-03 4.529e-02 1.719e-01 1345.2595 1.639e-01 6.800e-03 1.736e-01 2.387e-01 0
20190915.500 2458742.000 2458742.416824 0.0329 1361.4865 1.660e-01 6.800e-03 5.122e-02 1.737e-01 1346.3672 1.641e-01 6.800e-03 7.003e-02 1.784e-01 0
20190916.500 2458743.000 2458742.996510 0.2976 1361.4995 1.660e-01 6.800e-03 5.820e-02 1.759e-01 1346.7958 1.642e-01 6.800e-03 2.193e-01 2.740e-01 0
20190917.500 2458744.000 2458743.964637 0.2859 1361.5060 1.660e-01 6.800e-03 4.313e-02 1.715e-01 1347.4977 1.643e-01 6.800e-03 2.013e-01 2.598e-01 0
20190918.500 2458745.000 2458744.998039 0.2975 1361.5101 1.660e-01 6.800e-03 5.037e-02 1.734e-01 1348.2465 1.644e-01 6.800e-03 2.243e-01 2.781e-01 0
20190919.500 2458746.000 2458746.004517 0.2790 1361.5049 1.660e-01 6.800e-03 4.592e-02 1.722e-01 1348.9690 1.644e-01 6.800e-03 2.012e-01 2.599e-01 0
20190920.500 2458747.000 2458747.007343 0.2971 1361.5231 1.661e-01 6.800e-03 4.375e-02 1.718e-01 1349.7147 1.647e-01 6.800e-03 2.165e-01 2.720e-01 0
20190921.500 2458748.000 2458748.001869 0.2801 1361.5384 1.661e-01 6.800e-03 4.406e-02 1.719e-01 1350.4545 1.648e-01 6.800e-03 2.083e-01 2.656e-01 0
20190922.500 2458749.000 2458749.004254 0.2969 1361.4999 1.661e-01 6.800e-03 5.138e-02 1.739e-01 1351.1503 1.648e-01 6.800e-03 2.322e-01 2.848e-01 0
20190923.500 2458750.000 2458750.020711 0.2841 1361.4813 1.661e-01 6.800e-03 4.996e-02 1.735e-01 1351.8804 1.649e-01 6.800e-03 2.081e-01 2.655e-01 0
20190924.500 2458751.000 2458750.940033 0.2927 1361.5071 1.662e-01 6.800e-03 4.004e-02 1.710e-01 1352.5872 1.652e-01 6.800e-03 2.223e-01 2.769e-01 0
20190925.500 2458752.000 2458751.678800 0.0906 1361.4876 1.662e-01 6.800e-03 4.088e-02 1.712e-01 1353.1185 1.652e-01 6.800e-03 8.879e-02 1.876e-01 0
20190926.500 2458753.000 2458753.000000 0.0000    0.0000 0.000e+00 0.000e+00 0.000e+00 0.000e+00    0.0000 0.000e+00 0.000e+00 0.000e+00 0.000e+00 0
20190927.500 2458754.000 2458754.203695 0.1612 1361.4815 1.662e-01 6.800e-03 4.340e-02 1.718e-01 1355.0206 1.654e-01 6.800e-03 1.307e-01 2.108e-01 0
20190928.500 2458755.000 2458754.691338 0.1091 1361.4619 1.664e-01 6.800e-03 4.794e-02 1.731e-01 1355.3746 1.656e-01 6.800e-03 1.058e-01 1.965e-01 0
20190929.500 2458756.000 2458756.000000 0.0000    0.0000 0.000e+00 0.000e+00 0.000e+00 0.000e+00    0.0000 0.000e+00 0.000e+00 0.000e+00 0.000e+00 0
20190930.500 2458757.000 2458757.359989 0.0899 1361.4651 1.664e-01 6.800e-03 4.939e-02 1.735e-01 1357.4506 1.659e-01 6.800e-03 6.309e-02 1.775e-01 0
20191001.500 2458758.000 2458758.009031 0.2746 1361.4761 1.664e-01 6.800e-03 4.627e-02 1.727e-01 1357.9725 1.659e-01 6.800e-03 2.302e-01 2.838e-01 0
20191002.500 2458759.000 2458759.000692 0.2977 1361.4758 1.665e-01 6.800e-03 4.920e-02 1.736e-01 1358.7568 1.662e-01 6.800e-03 2.585e-01 3.073e-01 0
20191003.500 2458760.000 2458759.645644 0.0724 1361.5041 1.665e-01 6.800e-03 6.370e-02 1.783e-01 1359.2974 1.662e-01 6.800e-03 9.555e-02 1.917e-01 0
20191004.500 2458761.000 2458761.194123 0.1857 1361.4895 1.665e-01 6.800e-03 5.361e-02 1.749e-01 1360.5190 1.664e-01 6.800e-03 1.554e-01 2.277e-01 0
20191005.500 2458762.000 2458761.891200 0.2655 1361.5037 1.665e-01 6.800e-03 5.643e-02 1.758e-01 1361.0914 1.665e-01 6.800e-03 2.155e-01 2.723e-01 0
20191006.500 2458763.000 2458762.997717 0.2975 1361.4767 1.666e-01 6.800e-03 5.187e-02 1.745e-01 1361.9516 1.667e-01 6.800e-03 2.318e-01 2.855e-01 0
20191007.500 2458764.000 2458763.995082 0.2790 1361.4905 1.666e-01 6.800e-03 5.206e-02 1.746e-01 1362.7653 1.668e-01 6.800e-03 2.391e-01 2.915e-01 0
20191008.500 2458765.000 2458764.994092 0.2971 1361.4947 1.666e-01 6.800e-03 4.792e-02 1.734e-01 1363.5701 1.669e-01 6.800e-03 2.360e-01 2.891e-01 0
20191009.500 2458766.000 2458765.738989 0.1298 1361.4692 1.666e-01 6.800e-03 4.308e-02 1.721e-01 1364.1407 1.670e-01 6.800e-03 1.022e-01 1.958e-01 0
20191010.500 2458767.000 2458767.353484 0.0914 1361.4533 1.668e-01 6.800e-03 4.402e-02 1.725e-01 1365.4125 1.673e-01 6.800e-03 8.826e-02 1.891e-01 0
20191011.500 2458768.000 2458767.993052 0.2784 1361.4705 1.668e-01 6.800e-03 4.505e-02 1.728e-01 1365.9377 1.673e-01 6.800e-03 2.241e-01 2.797e-01 0
20191012.500 2458769.000 2458768.995034 0.2977 1361.4823 1.668e-01 6.800e-03 4.275e-02 1.722e-01 1366.7426 1.674e-01 6.800e-03 2.413e-01 2.937e-01 0
20191013.500 2458770.000 2458769.997333 0.2789 1361.4802 1.668e-01 6.800e-03 5.003e-02 1.741e-01 1367.5300 1.675e-01 6.800e-03 2.199e-01 2.764e-01 0
20191014.500 2458771.000 2458771.000065 0.2979 1361.4930 1.669e-01 6.800e-03 5.412e-02 1.755e-01 1368.3283 1.678e-01 6.800e-03 2.445e-01 2.965e-01 0
20191015.500 2458772.000 2458771.997636 0.2791 1361.5079 1.669e-01 6.800e-03 5.146e-02 1.747e-01 1369.1203 1.679e-01 6.800e-03 2.207e-01 2.773e-01 0
20191016.500 2458773.000 2458772.991423 0.2979 1361.5133 1.669e-01 6.800e-03 5.612e-02 1.761e-01 1369.8951 1.679e-01 6.800e-03 2.409e-01 2.936e-01 0
20191017.500 2458774.000 2458773.994547 0.2815 1361.5222 1.669e-01 6.800e-03 5.080e-02 1.745e-01 1370.6759 1.680e-01 6.800e-03 2.204e-01 2.772e-01 0
20191018.500 2458775.000 2458775.004465 0.2976 1361.5184 1.671e-01 6.800e-03 4.750e-02 1.737e-01 1371.4443 1.683e-01 6.800e-03 2.380e-01 2.915e-01 0
20191019.500 2458776.000 2458776.009418 0.2793 1361.5317 1.671e-01 6.800e-03 5.191e-02 1.749e-01 1372.2220 1.684e-01 6.800e-03 2.118e-01 2.706e-01 0
20191020.500 2458777.000 2458777.004318 0.2952 1361.4962 1.671e-01 6.800e-03 4.801e-02 1.738e-01 1372.9387 1.685e-01 6.800e-03 2.364e-01 2.903e-01 0
20191021.500 2458778.000 2458778.019374 0.2849 1361.5023 1.671e-01 6.800e-03 5.155e-02 1.748e-01 1373.7092 1.686e-01 6.800e-03 2.341e-01 2.885e-01 0
20191022.500 2458779.000 2458778.974289 0.3271 1361.4982 1.672e-01 6.800e-03 4.800e-02 1.739e-01 1374.4213 1.688e-01 6.800e-03 2.386e-01 2.923e-01 0
20191023.500 2458780.000 2458780.009114 0.2796 1361.4711 1.672e-01 6.800e-03 4.962e-02 1.744e-01 1375.1679 1.689e-01 6.800e-03 2.091e-01 2.687e-01 0
20191024.500 2458781.000 2458780.983820 0.2826 1361.4928 1.672e-01 6.800e-03 4.715e-02 1.737e-01 1375.9174 1.690e-01 6.800e-03 2.073e-01 2.674e-01 0
20191025.500 2458782.000 2458782.009269 0.2821 1361.4750 1.673e-01 6.800e-03 5.541e-02 1.763e-01 1376.6640 1.692e-01 6.800e-03 2.317e-01 2.869e-01 0
20191026.500 2458783.000 2458782.985009 0.2816 1361.4859 1.673e-01 6.800e-03 5.253e-02 1.754e-01 1377.4022 1.693e-01 6.800e-03 2.021e-01 2.636e-01 0
20191027.500 2458784.000 2458784.006829 0.2842 1361.4964 1.673e-01 6.800e-03 5.378e-02 1.758e-01 1378.1743 1.694e-01 6.800e-03 2.377e-01 2.919e-01 0
20191028.500 2458785.000 2458784.968971 0.2703 1361.4917 1.673e-01 6.800e-03 5.301e-02 1.755e-01 1378.8867 1.695e-01 6.800e-03 1.921e-01 2.562e-01 0
20191029.500 2458786.000 2458785.968983 0.2653 1361.5059 1.675e-01 6.800e-03 4.969e-02 1.747e-01 1379.6463 1.697e-01 6.800e-03 2.132e-01 2.725e-01 0
20191030.500 2458787.000 2458786.969205 0.2727 1361.4920 1.675e-01 6.800e-03 4.676e-02 1.739e-01 1380.3768 1.698e-01 6.800e-03 2.097e-01 2.698e-01 0
20191031.500 2458788.000 2458787.984943 0.2769 1361.4888 1.675e-01 6.800e-03 4.525e-02 1.735e-01 1381.1283 1.699e-01 6.800e-03 2.101e-01 2.702e-01 0
20191101.500 2458789.000 2458788.780249 0.1640 1361.5033 1.675e-01 6.800e-03 5.376e-02 1.759e-01 1381.7323 1.700e-01 6.800e-03 1.380e-01 2.189e-01 0
20191102.500 2458790.000 2458790.353011 0.0650 1361.5020 1.676e-01 6.800e-03 4.581e-02 1.737e-01 1382.8901 1.702e-01 6.800e-03 6.350e-02 1.817e-01 0
20191103.500 2458791.000 2458790.970579 0.2737 1361.5021 1.676e-01 6.800e-03 4.458e-02 1.734e-01 1383.3422 1.703e-01 6.800e-03 2.015e-01 2.638e-01 0
20191104.500 2458792.000 2458791.645756 0.0808 1361.5097 1.676e-01 6.800e-03 4.228e-02 1.729e-01 1383.8422 1.704e-01 6.800e-03 6.776e-02 1.833e-01 0
20191105.500 2458793.000 2458793.000000 0.0000    0.0000 0.000e+00 0.000e+00 0.000e+00 0.000e+00    0.0000 0.000e+00 0.000e+00 0.000e+00 0.000e+00 0
20191106.500 2458794.000 2458794.000000 0.0000    0.0000 0.000e+00 0.000e+00 0.000e+00 0.000e+00    0.0000 0.000e+00 0.000e+00 0.000e+00 0.000e+00 0
20191107.500 2458795.000 2458795.000000 0.0000    0.0000 0.000e+00 0.000e+00 0.000e+00 0.000e+00    0.0000 0.000e+00 0.000e+00 0.000e+00 0.000e+00 0
20191108.500 2458796.000 2458796.000000 0.0000    0.0000 0.000e+00 0.000e+00 0.000e+00 0.000e+00    0.0000 0.000e+00 0.000e+00 0.000e+00 0.000e+00 0
20191109.500 2458797.000 2458796.975373 0.2634 1361.5035 1.677e-01 6.800e-03 4.257e-02 1.731e-01 1387.6043 1.710e-01 6.800e-03 1.867e-01 2.532e-01 0
20191110.500 2458798.000 2458797.957207 0.2746 1361.5045 1.679e-01 6.800e-03 5.336e-02 1.762e-01 1388.2713 1.712e-01 6.800e-03 1.695e-01 2.409e-01 0
20191111.500 2458799.000 2458798.985366 0.2808 1361.4684 1.679e-01 6.800e-03 5.670e-02 1.772e-01 1388.9210 1.713e-01 6.800e-03 1.973e-01 2.613e-01 0
20191112.500 2458800.000 2458799.986168 0.2802 1361.4964 1.679e-01 6.800e-03 5.318e-02 1.761e-01 1389.6062 1.713e-01 6.800e-03 2.002e-01 2.635e-01 0
20191113.500 2458801.000 2458800.975681 0.2829 1361.5365 1.680e-01 6.800e-03 4.878e-02 1.750e-01 1390.2850 1.716e-01 6.800e-03 1.932e-01 2.583e-01 0
20191114.500 2458802.000 2458801.994908 0.2859 1361.5430 1.680e-01 6.800e-03 5.108e-02 1.756e-01 1390.9364 1.716e-01 6.800e-03 1.832e-01 2.510e-01 0
20191115.500 2458803.000 2458802.687449 0.1064 1361.5335 1.680e-01 6.800e-03 4.570e-02 1.741e-01 1391.3581 1.717e-01 6.800e-03 7.964e-02 1.893e-01 0
20191116.500 2458804.000 2458804.392352 0.0494 1361.5547 1.682e-01 6.800e-03 5.870e-02 1.781e-01 1392.4168 1.720e-01 6.800e-03 5.706e-02 1.812e-01 0
20191117.500 2458805.000 2458804.998985 0.2910 1361.5308 1.681e-01 6.800e-03 4.849e-02 1.750e-01 1392.7527 1.720e-01 6.800e-03 1.764e-01 2.464e-01 0
20191118.500 2458806.000 2458805.994256 0.2987 1361.5166 1.681e-01 6.800e-03 6.266e-02 1.794e-01 1393.3213 1.721e-01 6.800e-03 1.970e-01 2.616e-01 0
20191119.500 2458807.000 2458806.978005 0.2802 1361.5208 1.681e-01 6.800e-03 5.106e-02 1.757e-01 1393.8916 1.721e-01 6.800e-03 1.723e-01 2.436e-01 0
20191120.500 2458808.000 2458807.986093 0.3048 1361.4943 1.681e-01 6.800e-03 5.252e-02 1.762e-01 1394.4346 1.722e-01 6.800e-03 1.853e-01 2.530e-01 0
20191121.500 2458809.000 2458808.801350 0.1642 1361.5466 1.683e-01 6.800e-03 4.322e-02 1.737e-01 1394.9427 1.724e-01 6.800e-03 1.002e-01 1.994e-01 0
20191122.500 2458810.000 2458810.000000 0.0000    0.0000 0.000e+00 0.000e+00 0.000e+00 0.000e+00    0.0000 0.000e+00 0.000e+00 0.000e+00 0.000e+00 0
20191123.500 2458811.000 2458811.424557 0.0512 1361.5079 1.683e-01 6.800e-03 3.480e-02 1.718e-01 1396.3282 1.726e-01 6.800e-03 4.226e-02 1.777e-01 0
20191124.500 2458812.000 2458812.060534 0.2942 1361.4911 1.683e-01 6.800e-03 5.394e-02 1.767e-01 1396.6486 1.726e-01 6.800e-03 1.702e-01 2.424e-01 0
20191125.500 2458813.000 2458812.729344 0.1211 1361.4589 1.684e-01 6.800e-03 4.868e-02 1.753e-01 1396.9685 1.728e-01 6.800e-03 8.103e-02 1.909e-01 0
20191126.500 2458814.000 2458814.301842 0.1205 1361.4989 1.684e-01 6.800e-03 5.174e-02 1.762e-01 1397.8268 1.729e-01 6.800e-03 8.601e-02 1.931e-01 0
20191127.500 2458815.000 2458814.998168 0.2870 1361.4983 1.684e-01 6.800e-03 4.262e-02 1.737e-01 1398.1827 1.730e-01 6.800e-03 1.524e-01 2.305e-01 0
20191128.500 2458816.000 2458815.997345 0.2909 1361.4892 1.686e-01 6.800e-03 5.497e-02 1.773e-01 1398.6791 1.732e-01 6.800e-03 1.604e-01 2.360e-01 0
20191129.500 2458817.000 2458816.696402 0.1106 1361.4673 1.685e-01 6.800e-03 4.362e-02 1.741e-01 1399.0063 1.732e-01 6.800e-03 6.827e-02 1.862e-01 0
20191130.500 2458818.000 2458818.243606 0.1483 1361.4858 1.686e-01 6.800e-03 5.426e-02 1.771e-01 1399.7843 1.733e-01 6.800e-03 8.227e-02 1.918e-01 0
20191201.500 2458819.000 2458818.950199 0.2943 1361.4860 1.686e-01 6.800e-03 4.352e-02 1.741e-01 1400.1237 1.733e-01 6.800e-03 1.456e-01 2.263e-01 0
20191202.500 2458820.000 2458819.705468 0.1263 1361.5013 1.687e-01 6.800e-03 4.733e-02 1.752e-01 1400.4973 1.735e-01 6.800e-03 7.145e-02 1.877e-01 0
20191203.500 2458821.000 2458821.420451 0.0462 1361.4804 1.687e-01 6.800e-03 6.022e-02 1.791e-01 1401.2648 1.736e-01 6.800e-03 5.951e-02 1.835e-01 0
20191204.500 2458822.000 2458821.984903 0.2944 1361.4825 1.687e-01 6.800e-03 5.145e-02 1.764e-01 1401.5186 1.736e-01 6.800e-03 1.322e-01 2.183e-01 0
20191205.500 2458823.000 2458822.994096 0.2889 1361.4900 1.687e-01 6.800e-03 5.659e-02 1.779e-01 1401.9674 1.737e-01 6.800e-03 1.263e-01 2.148e-01 0
20191206.500 2458824.000 2458823.967727 0.2732 1361.5094 1.688e-01 6.800e-03 5.129e-02 1.764e-01 1402.4003 1.739e-01 6.800e-03 1.172e-01 2.097e-01 0
20191207.500 2458825.000 2458824.996457 0.2900 1361.4898 1.688e-01 6.800e-03 4.323e-02 1.743e-01 1402.8019 1.739e-01 6.800e-03 1.269e-01 2.153e-01 0
20191208.500 2458826.000 2458825.676535 0.1014 1361.4740 1.688e-01 6.800e-03 5.087e-02 1.763e-01 1403.0566 1.740e-01 6.800e-03 7.369e-02 1.889e-01 0
20191209.500 2458827.000 2458827.000000 0.0000    0.0000 0.000e+00 0.000e+00 0.000e+00 0.000e+00    0.0000 0.000e+00 0.000e+00 0.000e+00 0.000e+00 0
20191210.500 2458828.000 2458828.237636 0.1481 1361.5207 1.690e-01 6.800e-03 5.044e-02 1.763e-01 1404.0581 1.742e-01 6.800e-03 8.498e-02 1.939e-01 0
20191211.500 2458829.000 2458828.988413 0.2900 1361.5102 1.690e-01 6.800e-03 4.711e-02 1.754e-01 1404.3059 1.743e-01 6.800e-03 1.113e-01 2.068e-01 0
20191212.500 2458830.000 2458829.973027 0.2919 1361.5013 1.690e-01 6.800e-03 5.189e-02 1.768e-01 1404.6219 1.743e-01 6.800e-03 1.070e-01 2.046e-01 0
20191213.500 2458831.000 2458830.973629 0.2781 1361.5286 1.691e-01 6.800e-03 4.217e-02 1.743e-01 1404.9634 1.745e-01 6.800e-03 1.041e-01 2.032e-01 0
20191214.500 2458832.000 2458831.607344 0.0877 1361.6001 1.691e-01 6.800e-03 5.522e-02 1.779e-01 1405.2272 1.745e-01 6.800e-03 5.636e-02 1.834e-01 0
20191215.500 2458833.000 2458833.000000 0.0000    0.0000 0.000e+00 0.000e+00 0.000e+00 0.000e+00    0.0000 0.000e+00 0.000e+00 0.000e+00 0.000e+00 0
20191216.500 2458834.000 2458834.000000 0.0000    0.0000 0.000e+00 0.000e+00 0.000e+00 0.000e+00    0.0000 0.000e+00 0.000e+00 0.000e+00 0.000e+00 0
20191217.500 2458835.000 2458835.000000 0.0000    0.0000 0.000e+00 0.000e+00 0.000e+00 0.000e+00    0.0000 0.000e+00 0.000e+00 0.000e+00 0.000e+00 0
20191218.500 2458836.000 2458836.000000 0.0000    0.0000 0.000e+00 0.000e+00 0.000e+00 0.000e+00    0.0000 0.000e+00 0.000e+00 0.000e+00 0.000e+00 0
20191219.500 2458837.000 2458837.000000 0.0000    0.0000 0.000e+00 0.000e+00 0.000e+00 0.000e+00    0.0000 0.000e+00 0.000e+00 0.000e+00 0.000e+00 0
20191220.500 2458838.000 2458837.987449 0.2669 1361.5120 1.694e-01 6.800e-03 5.129e-02 1.770e-01 1406.6769 1.750e-01 6.800e-03 7.522e-02 1.905e-01 0
20191221.500 2458839.000 2458839.000000 0.0000    0.0000 0.000e+00 0.000e+00 0.000e+00 0.000e+00    0.0000 0.000e+00 0.000e+00 0.000e+00 0.000e+00 0
20191222.500 2458840.000 2458840.000000 0.0000    0.0000 0.000e+00 0.000e+00 0.000e+00 0.000e+00    0.0000 0.000e+00 0.000e+00 0.000e+00 0.000e+00 0
20191223.500 2458841.000 2458841.000000 0.0000    0.0000 0.000e+00 0.000e+00 0.000e+00 0.000e+00    0.0000 0.000e+00 0.000e+00 0.000e+00 0.000e+00 0
20191224.500 2458842.000 2458842.000000 0.0000    0.0000 0.000e+00 0.000e+00 0.000e+00 0.000e+00    0.0000 0.000e+00 0.000e+00 0.000e+00 0.000e+00 0
20191225.500 2458843.000 2458843.000000 0.0000    0.0000 0.000e+00 0.000e+00 0.000e+00 0.000e+00    0.0000 0.000e+00 0.000e+00 0.000e+00 0.000e+00 0
20191226.500 2458844.000 2458844.000000 0.0000    0.0000 0.000e+00 0.000e+00 0.000e+00 0.000e+00    0.0000 0.000e+00 0.000e+00 0.000e+00 0.000e+00 0
20191227.500 2458845.000 2458845.000000 0.0000    0.0000 0.000e+00 0.000e+00 0.000e+00 0.000e+00    0.0000 0.000e+00 0.000e+00 0.000e+00 0.000e+00 0
20191228.500 2458846.000 2458846.000000 0.0000    0.0000 0.000e+00 0.000e+00 0.000e+00 0.000e+00    0.0000 0.000e+00 0.000e+00 0.000e+00 0.000e+00 0
20191229.500 2458847.000 2458847.155713 0.1922 1361.4764 1.696e-01 6.800e-03 4.905e-02 1.766e-01 1407.9512 1.754e-01 6.800e-03 5.006e-02 1.824e-01 0
20191230.500 2458848.000 2458847.670181 0.0997 1361.4648 1.696e-01 6.800e-03 6.073e-02 1.802e-01 1407.9854 1.754e-01 6.800e-03 6.290e-02 1.864e-01 0
20191231.500 2458849.000 2458849.000000 0.0000    0.0000 0.000e+00 0.000e+00 0.000e+00 0.000e+00    0.0000 0.000e+00 0.000e+00 0.000e+00 0.000e+00 0
20200101.500 2458850.000 2458850.249779 0.1471 1361.4752 1.698e-01 6.800e-03 5.247e-02 1.777e-01 1408.1773 1.756e-01 6.800e-03 5.619e-02 1.844e-01 0
20200102.500 2458851.000 2458851.055361 0.2930 1361.4884 1.698e-01 6.800e-03 6.061e-02 1.803e-01 1408.2290 1.756e-01 6.800e-03 6.639e-02 1.877e-01 0
20200103.500 2458852.000 2458852.027803 0.3147 1361.5061 1.699e-01 6.800e-03 4.814e-02 1.766e-01 1408.2811 1.758e-01 6.800e-03 5.044e-02 1.828e-01 0
20200104.500 2458853.000 2458853.035082 0.2869 1361.5417 1.699e-01 6.800e-03 4.776e-02 1.765e-01 1408.3384 1.758e-01 6.800e-03 4.951e-02 1.826e-01 0
20200105.500 2458854.000 2458854.022484 0.3117 1361.5147 1.699e-01 6.800e-03 4.785e-02 1.765e-01 1408.3148 1.758e-01 6.800e-03 4.974e-02 1.827e-01 0
20200106.500 2458855.000 2458855.086396 0.2561 1361.5144 1.699e-01 6.800e-03 4.837e-02 1.767e-01 1408.3019 1.758e-01 6.800e-03 4.899e-02 1.825e-01 0
20200107.500 2458856.000 2458855.614578 0.0743 1361.5554 1.701e-01 6.800e-03 4.259e-02 1.753e-01 1408.3314 1.759e-01 6.800e-03 4.410e-02 1.813e-01 0
20200108.500 2458857.000 2458857.229716 0.1465 1361.5732 1.701e-01 6.800e-03 5.274e-02 1.780e-01 1408.2780 1.759e-01 6.800e-03 5.558e-02 1.845e-01 0
20200109.500 2458858.000 2458858.034782 0.3130 1361.5814 1.701e-01 6.800e-03 4.436e-02 1.758e-01 1408.2324 1.759e-01 6.800e-03 5.539e-02 1.844e-01 0
20200110.500 2458859.000 2458858.692023 0.1258 1361.5710 1.702e-01 6.800e-03 6.368e-02 1.817e-01 1408.1699 1.760e-01 6.800e-03 7.255e-02 1.904e-01 0
20200111.500 2458860.000 2458859.742488 0.1503 1361.5709 1.702e-01 6.800e-03 6.884e-02 1.836e-01 1408.0691 1.760e-01 6.800e-03 7.350e-02 1.907e-01 0
20200112.500 2458861.000 2458861.333070 0.0930 1361.5288 1.702e-01 6.800e-03 5.142e-02 1.778e-01 1407.8336 1.760e-01 6.800e-03 5.709e-02 1.850e-01 0
20200113.500 2458862.000 2458861.534002 0.0004 1361.5012 1.702e-01 6.800e-03 2.350e-02 1.718e-01 1407.7774 1.760e-01 6.800e-03 2.424e-02 1.776e-01 0
20200114.500 2458863.000 2458863.431411 0.0335 1361.5757 1.703e-01 6.800e-03 3.663e-02 1.742e-01 1407.5580 1.761e-01 6.800e-03 3.398e-02 1.793e-01 0
20200115.500 2458864.000 2458864.000000 0.0000    0.0000 0.000e+00 0.000e+00 0.000e+00 0.000e+00    0.0000 0.000e+00 0.000e+00 0.000e+00 0.000e+00 0
20200116.500 2458865.000 2458865.000000 0.0000    0.0000 0.000e+00 0.000e+00 0.000e+00 0.000e+00    0.0000 0.000e+00 0.000e+00 0.000e+00 0.000e+00 0
20200117.500 2458866.000 2458866.000000 0.0000    0.0000 0.000e+00 0.000e+00 0.000e+00 0.000e+00    0.0000 0.000e+00 0.000e+00 0.000e+00 0.000e+00 0
20200118.500 2458867.000 2458867.000000 0.0000    0.0000 0.000e+00 0.000e+00 0.000e+00 0.000e+00    0.0000 0.000e+00 0.000e+00 0.000e+00 0.000e+00 0
20200119.500 2458868.000 2458868.000000 0.0000    0.0000 0.000e+00 0.000e+00 0.000e+00 0.000e+00    0.0000 0.000e+00 0.000e+00 0.000e+00 0.000e+00 0
20200120.500 2458869.000 2458868.830300 0.0018 1361.4998 1.705e-01 6.800e-03 2.473e-02 1.722e-01 1406.3274 1.761e-01 6.800e-03 2.581e-02 1.780e-01 0
20200121.500 2458870.000 2458870.000000 0.0000    0.0000 0.000e+00 0.000e+00 0.000e+00 0.000e+00    0.0000 0.000e+00 0.000e+00 0.000e+00 0.000e+00 0
20200122.500 2458871.000 2458871.366051 0.0727 1361.4926 1.706e-01 6.800e-03 4.375e-02 1.761e-01 1405.6528 1.761e-01 6.800e-03 4.435e-02 1.816e-01 0
20200123.500 2458872.000 2458871.776190 0.1628 1361.4738 1.706e-01 6.800e-03 5.330e-02 1.787e-01 1405.5190 1.761e-01 6.800e-03 8.074e-02 1.937e-01 0
20200124.500 2458873.000 2458873.372249 0.0695 1361.4479 1.707e-01 6.800e-03 5.851e-02 1.805e-01 1405.0318 1.762e-01 6.800e-03 6.458e-02 1.877e-01 0
20200125.500 2458874.000 2458873.687972 0.1119 1361.4930 1.707e-01 6.800e-03 6.037e-02 1.811e-01 1404.9842 1.762e-01 6.800e-03 7.283e-02 1.906e-01 0
20200126.500 2458875.000 2458875.405484 0.0534 1361.4545 1.707e-01 6.800e-03 3.429e-02 1.741e-01 1404.4154 1.761e-01 6.800e-03 3.683e-02 1.799e-01 0
20200127.500 2458876.000 2458875.998835 0.2870 1361.4662 1.707e-01 6.800e-03 4.718e-02 1.771e-01 1404.2376 1.761e-01 6.800e-03 1.004e-01 2.027e-01 0
20200128.500 2458877.000 2458876.992291 0.2877 1361.4710 1.709e-01 6.800e-03 4.615e-02 1.770e-01 1403.9171 1.762e-01 6.800e-03 1.014e-01 2.033e-01 0
20200129.500 2458878.000 2458877.998147 0.2862 1361.5075 1.709e-01 6.800e-03 4.954e-02 1.779e-01 1403.6146 1.762e-01 6.800e-03 1.083e-01 2.068e-01 0
20200130.500 2458879.000 2458878.946442 0.2772 1361.5304 1.709e-01 6.800e-03 5.259e-02 1.788e-01 1403.3077 1.761e-01 6.800e-03 1.077e-01 2.064e-01 0
20200131.500 2458880.000 2458879.768814 0.1484 1361.5312 1.710e-01 6.800e-03 5.823e-02 1.806e-01 1403.0140 1.762e-01 6.800e-03 8.281e-02 1.947e-01 0
20200201.500 2458881.000 2458881.301789 0.1104 1361.5851 1.710e-01 6.800e-03 5.117e-02 1.785e-01 1402.4990 1.762e-01 6.800e-03 7.281e-02 1.906e-01 0
20200202.500 2458882.000 2458881.987064 0.2936 1361.5257 1.710e-01 6.800e-03 4.838e-02 1.777e-01 1402.1730 1.761e-01 6.800e-03 1.272e-01 2.172e-01 0
20200203.500 2458883.000 2458882.745295 0.1436 1361.5352 1.710e-01 6.800e-03 6.273e-02 1.822e-01 1401.8837 1.761e-01 6.800e-03 1.002e-01 2.026e-01 0
20200204.500 2458884.000 2458884.288517 0.1156 1361.5446 1.711e-01 6.800e-03 5.343e-02 1.793e-01 1401.2603 1.761e-01 6.800e-03 8.094e-02 1.938e-01 0
20200205.500 2458885.000 2458884.997433 0.2936 1361.5402 1.711e-01 6.800e-03 4.899e-02 1.780e-01 1400.9532 1.761e-01 6.800e-03 1.275e-01 2.174e-01 0
20200206.500 2458886.000 2458885.636869 0.0725 1361.5399 1.711e-01 6.800e-03 4.390e-02 1.767e-01 1400.6748 1.761e-01 6.800e-03 5.630e-02 1.848e-01 0
20200207.500 2458887.000 2458887.155306 0.2044 1361.5261 1.713e-01 6.800e-03 5.094e-02 1.787e-01 1399.9739 1.761e-01 6.800e-03 1.152e-01 2.105e-01 0
20200208.500 2458888.000 2458887.998092 0.2813 1361.5435 1.713e-01 6.800e-03 4.897e-02 1.781e-01 1399.5951 1.761e-01 6.800e-03 1.303e-01 2.190e-01 0
20200209.500 2458889.000 2458888.998965 0.2973 1361.5432 1.713e-01 6.800e-03 4.853e-02 1.780e-01 1399.1094 1.760e-01 6.800e-03 1.612e-01 2.387e-01 0
20200210.500 2458890.000 2458889.976599 0.2665 1361.5070 1.714e-01 6.800e-03 5.037e-02 1.787e-01 1398.5831 1.761e-01 6.800e-03 1.582e-01 2.367e-01 0
20200211.500 2458891.000 2458891.041789 0.3410 1361.5337 1.714e-01 6.800e-03 5.666e-02 1.805e-01 1398.0603 1.760e-01 6.800e-03 1.664e-01 2.422e-01 0
20200212.500 2458892.000 2458891.992594 0.2799 1361.5174 1.714e-01 6.800e-03 5.137e-02 1.789e-01 1397.5390 1.760e-01 6.800e-03 1.710e-01 2.453e-01 0
20200213.500 2458893.000 2458892.973592 0.2931 1361.5107 1.714e-01 6.800e-03 4.879e-02 1.782e-01 1396.9979 1.759e-01 6.800e-03 1.796e-01 2.514e-01 0
20200214.500 2458894.000 2458893.994667 0.2749 1361.5152 1.716e-01 6.800e-03 5.285e-02 1.795e-01 1396.4335 1.760e-01 6.800e-03 1.698e-01 2.445e-01 0
20200215.500 2458895.000 2458895.040379 0.2769 1361.4832 1.715e-01 6.800e-03 4.838e-02 1.782e-01 1395.8052 1.759e-01 6.800e-03 1.689e-01 2.438e-01 0
20200216.500 2458896.000 2458896.004765 0.2843 1361.4981 1.715e-01 6.800e-03 5.369e-02 1.798e-01 1395.2612 1.758e-01 6.800e-03 1.898e-01 2.587e-01 0
20200217.500 2458897.000 2458897.011171 0.2933 1361.5033 1.717e-01 6.800e-03 5.461e-02 1.802e-01 1394.6736 1.759e-01 6.800e-03 1.664e-01 2.421e-01 0
20200218.500 2458898.000 2458897.646287 0.0809 1361.4990 1.717e-01 6.800e-03 5.197e-02 1.794e-01 1394.2908 1.758e-01 6.800e-03 8.278e-02 1.943e-01 0
20200219.500 2458899.000 2458899.224107 0.1609 1361.4559 1.717e-01 6.800e-03 5.150e-02 1.792e-01 1393.2927 1.757e-01 6.800e-03 1.210e-01 2.133e-01 0
20200220.500 2458900.000 2458899.997977 0.2886 1361.4710 1.718e-01 6.800e-03 5.323e-02 1.799e-01 1392.8339 1.758e-01 6.800e-03 1.830e-01 2.538e-01 0
20200221.500 2458901.000 2458900.996949 0.2901 1361.4995 1.718e-01 6.800e-03 4.612e-02 1.779e-01 1392.2459 1.757e-01 6.800e-03 1.843e-01 2.546e-01 0
20200222.500 2458902.000 2458901.999731 0.2889 1361.4872 1.718e-01 6.800e-03 4.900e-02 1.787e-01 1391.6080 1.756e-01 6.800e-03 1.869e-01 2.564e-01 0
20200223.500 2458903.000 2458903.001943 0.2885 1361.4989 1.718e-01 6.800e-03 4.911e-02 1.787e-01 1390.9897 1.755e-01 6.800e-03 1.990e-01 2.654e-01 0
20200224.500 2458904.000 2458903.999373 0.2899 1361.4911 1.720e-01 6.800e-03 5.065e-02 1.793e-01 1390.3495 1.756e-01 6.800e-03 1.875e-01 2.569e-01 0
20200225.500 2458905.000 2458904.989212 0.2825 1361.4669 1.720e-01 6.800e-03 5.118e-02 1.794e-01 1389.6925 1.755e-01 6.800e-03 1.883e-01 2.574e-01 0
20200226.500 2458906.000 2458905.999020 0.2907 1361.4680 1.720e-01 6.800e-03 5.144e-02 1.795e-01 1389.0438 1.754e-01 6.800e-03 1.856e-01 2.554e-01 0
20200227.500 2458907.000 2458906.984584 0.3026 1361.4653 1.721e-01 6.800e-03 5.135e-02 1.796e-01 1388.4019 1.755e-01 6.800e-03 2.085e-01 2.725e-01 0
20200228.500 2458908.000 2458908.003755 0.2963 1361.4485 1.721e-01 6.800e-03 5.091e-02 1.795e-01 1387.7186 1.754e-01 6.800e-03 1.879e-01 2.570e-01 0
20200229.500 2458909.000 2458909.045081 0.2887 1361.4946 1.721e-01 6.800e-03 5.201e-02 1.798e-01 1387.0793 1.753e-01 6.800e-03 1.960e-01 2.630e-01 0
20200301.500 2458910.000 2458909.998267 0.2930 1361.5073 1.721e-01 6.800e-03 5.094e-02 1.795e-01 1386.4586 1.752e-01 6.800e-03 2.054e-01 2.700e-01 0
20200302.500 2458911.000 2458910.999296 0.2841 1361.5160 1.722e-01 6.800e-03 4.818e-02 1.788e-01 1385.7961 1.753e-01 6.800e-03 1.968e-01 2.636e-01 0
20200303.500 2458912.000 2458911.998604 0.2938 1361.4969 1.722e-01 6.800e-03 4.405e-02 1.778e-01 1385.1001 1.752e-01 6.800e-03 2.104e-01 2.738e-01 0
20200304.500 2458913.000 2458913.000670 0.2849 1361.5024 1.722e-01 6.800e-03 4.894e-02 1.790e-01 1384.4201 1.751e-01 6.800e-03 2.147e-01 2.771e-01 0
20200305.500 2458914.000 2458913.996473 0.2931 1361.4979 1.724e-01 6.800e-03 4.798e-02 1.789e-01 1383.7268 1.752e-01 6.800e-03 1.999e-01 2.658e-01 0
20200306.500 2458915.000 2458914.985836 0.2934 1361.5306 1.724e-01 6.800e-03 5.153e-02 1.799e-01 1383.0677 1.751e-01 6.800e-03 1.921e-01 2.599e-01 0
20200307.500 2458916.000 2458915.944020 0.3150 1361.5166 1.724e-01 6.800e-03 5.439e-02 1.807e-01 1382.3747 1.750e-01 6.800e-03 2.514e-01 3.063e-01 0
20200308.500 2458917.000 2458916.999695 0.2755 1361.4771 1.725e-01 6.800e-03 5.330e-02 1.805e-01 1381.5772 1.750e-01 6.800e-03 2.003e-01 2.660e-01 0
20200309.500 2458918.000 2458917.641530 0.0920 1361.5312 1.725e-01 6.800e-03 6.472e-02 1.842e-01 1381.1666 1.750e-01 6.800e-03 1.109e-01 2.072e-01 0
20200310.500 2458919.000 2458919.336250 0.0694 1361.5434 1.725e-01 6.800e-03 5.080e-02 1.798e-01 1379.9302 1.748e-01 6.800e-03 9.513e-02 1.990e-01 0
20200311.500 2458920.000 2458919.887438 0.2481 1361.5066 1.725e-01 6.800e-03 4.762e-02 1.790e-01 1379.4809 1.748e-01 6.800e-03 2.049e-01 2.693e-01 0
20200312.500 2458921.000 2458920.998059 0.2789 1361.4995 1.726e-01 6.800e-03 4.821e-02 1.792e-01 1378.6358 1.748e-01 6.800e-03 2.209e-01 2.817e-01 0
20200313.500 2458922.000 2458921.996002 0.2970 1361.4973 1.726e-01 6.800e-03 5.214e-02 1.803e-01 1377.8727 1.747e-01 6.800e-03 2.184e-01 2.797e-01 0
20200314.500 2458923.000 2458922.998587 0.2794 1361.5078 1.726e-01 6.800e-03 4.137e-02 1.775e-01 1377.1122 1.746e-01 6.800e-03 2.275e-01 2.868e-01 0
20200315.500 2458924.000 2458924.004548 0.2987 1361.5083 1.728e-01 6.800e-03 4.715e-02 1.791e-01 1376.3334 1.747e-01 6.800e-03 2.410e-01 2.976e-01 0
20200316.500 2458925.000 2458924.999714 0.2788 1361.4917 1.728e-01 6.800e-03 4.987e-02 1.798e-01 1375.5416 1.746e-01 6.800e-03 2.178e-01 2.791e-01 0
20200317.500 2458926.000 2458926.004616 0.2958 1361.5360 1.728e-01 6.800e-03 5.164e-02 1.803e-01 1374.8003 1.745e-01 6.800e-03 2.466e-01 3.021e-01 0
20200318.500 2458927.000 2458927.003937 0.2900 1361.5521 1.729e-01 6.800e-03 4.228e-02 1.780e-01 1374.0327 1.745e-01 6.800e-03 2.235e-01 2.836e-01 0
20200319.500 2458928.000 2458927.815134 0.1854 1361.5526 1.729e-01 6.800e-03 4.382e-02 1.784e-01 1373.3959 1.744e-01 6.800e-03 1.627e-01 2.385e-01 0
20200320.500 2458929.000 2458929.365692 0.0726 1361.5288 1.729e-01 6.800e-03 4.583e-02 1.789e-01 1372.1528 1.743e-01 6.800e-03 8.838e-02 1.954e-01 0
20200321.500 2458930.000 2458930.007389 0.2951 1361.5277 1.731e-01 6.800e-03 4.897e-02 1.798e-01 1371.6475 1.743e-01 6.800e-03 2.439e-01 2.998e-01 0
20200322.500 2458931.000 2458931.005340 0.2848 1361.5433 1.731e-01 6.800e-03 4.628e-02 1.791e-01 1370.8795 1.742e-01 6.800e-03 2.237e-01 2.835e-01 0
20200323.500 2458932.000 2458931.966516 0.2932 1361.5279 1.731e-01 6.800e-03 5.168e-02 1.806e-01 1370.1105 1.741e-01 6.800e-03 2.395e-01 2.961e-01 0
20200324.500 2458933.000 2458932.916810 0.2689 1361.5145 1.730e-01 6.800e-03 5.767e-02 1.824e-01 1369.3534 1.740e-01 6.800e-03 2.088e-01 2.718e-01 0
20200325.500 2458934.000 2458934.009663 0.2931 1361.5318 1.732e-01 6.800e-03 5.020e-02 1.803e-01 1368.5179 1.741e-01 6.800e-03 2.188e-01 2.796e-01 0
20200326.500 2458935.000 2458935.002700 0.2764 1361.5100 1.732e-01 6.800e-03 4.578e-02 1.791e-01 1367.7230 1.740e-01 6.800e-03 2.339e-01 2.915e-01 0
20200327.500 2458936.000 2458936.059363 0.2867 1361.4828 1.732e-01 6.800e-03 4.716e-02 1.795e-01 1366.8756 1.739e-01 6.800e-03 2.230e-01 2.828e-01 0
20200328.500 2458937.000 2458937.045547 0.2948 1361.4766 1.733e-01 6.800e-03 4.760e-02 1.797e-01 1366.1061 1.739e-01 6.800e-03 2.218e-01 2.818e-01 0
20200329.500 2458938.000 2458938.000602 0.2889 1361.4976 1.733e-01 6.800e-03 4.690e-02 1.796e-01 1365.3898 1.738e-01 6.800e-03 2.284e-01 2.870e-01 0
20200330.500 2458939.000 2458938.998252 0.2893 1361.5183 1.733e-01 6.800e-03 6.007e-02 1.834e-01 1364.6419 1.737e-01 6.800e-03 2.043e-01 2.682e-01 0
20200331.500 2458940.000 2458939.993718 0.2865 1361.5025 1.735e-01 6.800e-03 5.673e-02 1.825e-01 1363.8605 1.738e-01 6.800e-03 2.172e-01 2.782e-01 0
20200401.500 2458941.000 2458940.999831 0.2906 1361.5181 1.735e-01 6.800e-03 4.942e-02 1.804e-01 1363.1032 1.737e-01 6.800e-03 2.398e-01 2.961e-01 0
20200402.500 2458942.000 2458941.739609 0.1366 1361.5145 1.735e-01 6.800e-03 5.235e-02 1.812e-01 1362.5316 1.736e-01 6.800e-03 1.072e-01 2.040e-01 0
20200403.500 2458943.000 2458943.278455 0.1298 1361.5302 1.736e-01 6.800e-03 5.699e-02 1.827e-01 1361.3655 1.736e-01 6.800e-03 1.013e-01 2.010e-01 0
20200404.500 2458944.000 2458943.996563 0.2844 1361.5283 1.736e-01 6.800e-03 5.324e-02 1.816e-01 1360.8113 1.735e-01 6.800e-03 2.324e-01 2.900e-01 0
20200405.500 2458945.000 2458944.996598 0.2937 1361.5159 1.736e-01 6.800e-03 4.854e-02 1.803e-01 1360.0286 1.734e-01 6.800e-03 2.340e-01 2.912e-01 0
20200406.500 2458946.000 2458946.003411 0.2907 1361.5428 1.736e-01 6.800e-03 5.157e-02 1.811e-01 1359.2777 1.733e-01 6.800e-03 2.362e-01 2.930e-01 0
20200407.500 2458947.000 2458946.723528 0.1378 1361.5555 1.737e-01 6.800e-03 4.635e-02 1.798e-01 1358.7327 1.734e-01 6.800e-03 1.126e-01 2.067e-01 0
20200408.500 2458948.000 2458948.285916 0.1123 1361.5117 1.737e-01 6.800e-03 5.133e-02 1.812e-01 1357.4744 1.732e-01 6.800e-03 1.092e-01 2.048e-01 0
20200409.500 2458949.000 2458948.553810 0.0424 1361.5204 1.737e-01 6.800e-03 3.809e-02 1.779e-01 1357.2742 1.732e-01 6.800e-03 5.453e-02 1.816e-01 0
20200410.500 2458950.000 2458950.000000 0.0000    0.0000 0.000e+00 0.000e+00 0.000e+00 0.000e+00    0.0000 0.000e+00 0.000e+00 0.000e+00 0.000e+00 0
20200411.500 2458951.000 2458951.058332 0.2609 1361.5099 1.739e-01 6.800e-03 4.708e-02 1.801e-01 1355.3059 1.731e-01 6.800e-03 2.174e-01 2.779e-01 0
20200412.500 2458952.000 2458951.993401 0.2795 1361.4954 1.739e-01 6.800e-03 5.178e-02 1.814e-01 1354.5598 1.730e-01 6.800e-03 2.355e-01 2.922e-01 0
20200413.500 2458953.000 2458952.680887 0.1085 1361.4963 1.740e-01 6.800e-03 4.126e-02 1.788e-01 1354.0231 1.730e-01 6.800e-03 9.926e-02 1.995e-01 0
20200414.500 2458954.000 2458954.193559 0.1671 1361.5100 1.740e-01 6.800e-03 4.849e-02 1.806e-01 1352.8576 1.729e-01 6.800e-03 1.493e-01 2.285e-01 0
20200415.500 2458955.000 2458955.000314 0.2987 1361.4861 1.740e-01 6.800e-03 4.562e-02 1.799e-01 1352.2079 1.728e-01 6.800e-03 2.392e-01 2.951e-01 0
20200416.500 2458956.000 2458956.002330 0.2795 1361.4837 1.741e-01 6.800e-03 5.021e-02 1.812e-01 1351.4316 1.728e-01 6.800e-03 2.227e-01 2.819e-01 0
20200417.500 2458957.000 2458956.531488 0.0243 1361.5255 1.741e-01 6.800e-03 3.895e-02 1.784e-01 1351.0662 1.728e-01 6.800e-03 5.204e-02 1.805e-01 0
20200418.500 2458958.000 2458957.927954 0.1862 1361.5158 1.741e-01 6.800e-03 5.124e-02 1.815e-01 1349.9906 1.727e-01 6.800e-03 1.476e-01 2.271e-01 0
20200419.500 2458959.000 2458959.000000 0.0000    0.0000 0.000e+00 0.000e+00 0.000e+00 0.000e+00    0.0000 0.000e+00 0.000e+00 0.000e+00 0.000e+00 0
20200420.500 2458960.000 2458960.182076 0.1565 1361.5023 1.743e-01 6.800e-03 4.464e-02 1.799e-01 1348.2832 1.726e-01 6.800e-03 1.192e-01 2.098e-01 0
20200421.500 2458961.000 2458960.966429 0.2730 1361.4934 1.743e-01 6.800e-03 4.578e-02 1.802e-01 1347.6939 1.725e-01 6.800e-03 2.084e-01 2.705e-01 0
20200422.500 2458962.000 2458961.988784 0.2726 1361.4995 1.743e-01 6.800e-03 4.498e-02 1.800e-01 1346.9506 1.724e-01 6.800e-03 2.068e-01 2.692e-01 0
20200423.500 2458963.000 2458962.938817 0.2586 1361.5099 1.744e-01 6.800e-03 5.416e-02 1.826e-01 1346.2721 1.725e-01 6.800e-03 1.790e-01 2.486e-01 0
20200424.500 2458964.000 2458963.914777 0.2344 1361.5356 1.744e-01 6.800e-03 4.830e-02 1.810e-01 1345.5980 1.724e-01 6.800e-03 1.690e-01 2.414e-01 0
20200425.500 2458965.000 2458965.000000 0.0000    0.0000 0.000e+00 0.000e+00 0.000e+00 0.000e+00    0.0000 0.000e+00 0.000e+00 0.000e+00 0.000e+00 0
20200426.500 2458966.000 2458966.354625 0.0672 1361.5133 1.745e-01 6.800e-03 4.395e-02 1.800e-01 1343.8631 1.723e-01 6.800e-03 6.266e-02 1.833e-01 0
20200427.500 2458967.000 2458966.972526 0.2737 1361.5114 1.745e-01 6.800e-03 4.687e-02 1.807e-01 1343.4358 1.722e-01 6.800e-03 1.896e-01 2.561e-01 0
20200428.500 2458968.000 2458967.987503 0.2778 1361.5499 1.746e-01 6.800e-03 4.613e-02 1.805e-01 1342.7815 1.721e-01 6.800e-03 1.929e-01 2.585e-01 0
20200429.500 2458969.000 2458968.969507 0.2726 1361.5638 1.747e-01 6.800e-03 5.161e-02 1.822e-01 1342.1331 1.722e-01 6.800e-03 1.923e-01 2.581e-01 0
20200430.500 2458970.000 2458969.988376 0.2780 1361.5697 1.747e-01 6.800e-03 4.998e-02 1.817e-01 1341.4594 1.721e-01 6.800e-03 1.756e-01 2.459e-01 0
20200501.500 2458971.000 2458970.973844 0.2737 1361.5926 1.747e-01 6.800e-03 4.649e-02 1.808e-01 1340.8316 1.720e-01 6.800e-03 1.827e-01 2.509e-01 0
20200502.500 2458972.000 2458971.985609 0.2775 1361.5910 1.748e-01 6.800e-03 4.648e-02 1.809e-01 1340.1684 1.721e-01 6.800e-03 1.806e-01 2.494e-01 0
20200503.500 2458973.000 2458972.964347 0.2708 1361.5652 1.748e-01 6.800e-03 4.692e-02 1.810e-01 1339.5083 1.720e-01 6.800e-03 1.925e-01 2.581e-01 0
20200504.500 2458974.000 2458973.930932 0.2663 1361.5605 1.748e-01 6.800e-03 4.581e-02 1.807e-01 1338.8812 1.719e-01 6.800e-03 1.911e-01 2.571e-01 0
20200505.500 2458975.000 2458974.880129 0.2877 1361.4950 1.750e-01 6.800e-03 4.700e-02 1.812e-01 1338.2094 1.720e-01 6.800e-03 1.810e-01 2.496e-01 0
20200506.500 2458976.000 2458975.846762 0.2023 1361.5580 1.750e-01 6.800e-03 5.329e-02 1.829e-01 1337.6560 1.719e-01 6.800e-03 1.332e-01 2.174e-01 0
20200507.500 2458977.000 2458976.999193 0.2659 1361.5079 1.750e-01 6.800e-03 5.022e-02 1.820e-01 1336.8774 1.718e-01 6.800e-03 1.806e-01 2.492e-01 0
20200508.500 2458978.000 2458977.999366 0.2896 1361.5179 1.751e-01 6.800e-03 4.776e-02 1.815e-01 1336.2579 1.718e-01 6.800e-03 1.759e-01 2.459e-01 0
20200509.500 2458979.000 2458978.994090 0.2830 1361.5268 1.751e-01 6.800e-03 4.824e-02 1.816e-01 1335.6446 1.718e-01 6.800e-03 1.883e-01 2.548e-01 0
20200510.500 2458980.000 2458979.995354 0.2989 1361.5122 1.751e-01 6.800e-03 5.219e-02 1.827e-01 1335.0086 1.717e-01 6.800e-03 2.105e-01 2.717e-01 0
20200511.500 2458981.000 2458980.794339 0.1676 1361.4965 1.751e-01 6.800e-03 5.374e-02 1.832e-01 1334.5007 1.716e-01 6.800e-03 1.399e-01 2.214e-01 0
20200512.500 2458982.000 2458982.472928 0.0018 1361.4719 1.752e-01 6.800e-03 2.474e-02 1.770e-01 1333.4552 1.716e-01 6.800e-03 2.384e-02 1.733e-01 0
20200513.500 2458983.000 2458982.954368 0.2796 1361.5080 1.752e-01 6.800e-03 3.993e-02 1.797e-01 1333.2014 1.716e-01 6.800e-03 1.763e-01 2.460e-01 0
20200514.500 2458984.000 2458983.630113 0.0927 1361.5100 1.752e-01 6.800e-03 3.834e-02 1.794e-01 1332.8002 1.715e-01 6.800e-03 7.857e-02 1.887e-01 0
20200515.500 2458985.000 2458985.000000 0.0000    0.0000 0.000e+00 0.000e+00 0.000e+00 0.000e+00    0.0000 0.000e+00 0.000e+00 0.000e+00 0.000e+00 0
20200516.500 2458986.000 2458986.000000 0.0000    0.0000 0.000e+00 0.000e+00 0.000e+00 0.000e+00    0.0000 0.000e+00 0.000e+00 0.000e+00 0.000e+00 0
20200517.500 2458987.000 2458987.000000 0.0000    0.0000 0.000e+00 0.000e+00 0.000e+00 0.000e+00    0.0000 0.000e+00 0.000e+00 0.000e+00 0.000e+00 0
20200518.500 2458988.000 2458988.000000 0.0000    0.0000 0.000e+00 0.000e+00 0.000e+00 0.000e+00    0.0000 0.000e+00 0.000e+00 0.000e+00 0.000e+00 0
20200519.500 2458989.000 2458989.455251 0.0013 1361.6073 1.755e-01 6.800e-03 2.055e-02 1.767e-01 1329.6063 1.714e-01 6.800e-03 2.065e-02 1.726e-01 0
20200520.500 2458990.000 2458990.043283 0.3021 1361.5670 1.755e-01 6.800e-03 4.216e-02 1.805e-01 1329.2568 1.713e-01 6.800e-03 1.595e-01 2.341e-01 0
20200521.500 2458991.000 2458991.020394 0.2583 1361.5692 1.756e-01 6.800e-03 3.980e-02 1.801e-01 1328.7522 1.714e-01 6.800e-03 1.404e-01 2.216e-01 0
20200522.500 2458992.000 2458992.000000 0.0000    0.0000 0.000e+00 0.000e+00 0.000e+00 0.000e+00    0.0000 0.000e+00 0.000e+00 0.000e+00 0.000e+00 0
20200523.500 2458993.000 2458993.019403 0.2789 1361.5908 1.756e-01 6.800e-03 4.898e-02 1.823e-01 1327.7757 1.713e-01 6.800e-03 1.416e-01 2.222e-01 0
20200524.500 2458994.000 2458994.001094 0.2919 1361.5600 1.758e-01 6.800e-03 4.721e-02 1.820e-01 1327.2753 1.714e-01 6.800e-03 1.563e-01 2.319e-01 0
20200525.500 2458995.000 2458994.703223 0.1108 1361.5936 1.758e-01 6.800e-03 4.574e-02 1.816e-01 1326.9789 1.713e-01 6.800e-03 4.540e-02 1.772e-01 0
20200526.500 2458996.000 2458996.301746 0.1202 1361.6068 1.758e-01 6.800e-03 6.077e-02 1.860e-01 1326.2679 1.712e-01 6.800e-03 8.865e-02 1.928e-01 0
20200527.500 2458997.000 2458996.939555 0.2905 1361.5852 1.759e-01 6.800e-03 5.284e-02 1.837e-01 1325.9677 1.713e-01 6.800e-03 1.516e-01 2.287e-01 0
20200528.500 2458998.000 2458997.924533 0.3090 1361.5773 1.759e-01 6.800e-03 4.801e-02 1.823e-01 1325.5382 1.713e-01 6.800e-03 1.477e-01 2.261e-01 0
20200529.500 2458999.000 2458999.007955 0.2802 1361.5772 1.759e-01 6.800e-03 4.592e-02 1.818e-01 1325.0871 1.712e-01 6.800e-03 1.233e-01 2.110e-01 0
20200530.500 2459000.000 2459000.006580 0.2946 1361.5755 1.761e-01 6.800e-03 4.821e-02 1.825e-01 1324.6817 1.713e-01 6.800e-03 1.339e-01 2.174e-01 0
20200531.500 2459001.000 2459000.750294 0.1425 1361.5913 1.761e-01 6.800e-03 4.383e-02 1.814e-01 1324.4027 1.712e-01 6.800e-03 6.158e-02 1.820e-01 0
20200601.500 2459002.000 2459002.267418 0.0755 1361.5624 1.761e-01 6.800e-03 6.119e-02 1.864e-01 1323.7912 1.712e-01 6.800e-03 6.458e-02 1.829e-01 0
20200602.500 2459003.000 2459003.012777 0.2790 1361.5955 1.762e-01 6.800e-03 5.624e-02 1.849e-01 1323.5444 1.713e-01 6.800e-03 1.207e-01 2.095e-01 0
20200603.500 2459004.000 2459004.114268 0.2580 1361.6032 1.762e-01 6.800e-03 5.358e-02 1.842e-01 1323.1473 1.712e-01 6.800e-03 1.030e-01 1.998e-01 0
20200604.500 2459005.000 2459004.999172 0.2871 1361.6202 1.762e-01 6.800e-03 5.276e-02 1.839e-01 1322.8454 1.712e-01 6.800e-03 1.001e-01 1.983e-01 0
20200605.500 2459006.000 2459005.998731 0.2894 1361.6341 1.763e-01 6.800e-03 5.463e-02 1.846e-01 1322.5061 1.713e-01 6.800e-03 1.266e-01 2.130e-01 0
20200606.500 2459007.000 2459006.999183 0.2889 1361.6001 1.763e-01 6.800e-03 4.469e-02 1.819e-01 1322.1272 1.712e-01 6.800e-03 1.173e-01 2.075e-01 0
20200607.500 2459008.000 2459007.999031 0.2883 1361.6101 1.763e-01 6.800e-03 4.666e-02 1.824e-01 1321.7987 1.712e-01 6.800e-03 1.113e-01 2.042e-01 0
20200608.500 2459009.000 2459009.003295 0.2893 1361.5686 1.765e-01 6.800e-03 4.504e-02 1.821e-01 1321.4266 1.713e-01 6.800e-03 1.044e-01 2.006e-01 0
20200609.500 2459010.000 2459009.996285 0.2874 1361.5582 1.765e-01 6.800e-03 4.910e-02 1.832e-01 1321.0968 1.712e-01 6.800e-03 9.031e-02 1.936e-01 0
20200610.500 2459011.000 2459010.997298 0.2910 1361.5700 1.765e-01 6.800e-03 4.591e-02 1.823e-01 1320.7951 1.712e-01 6.800e-03 9.677e-02 1.966e-01 0
20200611.500 2459012.000 2459011.987581 0.2852 1361.5443 1.766e-01 6.800e-03 4.806e-02 1.830e-01 1320.4700 1.713e-01 6.800e-03 9.150e-02 1.942e-01 0
20200612.500 2459013.000 2459012.995912 0.2920 1361.5486 1.766e-01 6.800e-03 5.470e-02 1.849e-01 1320.1793 1.712e-01 6.800e-03 7.826e-02 1.883e-01 0
20200613.500 2459014.000 2459013.996898 0.2858 1361.5502 1.766e-01 6.800e-03 4.995e-02 1.835e-01 1319.8992 1.712e-01 6.800e-03 9.250e-02 1.946e-01 0
20200614.500 2459015.000 2459014.996206 0.2933 1361.5557 1.767e-01 6.800e-03 5.200e-02 1.842e-01 1319.6354 1.713e-01 6.800e-03 9.416e-02 1.955e-01 0
20200615.500 2459016.000 2459015.996581 0.2836 1361.5452 1.767e-01 6.800e-03 5.263e-02 1.844e-01 1319.3685 1.713e-01 6.800e-03 8.892e-02 1.930e-01 0
20200616.500 2459017.000 2459016.989627 0.2905 1361.5422 1.767e-01 6.800e-03 4.310e-02 1.819e-01 1319.1239 1.712e-01 6.800e-03 7.437e-02 1.867e-01 0
20200617.500 2459018.000 2459018.000040 0.2822 1361.5693 1.767e-01 6.800e-03 4.424e-02 1.822e-01 1318.9180 1.712e-01 6.800e-03 8.022e-02 1.891e-01 0
20200618.500 2459019.000 2459018.996968 0.2955 1361.5479 1.769e-01 6.800e-03 4.774e-02 1.832e-01 1318.6828 1.713e-01 6.800e-03 7.475e-02 1.869e-01 0
20200619.500 2459020.000 2459019.996775 0.2811 1361.5591 1.769e-01 6.800e-03 5.284e-02 1.846e-01 1318.4933 1.713e-01 6.800e-03 7.735e-02 1.879e-01 0
20200620.500 2459021.000 2459020.997914 0.2964 1361.5464 1.769e-01 6.800e-03 4.922e-02 1.836e-01 1318.2958 1.712e-01 6.800e-03 7.113e-02 1.854e-01 0
20200621.500 2459022.000 2459022.016237 0.2862 1361.5399 1.770e-01 6.800e-03 4.922e-02 1.837e-01 1318.1170 1.714e-01 6.800e-03 6.812e-02 1.844e-01 0
20200622.500 2459023.000 2459022.995594 0.2971 1361.5476 1.770e-01 6.800e-03 4.542e-02 1.827e-01 1317.9741 1.713e-01 6.800e-03 6.015e-02 1.816e-01 0
20200623.500 2459024.000 2459023.995637 0.2792 1361.5407 1.770e-01 6.800e-03 4.967e-02 1.838e-01 1317.8293 1.713e-01 6.800e-03 6.784e-02 1.843e-01 0
20200624.500 2459025.000 2459024.992606 0.2967 1361.5590 1.771e-01 6.800e-03 4.849e-02 1.837e-01 1317.7248 1.714e-01 6.800e-03 5.334e-02 1.795e-01 0
20200625.500 2459026.000 2459025.997605 0.2788 1361.5497 1.771e-01 6.800e-03 5.762e-02 1.863e-01 1317.6078 1.714e-01 6.800e-03 6.534e-02 1.835e-01 0
20200626.500 2459027.000 2459026.996709 0.2971 1361.5427 1.771e-01 6.800e-03 4.883e-02 1.837e-01 1317.5084 1.714e-01 6.800e-03 5.371e-02 1.796e-01 0
20200627.500 2459028.000 2459027.992121 0.2789 1361.5728 1.773e-01 6.800e-03 4.472e-02 1.828e-01 1317.4589 1.715e-01 6.800e-03 4.146e-02 1.765e-01 0
20200628.500 2459029.000 2459028.998747 0.2982 1361.5656 1.773e-01 6.800e-03 5.487e-02 1.856e-01 1317.3857 1.715e-01 6.800e-03 6.068e-02 1.819e-01 0
20200629.500 2459030.000 2459030.006890 0.2864 1361.5490 1.773e-01 6.800e-03 4.469e-02 1.828e-01 1317.3157 1.715e-01 6.800e-03 4.396e-02 1.771e-01 0
20200630.500 2459031.000 2459030.998622 0.2975 1361.5565 1.774e-01 6.800e-03 5.317e-02 1.852e-01 1317.2811 1.716e-01 6.800e-03 5.399e-02 1.799e-01 0
20200701.500 2459032.000 2459031.891218 0.2663 1361.5619 1.774e-01 6.800e-03 4.535e-02 1.831e-01 1317.2573 1.716e-01 6.800e-03 4.200e-02 1.767e-01 0
20200702.500 2459033.000 2459032.578715 0.0533 1361.5763 1.774e-01 6.800e-03 4.803e-02 1.838e-01 1317.2541 1.716e-01 6.800e-03 4.699e-02 1.780e-01 0
20200703.500 2459034.000 2459034.000000 0.0000    0.0000 0.000e+00 0.000e+00 0.000e+00 0.000e+00    0.0000 0.000e+00 0.000e+00 0.000e+00 0.000e+00 0
20200704.500 2459035.000 2459035.000000 0.0000    0.0000 0.000e+00 0.000e+00 0.000e+00 0.000e+00    0.0000 0.000e+00 0.000e+00 0.000e+00 0.000e+00 0
20200705.500 2459036.000 2459036.000000 0.0000    0.0000 0.000e+00 0.000e+00 0.000e+00 0.000e+00    0.0000 0.000e+00 0.000e+00 0.000e+00 0.000e+00 0
20200706.500 2459037.000 2459037.000000 0.0000    0.0000 0.000e+00 0.000e+00 0.000e+00 0.000e+00    0.0000 0.000e+00 0.000e+00 0.000e+00 0.000e+00 0
20200707.500 2459038.000 2459038.000000 0.0000    0.0000 0.000e+00 0.000e+00 0.000e+00 0.000e+00    0.0000 0.000e+00 0.000e+00 0.000e+00 0.000e+00 0
20200708.500 2459039.000 2459039.000000 0.0000    0.0000 0.000e+00 0.000e+00 0.000e+00 0.000e+00    0.0000 0.000e+00 0.000e+00 0.000e+00 0.000e+00 0
20200709.500 2459040.000 2459040.326005 0.0043 1361.5891 1.778e-01 6.800e-03 2.839e-02 1.801e-01 1317.3691 1.720e-01 6.800e-03 2.762e-02 1.743e-01 0
20200710.500 2459041.000 2459040.949978 0.2816 1361.5658 1.778e-01 6.800e-03 4.834e-02 1.843e-01 1317.3800 1.720e-01 6.800e-03 4.751e-02 1.785e-01 0
20200711.500 2459042.000 2459041.686764 0.0977 1361.5726 1.778e-01 6.800e-03 4.630e-02 1.837e-01 1317.4306 1.721e-01 6.800e-03 4.339e-02 1.774e-01 0
20200712.500 2459043.000 2459043.000000 0.0000    0.0000 0.000e+00 0.000e+00 0.000e+00 0.000e+00    0.0000 0.000e+00 0.000e+00 0.000e+00 0.000e+00 0
20200713.500 2459044.000 2459044.000000 0.0000    0.0000 0.000e+00 0.000e+00 0.000e+00 0.000e+00    0.0000 0.000e+00 0.000e+00 0.000e+00 0.000e+00 0
20200714.500 2459045.000 2459045.000000 0.0000    0.0000 0.000e+00 0.000e+00 0.000e+00 0.000e+00    0.0000 0.000e+00 0.000e+00 0.000e+00 0.000e+00 0
20200715.500 2459046.000 2459046.000000 0.0000    0.0000 0.000e+00 0.000e+00 0.000e+00 0.000e+00    0.0000 0.000e+00 0.000e+00 0.000e+00 0.000e+00 0
20200716.500 2459047.000 2459047.000000 0.0000    0.0000 0.000e+00 0.000e+00 0.000e+00 0.000e+00    0.0000 0.000e+00 0.000e+00 0.000e+00 0.000e+00 0
20200717.500 2459048.000 2459048.000000 0.0000    0.0000 0.000e+00 0.000e+00 0.000e+00 0.000e+00    0.0000 0.000e+00 0.000e+00 0.000e+00 0.000e+00 0
20200718.500 2459049.000 2459049.000000 0.0000    0.0000 0.000e+00 0.000e+00 0.000e+00 0.000e+00    0.0000 0.000e+00 0.000e+00 0.000e+00 0.000e+00 0
20200719.500 2459050.000 2459050.000000 0.0000    0.0000 0.000e+00 0.000e+00 0.000e+00 0.000e+00    0.0000 0.000e+00 0.000e+00 0.000e+00 0.000e+00 0
20200720.500 2459051.000 2459050.884790 0.2743 1361.5582 1.784e-01 6.800e-03 5.083e-02 1.855e-01 1318.5585 1.727e-01 6.800e-03 6.706e-02 1.853e-01 0
20200721.500 2459052.000 2459052.048394 0.2754 1361.5538 1.784e-01 6.800e-03 5.063e-02 1.854e-01 1318.7877 1.728e-01 6.800e-03 8.243e-02 1.914e-01 0
20200722.500 2459053.000 2459052.998616 0.2830 1361.5557 1.784e-01 6.800e-03 4.907e-02 1.850e-01 1318.9959 1.728e-01 6.800e-03 8.496e-02 1.925e-01 0
20200723.500 2459054.000 2459053.608360 0.0727 1361.5138 1.785e-01 6.800e-03 5.112e-02 1.857e-01 1319.0945 1.729e-01 6.800e-03 4.944e-02 1.799e-01 0
20200724.500 2459055.000 2459055.000000 0.0000    0.0000 0.000e+00 0.000e+00 0.000e+00 0.000e+00    0.0000 0.000e+00 0.000e+00 0.000e+00 0.000e+00 0
20200725.500 2459056.000 2459056.158243 0.2040 1361.4935 1.785e-01 6.800e-03 6.393e-02 1.896e-01 1319.7198 1.730e-01 6.800e-03 8.058e-02 1.909e-01 0
20200726.500 2459057.000 2459056.959742 0.2824 1361.4878 1.786e-01 6.800e-03 5.398e-02 1.866e-01 1319.9359 1.732e-01 6.800e-03 9.014e-02 1.952e-01 0
20200727.500 2459058.000 2459058.013419 0.3046 1361.4703 1.786e-01 6.800e-03 4.549e-02 1.843e-01 1320.2223 1.732e-01 6.800e-03 1.096e-01 2.050e-01 0
20200728.500 2459059.000 2459059.020108 0.2868 1361.5369 1.786e-01 6.800e-03 4.741e-02 1.848e-01 1320.5886 1.733e-01 6.800e-03 1.081e-01 2.042e-01 0
20200729.500 2459060.000 2459059.710583 0.1337 1361.5719 1.788e-01 6.800e-03 4.403e-02 1.841e-01 1320.8357 1.734e-01 6.800e-03 6.743e-02 1.861e-01 0
20200730.500 2459061.000 2459061.336771 0.0973 1361.6524 1.788e-01 6.800e-03 4.776e-02 1.851e-01 1321.4349 1.735e-01 6.800e-03 5.031e-02 1.806e-01 0
20200731.500 2459062.000 2459061.993285 0.2978 1361.6704 1.788e-01 6.800e-03 4.923e-02 1.854e-01 1321.6699 1.735e-01 6.800e-03 1.202e-01 2.111e-01 0
20200801.500 2459063.000 2459062.993863 0.2899 1361.6911 1.789e-01 6.800e-03 5.361e-02 1.868e-01 1322.0279 1.737e-01 6.800e-03 1.130e-01 2.073e-01 0
20200802.500 2459064.000 2459064.000000 0.0000    0.0000 0.000e+00 0.000e+00 0.000e+00 0.000e+00    0.0000 0.000e+00 0.000e+00 0.000e+00 0.000e+00 0
20200803.500 2459065.000 2459064.999142 0.2787 1361.6944 1.789e-01 6.800e-03 5.049e-02 1.859e-01 1322.7321 1.738e-01 6.800e-03 1.172e-01 2.096e-01 0
20200804.500 2459066.000 2459066.005197 0.2972 1361.7005 1.791e-01 6.800e-03 5.304e-02 1.868e-01 1323.1015 1.740e-01 6.800e-03 1.288e-01 2.165e-01 0
20200805.500 2459067.000 2459066.997993 0.2789 1361.6844 1.791e-01 6.800e-03 4.595e-02 1.849e-01 1323.4519 1.740e-01 6.800e-03 1.114e-01 2.066e-01 0
20200806.500 2459068.000 2459067.999527 0.2984 1361.6925 1.791e-01 6.800e-03 4.942e-02 1.858e-01 1323.8370 1.741e-01 6.800e-03 1.236e-01 2.135e-01 0
20200807.500 2459069.000 2459068.996784 0.2791 1361.6789 1.792e-01 6.800e-03 4.846e-02 1.856e-01 1324.2073 1.743e-01 6.800e-03 1.106e-01 2.064e-01 0
20200808.500 2459070.000 2459069.995659 0.2977 1361.6747 1.792e-01 6.800e-03 4.951e-02 1.859e-01 1324.5959 1.743e-01 6.800e-03 1.182e-01 2.106e-01 0
20200809.500 2459071.000 2459070.998557 0.2797 1361.6625 1.792e-01 6.800e-03 4.431e-02 1.846e-01 1324.9870 1.744e-01 6.800e-03 1.254e-01 2.148e-01 0
20200810.500 2459072.000 2459071.995869 0.2976 1361.6325 1.793e-01 6.800e-03 5.283e-02 1.869e-01 1325.3679 1.746e-01 6.800e-03 1.366e-01 2.216e-01 0
20200811.500 2459073.000 2459073.006681 0.2786 1361.6411 1.793e-01 6.800e-03 4.609e-02 1.852e-01 1325.8017 1.746e-01 6.800e-03 1.251e-01 2.148e-01 0
20200812.500 2459074.000 2459074.001541 0.2982 1361.6276 1.793e-01 6.800e-03 5.217e-02 1.868e-01 1326.2176 1.747e-01 6.800e-03 1.513e-01 2.311e-01 0
20200813.500 2459075.000 2459075.002595 0.2800 1361.6772 1.795e-01 6.800e-03 5.319e-02 1.872e-01 1326.7083 1.749e-01 6.800e-03 1.413e-01 2.248e-01 0
20200814.500 2459076.000 2459076.004953 0.2976 1361.6804 1.795e-01 6.800e-03 4.699e-02 1.855e-01 1327.1659 1.749e-01 6.800e-03 1.382e-01 2.229e-01 0
20200815.500 2459077.000 2459077.006782 0.2798 1361.6340 1.795e-01 6.800e-03 5.360e-02 1.873e-01 1327.5867 1.750e-01 6.800e-03 1.166e-01 2.103e-01 0
20200816.500 2459078.000 2459078.006700 0.2978 1361.6157 1.796e-01 6.800e-03 5.301e-02 1.873e-01 1328.0465 1.752e-01 6.800e-03 1.508e-01 2.312e-01 0
20200817.500 2459079.000 2459079.007898 0.2805 1361.5860 1.796e-01 6.800e-03 4.683e-02 1.856e-01 1328.5088 1.752e-01 6.800e-03 1.505e-01 2.310e-01 0
20200818.500 2459080.000 2459079.791028 0.1716 1361.6041 1.796e-01 6.800e-03 4.683e-02 1.856e-01 1328.9196 1.753e-01 6.800e-03 9.469e-02 1.992e-01 0
20200819.500 2459081.000 2459081.398119 0.0532 1361.6086 1.797e-01 6.800e-03 4.486e-02 1.852e-01 1329.7574 1.755e-01 6.800e-03 5.358e-02 1.835e-01 0
20200820.500 2459082.000 2459082.004484 0.2926 1361.6126 1.797e-01 6.800e-03 4.854e-02 1.862e-01 1330.0854 1.756e-01 6.800e-03 1.731e-01 2.465e-01 0
20200821.500 2459083.000 2459083.006817 0.2854 1361.6304 1.797e-01 6.800e-03 5.079e-02 1.868e-01 1330.6482 1.756e-01 6.800e-03 1.590e-01 2.369e-01 0
20200822.500 2459084.000 2459084.011419 0.2960 1361.5912 1.799e-01 6.800e-03 4.793e-02 1.861e-01 1331.1695 1.758e-01 6.800e-03 1.799e-01 2.516e-01 0
20200823.500 2459085.000 2459085.004519 0.2879 1361.5971 1.799e-01 6.800e-03 5.115e-02 1.870e-01 1331.7401 1.759e-01 6.800e-03 1.755e-01 2.485e-01 0
20200824.500 2459086.000 2459086.011394 0.2957 1361.5751 1.799e-01 6.800e-03 5.997e-02 1.896e-01 1332.3024 1.760e-01 6.800e-03 2.000e-01 2.664e-01 0
20200825.500 2459087.000 2459086.949240 0.3311 1361.5922 1.800e-01 6.800e-03 4.866e-02 1.865e-01 1332.8720 1.762e-01 6.800e-03 2.051e-01 2.704e-01 0
20200826.500 2459088.000 2459087.882475 0.2757 1361.5995 1.800e-01 6.800e-03 4.397e-02 1.853e-01 1333.4369 1.763e-01 6.800e-03 1.691e-01 2.443e-01 0
20200827.500 2459089.000 2459089.000594 0.2909 1361.6074 1.801e-01 6.800e-03 4.830e-02 1.865e-01 1334.1223 1.765e-01 6.800e-03 1.881e-01 2.580e-01 0
20200828.500 2459090.000 2459089.998986 0.2861 1361.6326 1.801e-01 6.800e-03 5.937e-02 1.897e-01 1334.7593 1.766e-01 6.800e-03 1.643e-01 2.412e-01 0
20200829.500 2459091.000 2459090.999014 0.2917 1361.6134 1.801e-01 6.800e-03 5.004e-02 1.870e-01 1335.3600 1.767e-01 6.800e-03 1.929e-01 2.616e-01 0
20200830.500 2459092.000 2459091.999508 0.2862 1361.6109 1.803e-01 6.800e-03 5.074e-02 1.873e-01 1335.9827 1.769e-01 6.800e-03 1.744e-01 2.484e-01 0
20200831.500 2459093.000 2459093.002294 0.2922 1361.5963 1.803e-01 6.800e-03 5.192e-02 1.876e-01 1336.5999 1.770e-01 6.800e-03 1.946e-01 2.631e-01 0
20200901.500 2459094.000 2459093.967328 0.2899 1361.6044 1.803e-01 6.800e-03 4.304e-02 1.853e-01 1337.2199 1.770e-01 6.800e-03 1.899e-01 2.596e-01 0
20200902.500 2459095.000 2459094.993958 0.2924 1361.6099 1.804e-01 6.800e-03 4.842e-02 1.868e-01 1337.8806 1.773e-01 6.800e-03 1.973e-01 2.652e-01 0
20200903.500 2459096.000 2459095.953529 0.2681 1361.6010 1.804e-01 6.800e-03 5.135e-02 1.876e-01 1338.4883 1.773e-01 6.800e-03 1.823e-01 2.543e-01 0
20200904.500 2459097.000 2459097.040828 0.2928 1361.6126 1.804e-01 6.800e-03 4.202e-02 1.852e-01 1339.2026 1.774e-01 6.800e-03 2.052e-01 2.713e-01 0
20200905.500 2459098.000 2459097.988302 0.2775 1361.6053 1.805e-01 6.800e-03 4.310e-02 1.856e-01 1339.8120 1.777e-01 6.800e-03 1.758e-01 2.500e-01 0
20200906.500 2459099.000 2459099.010681 0.3026 1361.5902 1.805e-01 6.800e-03 5.758e-02 1.895e-01 1340.4667 1.777e-01 6.800e-03 1.956e-01 2.643e-01 0
20200907.500 2459100.000 2459100.023675 0.2842 1361.5819 1.805e-01 6.800e-03 4.575e-02 1.863e-01 1341.1267 1.778e-01 6.800e-03 1.958e-01 2.645e-01 0
20200908.500 2459101.000 2459100.991561 0.2977 1361.5700 1.807e-01 6.800e-03 5.757e-02 1.896e-01 1341.7579 1.781e-01 6.800e-03 2.121e-01 2.769e-01 0
20200909.500 2459102.000 2459101.997370 0.2802 1361.5525 1.807e-01 6.800e-03 5.325e-02 1.884e-01 1342.4139 1.781e-01 6.800e-03 1.969e-01 2.655e-01 0
20200910.500 2459103.000 2459102.887710 0.2367 1361.5832 1.807e-01 6.800e-03 5.117e-02 1.878e-01 1343.0448 1.782e-01 6.800e-03 1.631e-01 2.416e-01 0
20200911.500 2459104.000 2459104.451680 0.0049 1361.5364 1.808e-01 6.800e-03 5.755e-02 1.897e-01 1344.0654 1.785e-01 6.800e-03 5.487e-02 1.867e-01 0
20200912.500 2459105.000 2459104.998062 0.2982 1361.5524 1.808e-01 6.800e-03 4.651e-02 1.867e-01 1344.4580 1.785e-01 6.800e-03 2.040e-01 2.711e-01 0
20200913.500 2459106.000 2459106.003274 0.2787 1361.5742 1.808e-01 6.800e-03 5.869e-02 1.901e-01 1345.1780 1.786e-01 6.800e-03 2.013e-01 2.691e-01 0
20200914.500 2459107.000 2459107.005539 0.2986 1361.5602 1.810e-01 6.800e-03 4.511e-02 1.865e-01 1345.8685 1.789e-01 6.800e-03 2.015e-01 2.694e-01 0
20200915.500 2459108.000 2459108.009108 0.2786 1361.5502 1.810e-01 6.800e-03 4.901e-02 1.875e-01 1346.5721 1.790e-01 6.800e-03 2.096e-01 2.756e-01 0
20200916.500 2459109.000 2459109.012071 0.2958 1361.5468 1.811e-01 6.800e-03 4.328e-02 1.862e-01 1347.2906 1.792e-01 6.800e-03 2.207e-01 2.843e-01 0
20200917.500 2459110.000 2459110.010827 0.2821 1361.5232 1.811e-01 6.800e-03 5.632e-02 1.896e-01 1347.9951 1.793e-01 6.800e-03 2.200e-01 2.838e-01 0
20200918.500 2459111.000 2459111.006931 0.2942 1361.5370 1.811e-01 6.800e-03 4.892e-02 1.876e-01 1348.7436 1.794e-01 6.800e-03 2.240e-01 2.870e-01 0
20200919.500 2459112.000 2459112.004504 0.2862 1361.5561 1.812e-01 6.800e-03 5.239e-02 1.886e-01 1349.5070 1.796e-01 6.800e-03 2.232e-01 2.865e-01 0
20200920.500 2459113.000 2459113.004971 0.2913 1361.5458 1.812e-01 6.800e-03 4.116e-02 1.858e-01 1350.2517 1.797e-01 6.800e-03 2.225e-01 2.860e-01 0
20200921.500 2459114.000 2459114.019996 0.2943 1361.5277 1.812e-01 6.800e-03 4.590e-02 1.869e-01 1351.0069 1.798e-01 6.800e-03 2.362e-01 2.969e-01 0
20200922.500 2459115.000 2459114.753955 0.1491 1361.5530 1.814e-01 6.800e-03 3.862e-02 1.854e-01 1351.5949 1.800e-01 6.800e-03 1.193e-01 2.159e-01 0
20200923.500 2459116.000 2459116.464944 0.0043 1361.6009 1.814e-01 6.800e-03 1.961e-02 1.824e-01 1352.9657 1.802e-01 6.800e-03 2.048e-02 1.814e-01 0
20200924.500 2459117.000 2459116.994743 0.2954 1361.6330 1.814e-01 6.800e-03 5.387e-02 1.892e-01 1353.4098 1.803e-01 6.800e-03 2.342e-01 2.955e-01 0
20200925.500 2459118.000 2459118.035411 0.2662 1361.6225 1.815e-01 6.800e-03 5.407e-02 1.894e-01 1354.2109 1.805e-01 6.800e-03 2.285e-01 2.912e-01 0
20200926.500 2459119.000 2459119.041164 0.2927 1361.6397 1.815e-01 6.800e-03 5.612e-02 1.900e-01 1355.0144 1.806e-01 6.800e-03 2.337e-01 2.954e-01 0
20200927.500 2459120.000 2459119.991253 0.2848 1361.6521 1.815e-01 6.800e-03 5.509e-02 1.897e-01 1355.7705 1.807e-01 6.800e-03 2.399e-01 3.004e-01 0
20200928.500 2459121.000 2459121.002092 0.2853 1361.6613 1.816e-01 6.800e-03 4.983e-02 1.884e-01 1356.5714 1.810e-01 6.800e-03 2.336e-01 2.955e-01 0
20200929.500 2459122.000 2459122.000387 0.2901 1361.6568 1.816e-01 6.800e-03 4.329e-02 1.867e-01 1357.3483 1.811e-01 6.800e-03 2.326e-01 2.948e-01 0
20200930.500 2459123.000 2459122.971610 0.2976 1361.6439 1.816e-01 6.800e-03 4.996e-02 1.884e-01 1358.0949 1.812e-01 6.800e-03 2.337e-01 2.957e-01 0
20201001.500 2459124.000 2459123.998713 0.2928 1361.6664 1.818e-01 6.800e-03 5.009e-02 1.886e-01 1358.9192 1.814e-01 6.800e-03 2.278e-01 2.912e-01 0
20201002.500 2459125.000 2459124.995789 0.2842 1361.6586 1.818e-01 6.800e-03 5.536e-02 1.900e-01 1359.6881 1.815e-01 6.800e-03 2.396e-01 3.006e-01 0
20201003.500 2459126.000 2459125.995884 0.2932 1361.6599 1.819e-01 6.800e-03 5.458e-02 1.899e-01 1360.4667 1.818e-01 6.800e-03 2.179e-01 2.838e-01 0
20201004.500 2459127.000 2459126.993404 0.2838 1361.6172 1.819e-01 6.800e-03 5.188e-02 1.892e-01 1361.1973 1.819e-01 6.800e-03 2.040e-01 2.733e-01 0
20201005.500 2459128.000 2459127.640744 0.0898 1361.6019 1.819e-01 6.800e-03 4.322e-02 1.870e-01 1361.6829 1.819e-01 6.800e-03 9.221e-02 2.040e-01 0
20201006.500 2459129.000 2459129.161116 0.1166 1361.5702 1.820e-01 6.800e-03 5.200e-02 1.893e-01 1362.8244 1.822e-01 6.800e-03 1.029e-01 2.093e-01 0
20201007.500 2459130.000 2459130.000000 0.0000    0.0000 0.000e+00 0.000e+00 0.000e+00 0.000e+00    0.0000 0.000e+00 0.000e+00 0.000e+00 0.000e+00 0
20201008.500 2459131.000 2459131.217221 0.1107 1361.5387 1.820e-01 6.800e-03 3.882e-02 1.861e-01 1364.3738 1.824e-01 6.800e-03 9.319e-02 2.048e-01 0
20201009.500 2459132.000 2459131.967198 0.2855 1361.5546 1.822e-01 6.800e-03 4.644e-02 1.880e-01 1364.9652 1.826e-01 6.800e-03 2.298e-01 2.936e-01 0
20201010.500 2459133.000 2459132.966725 0.2653 1361.5714 1.822e-01 6.800e-03 5.231e-02 1.895e-01 1365.7487 1.827e-01 6.800e-03 2.128e-01 2.805e-01 0
20201011.500 2459134.000 2459133.991827 0.2699 1361.5951 1.822e-01 6.800e-03 4.732e-02 1.882e-01 1366.5586 1.828e-01 6.800e-03 2.219e-01 2.875e-01 0
20201012.500 2459135.000 2459134.970457 0.2656 1361.6193 1.823e-01 6.800e-03 4.912e-02 1.888e-01 1367.3340 1.831e-01 6.800e-03 2.196e-01 2.859e-01 0
20201013.500 2459136.000 2459135.994944 0.2693 1361.6005 1.823e-01 6.800e-03 5.082e-02 1.893e-01 1368.1026 1.832e-01 6.800e-03 2.149e-01 2.824e-01 0
20201014.500 2459137.000 2459136.636018 0.0722 1361.6285 1.825e-01 6.800e-03 5.275e-02 1.899e-01 1368.6244 1.834e-01 6.800e-03 5.587e-02 1.917e-01 0
20201015.500 2459138.000 2459138.205153 0.1622 1361.6502 1.825e-01 6.800e-03 5.361e-02 1.902e-01 1369.8585 1.836e-01 6.800e-03 1.176e-01 2.180e-01 0
20201016.500 2459139.000 2459138.979407 0.2689 1361.6402 1.825e-01 6.800e-03 5.038e-02 1.893e-01 1370.4491 1.836e-01 6.800e-03 2.106e-01 2.794e-01 0
20201017.500 2459140.000 2459139.668887 0.0806 1361.6264 1.826e-01 6.800e-03 5.518e-02 1.908e-01 1370.9712 1.838e-01 6.800e-03 6.652e-02 1.955e-01 0
20201018.500 2459141.000 2459141.141675 0.1727 1361.5692 1.826e-01 6.800e-03 3.987e-02 1.869e-01 1372.0628 1.840e-01 6.800e-03 1.343e-01 2.278e-01 0
20201019.500 2459142.000 2459141.963493 0.2799 1361.5106 1.826e-01 6.800e-03 5.454e-02 1.906e-01 1372.6466 1.841e-01 6.800e-03 2.094e-01 2.788e-01 0
20201020.500 2459143.000 2459142.961390 0.3075 1361.5849 1.827e-01 6.800e-03 4.451e-02 1.881e-01 1373.5030 1.843e-01 6.800e-03 2.463e-01 3.076e-01 0
20201021.500 2459144.000 2459143.949777 0.2621 1361.6034 1.827e-01 6.800e-03 5.020e-02 1.895e-01 1374.2957 1.844e-01 6.800e-03 2.219e-01 2.886e-01 0
20201022.500 2459145.000 2459145.000000 0.0000    0.0000 0.000e+00 0.000e+00 0.000e+00 0.000e+00    0.0000 0.000e+00 0.000e+00 0.000e+00 0.000e+00 0
20201023.500 2459146.000 2459146.047195 0.2091 1361.6852 1.829e-01 6.800e-03 5.319e-02 1.905e-01 1376.0157 1.848e-01 6.800e-03 1.478e-01 2.366e-01 0
20201024.500 2459147.000 2459146.986902 0.2759 1361.6876 1.829e-01 6.800e-03 5.449e-02 1.908e-01 1376.7474 1.849e-01 6.800e-03 2.133e-01 2.823e-01 0
20201025.500 2459148.000 2459147.968128 0.2690 1361.6413 1.829e-01 6.800e-03 5.920e-02 1.922e-01 1377.4578 1.850e-01 6.800e-03 1.761e-01 2.554e-01 0
20201026.500 2459149.000 2459149.001050 0.2783 1361.6058 1.830e-01 6.800e-03 5.924e-02 1.923e-01 1378.2136 1.852e-01 6.800e-03 2.314e-01 2.964e-01 0
20201027.500 2459150.000 2459149.974348 0.2719 1361.5456 1.830e-01 6.800e-03 5.051e-02 1.898e-01 1378.8926 1.853e-01 6.800e-03 2.083e-01 2.788e-01 0
20201028.500 2459151.000 2459150.991543 0.2774 1361.5602 1.831e-01 6.800e-03 5.298e-02 1.906e-01 1379.6738 1.856e-01 6.800e-03 2.238e-01 2.907e-01 0
20201029.500 2459152.000 2459151.948639 0.2868 1361.5694 1.831e-01 6.800e-03 6.488e-02 1.943e-01 1380.3970 1.857e-01 6.800e-03 2.492e-01 3.108e-01 0
20201030.500 2459153.000 2459153.034003 0.3002 1361.6868 1.831e-01 6.800e-03 4.934e-02 1.897e-01 1381.3169 1.858e-01 6.800e-03 2.377e-01 3.017e-01 0
20201031.500 2459154.000 2459153.999806 0.2867 1361.6929 1.833e-01 6.800e-03 4.767e-02 1.894e-01 1382.0274 1.860e-01 6.800e-03 2.023e-01 2.748e-01 0
20201101.500 2459155.000 2459154.999802 0.2902 1361.6560 1.833e-01 6.800e-03 5.310e-02 1.908e-01 1382.7105 1.861e-01 6.800e-03 2.198e-01 2.880e-01 0
20201102.500 2459156.000 2459155.997557 0.2864 1361.6247 1.833e-01 6.800e-03 4.938e-02 1.898e-01 1383.3886 1.862e-01 6.800e-03 2.122e-01 2.823e-01 0
20201103.500 2459157.000 2459157.000161 0.2924 1361.6384 1.834e-01 6.800e-03 4.724e-02 1.894e-01 1384.1067 1.864e-01 6.800e-03 2.107e-01 2.813e-01 0
20201104.500 2459158.000 2459158.000872 0.2856 1361.6127 1.834e-01 6.800e-03 5.401e-02 1.912e-01 1384.7743 1.865e-01 6.800e-03 1.819e-01 2.605e-01 0
20201105.500 2459159.000 2459159.001272 0.2916 1361.5105 1.834e-01 6.800e-03 5.459e-02 1.913e-01 1385.3549 1.866e-01 6.800e-03 1.748e-01 2.557e-01 0
20201106.500 2459160.000 2459159.957785 0.2854 1361.4142 1.835e-01 6.800e-03 5.261e-02 1.909e-01 1385.9032 1.868e-01 6.800e-03 2.239e-01 2.916e-01 0
20201107.500 2459161.000 2459160.966721 0.2791 1361.4596 1.835e-01 6.800e-03 4.969e-02 1.901e-01 1386.6228 1.869e-01 6.800e-03 1.931e-01 2.688e-01 0
20201108.500 2459162.000 2459162.003176 0.2795 1361.4807 1.837e-01 6.800e-03 6.048e-02 1.934e-01 1387.3276 1.872e-01 6.800e-03 2.178e-01 2.871e-01 0
20201109.500 2459163.000 2459162.859497 0.2225 1361.4846 1.837e-01 6.800e-03 4.715e-02 1.896e-01 1387.8903 1.872e-01 6.800e-03 1.469e-01 2.380e-01 0
20201110.500 2459164.000 2459164.387260 0.0505 1361.6993 1.838e-01 6.800e-03 3.699e-02 1.875e-01 1389.0938 1.875e-01 6.800e-03 5.896e-02 1.966e-01 0
20201111.500 2459165.000 2459164.744109 0.3832 1361.7323 1.838e-01 6.800e-03 4.223e-02 1.886e-01 1389.3550 1.876e-01 6.800e-03 2.462e-01 3.095e-01 0
20201112.500 2459166.000 2459165.550464 0.0019 1361.8382 1.838e-01 6.800e-03 4.329e-02 1.889e-01 1389.9761 1.876e-01 6.800e-03 4.522e-02 1.930e-01 0
20201113.500 2459167.000 2459167.442302 0.0430 1361.8241 1.840e-01 6.800e-03 4.644e-02 1.898e-01 1391.1523 1.879e-01 6.800e-03 5.605e-02 1.961e-01 0
20201114.500 2459168.000 2459167.935689 0.2814 1361.8164 1.840e-01 6.800e-03 5.061e-02 1.908e-01 1391.4522 1.880e-01 6.800e-03 1.709e-01 2.540e-01 0
20201115.500 2459169.000 2459169.029027 0.3165 1361.7220 1.840e-01 6.800e-03 5.772e-02 1.928e-01 1392.0346 1.881e-01 6.800e-03 1.717e-01 2.547e-01 0
20201116.500 2459170.000 2459170.037606 0.2903 1361.6894 1.840e-01 6.800e-03 5.496e-02 1.920e-01 1392.6230 1.881e-01 6.800e-03 2.187e-01 2.885e-01 0
20201117.500 2459171.000 2459170.522685 0.0026 1361.6465 1.841e-01 6.800e-03 4.172e-02 1.888e-01 1392.8767 1.883e-01 6.800e-03 4.392e-02 1.934e-01 0
20201118.500 2459172.000 2459172.000000 0.0000    0.0000 0.000e+00 0.000e+00 0.000e+00 0.000e+00    0.0000 0.000e+00 0.000e+00 0.000e+00 0.000e+00 0
20201119.500 2459173.000 2459173.459238 0.0321 1361.7873 1.842e-01 6.800e-03 5.641e-02 1.927e-01 1394.7916 1.887e-01 6.800e-03 4.827e-02 1.948e-01 0
20201120.500 2459174.000 2459174.024789 0.2761 1361.7443 1.842e-01 6.800e-03 5.710e-02 1.929e-01 1395.0812 1.888e-01 6.800e-03 1.381e-01 2.339e-01 0
20201121.500 2459175.000 2459175.006705 0.2964 1361.6775 1.842e-01 6.800e-03 6.053e-02 1.939e-01 1395.5858 1.888e-01 6.800e-03 1.498e-01 2.410e-01 0
20201122.500 2459176.000 2459175.997270 0.2856 1361.6240 1.844e-01 6.800e-03 4.455e-02 1.897e-01 1396.0999 1.890e-01 6.800e-03 1.594e-01 2.473e-01 0
20201123.500 2459177.000 2459176.989333 0.2982 1361.5770 1.844e-01 6.800e-03 5.164e-02 1.915e-01 1396.6112 1.891e-01 6.800e-03 1.609e-01 2.483e-01 0
20201124.500 2459178.000 2459178.007425 0.2773 1361.6265 1.844e-01 6.800e-03 5.280e-02 1.918e-01 1397.2246 1.892e-01 6.800e-03 1.767e-01 2.589e-01 0
20201125.500 2459179.000 2459179.001028 0.2954 1361.6176 1.845e-01 6.800e-03 6.531e-02 1.957e-01 1397.7523 1.894e-01 6.800e-03 1.206e-01 2.245e-01 0
20201126.500 2459180.000 2459180.002026 0.2820 1361.4016 1.845e-01 6.800e-03 8.929e-02 2.049e-01 1398.0586 1.894e-01 6.800e-03 8.093e-02 2.060e-01 0
20201127.500 2459181.000 2459180.999760 0.2944 1361.2617 1.846e-01 6.800e-03 4.283e-02 1.895e-01 1398.4275 1.896e-01 6.800e-03 1.444e-01 2.384e-01 0
20201128.500 2459182.000 2459182.000390 0.2828 1361.1506 1.846e-01 6.800e-03 7.085e-02 1.977e-01 1398.8135 1.897e-01 6.800e-03 1.030e-01 2.158e-01 0
20201129.500 2459183.000 2459182.956492 0.3031 1361.0858 1.846e-01 6.800e-03 5.293e-02 1.920e-01 1399.2110 1.897e-01 6.800e-03 1.642e-01 2.509e-01 0
20201130.500 2459184.000 2459184.034262 0.2758 1361.2251 1.847e-01 6.800e-03 8.467e-02 2.032e-01 1399.8611 1.900e-01 6.800e-03 2.065e-01 2.806e-01 0
20201201.500 2459185.000 2459184.959895 0.3029 1361.4482 1.847e-01 6.800e-03 9.338e-02 2.070e-01 1400.5117 1.900e-01 6.800e-03 2.215e-01 2.919e-01 0
20201202.500 2459186.000 2459186.040313 0.2898 1361.6905 1.848e-01 6.800e-03 7.331e-02 1.988e-01 1401.2360 1.901e-01 6.800e-03 1.916e-01 2.699e-01 0
20201203.500 2459187.000 2459187.000169 0.2949 1361.8673 1.849e-01 6.800e-03 7.066e-02 1.980e-01 1401.8251 1.904e-01 6.800e-03 1.823e-01 2.636e-01 0
20201204.500 2459188.000 2459187.692553 0.1060 1361.9928 1.850e-01 6.800e-03 4.856e-02 1.912e-01 1402.2397 1.904e-01 6.800e-03 5.872e-02 1.993e-01 0
20201205.500 2459189.000 2459189.202032 0.1787 1361.9456 1.851e-01 6.800e-03 5.389e-02 1.928e-01 1402.7872 1.906e-01 6.800e-03 6.740e-02 2.022e-01 0
20201206.500 2459190.000 2459189.983170 0.2969 1361.8226 1.851e-01 6.800e-03 5.588e-02 1.933e-01 1402.9557 1.907e-01 6.800e-03 8.852e-02 2.102e-01 0
20201207.500 2459191.000 2459190.849636 0.2049 1361.7480 1.851e-01 6.800e-03 4.680e-02 1.909e-01 1403.1970 1.907e-01 6.800e-03 7.739e-02 2.058e-01 0
20201208.500 2459192.000 2459192.399687 0.0532 1361.7395 1.852e-01 6.800e-03 5.302e-02 1.926e-01 1403.7324 1.909e-01 6.800e-03 6.319e-02 2.011e-01 0
20201209.500 2459193.000 2459192.982585 0.2862 1361.7694 1.852e-01 6.800e-03 5.878e-02 1.943e-01 1403.9596 1.909e-01 6.800e-03 1.122e-01 2.214e-01 0
20201210.500 2459194.000 2459193.541841 0.0307 1361.7632 1.852e-01 6.800e-03 2.573e-02 1.870e-01 1404.1387 1.910e-01 6.800e-03 2.210e-02 1.922e-01 0
20201211.500 2459195.000 2459194.718204 0.0196 1361.8008 1.853e-01 6.800e-03 2.498e-02 1.870e-01 1404.5557 1.912e-01 6.800e-03 2.548e-02 1.929e-01 0
20201212.500 2459196.000 2459196.000000 0.0000    0.0000 0.000e+00 0.000e+00 0.000e+00 0.000e+00    0.0000 0.000e+00 0.000e+00 0.000e+00 0.000e+00 0
20201213.500 2459197.000 2459197.000000 0.0000    0.0000 0.000e+00 0.000e+00 0.000e+00 0.000e+00    0.0000 0.000e+00 0.000e+00 0.000e+00 0.000e+00 0
20201214.500 2459198.000 2459198.000000 0.0000    0.0000 0.000e+00 0.000e+00 0.000e+00 0.000e+00    0.0000 0.000e+00 0.000e+00 0.000e+00 0.000e+00 0
20201215.500 2459199.000 2459199.000000 0.0000    0.0000 0.000e+00 0.000e+00 0.000e+00 0.000e+00    0.0000 0.000e+00 0.000e+00 0.000e+00 0.000e+00 0
20201216.500 2459200.000 2459200.000000 0.0000    0.0000 0.000e+00 0.000e+00 0.000e+00 0.000e+00    0.0000 0.000e+00 0.000e+00 0.000e+00 0.000e+00 0
20201217.500 2459201.000 2459201.000000 0.0000    0.0000 0.000e+00 0.000e+00 0.000e+00 0.000e+00    0.0000 0.000e+00 0.000e+00 0.000e+00 0.000e+00 0
20201218.500 2459202.000 2459202.327470 0.1103 1361.7723 1.856e-01 6.800e-03 4.124e-02 1.901e-01 1406.6486 1.917e-01 6.800e-03 5.140e-02 1.985e-01 0
20201219.500 2459203.000 2459202.552284 0.0028 1361.7366 1.857e-01 6.800e-03 3.316e-02 1.887e-01 1406.6656 1.919e-01 6.800e-03 3.371e-02 1.948e-01 0
20201220.500 2459204.000 2459204.000000 0.0000    0.0000 0.000e+00 0.000e+00 0.000e+00 0.000e+00    0.0000 0.000e+00 0.000e+00 0.000e+00 0.000e+00 0
20201221.500 2459205.000 2459205.127132 0.2131 1361.7942 1.857e-01 6.800e-03 5.303e-02 1.932e-01 1407.2952 1.920e-01 6.800e-03 7.636e-02 2.066e-01 0
20201222.500 2459206.000 2459206.009992 0.2979 1361.8324 1.859e-01 6.800e-03 4.742e-02 1.918e-01 1407.5093 1.921e-01 6.800e-03 8.392e-02 2.097e-01 0
20201223.500 2459207.000 2459207.012685 0.2794 1361.8186 1.859e-01 6.800e-03 4.529e-02 1.913e-01 1407.6799 1.921e-01 6.800e-03 6.692e-02 2.035e-01 0
20201224.500 2459208.000 2459208.007336 0.2968 1361.7537 1.860e-01 6.800e-03 6.067e-02 1.957e-01 1407.7807 1.923e-01 6.800e-03 5.106e-02 1.990e-01 0
20201225.500 2459209.000 2459209.007234 0.2806 1361.6247 1.860e-01 6.800e-03 6.436e-02 1.968e-01 1407.8002 1.923e-01 6.800e-03 5.589e-02 2.003e-01 0
20201226.500 2459210.000 2459210.007524 0.2952 1361.5264 1.860e-01 6.800e-03 5.473e-02 1.939e-01 1407.8349 1.923e-01 6.800e-03 5.374e-02 1.997e-01 0
20201227.500 2459211.000 2459210.966281 0.2679 1361.5308 1.861e-01 6.800e-03 5.256e-02 1.934e-01 1407.9540 1.925e-01 6.800e-03 6.437e-02 2.029e-01 0
20201228.500 2459212.000 2459212.017915 0.2902 1361.5681 1.861e-01 6.800e-03 5.689e-02 1.946e-01 1408.0994 1.925e-01 6.800e-03 7.612e-02 2.070e-01 0
20201229.500 2459213.000 2459213.027342 0.2770 1361.6963 1.861e-01 6.800e-03 5.963e-02 1.955e-01 1408.3158 1.925e-01 6.800e-03 7.278e-02 2.058e-01 0
20201230.500 2459214.000 2459214.009481 0.2906 1361.7793 1.863e-01 6.800e-03 5.913e-02 1.955e-01 1408.4653 1.927e-01 6.800e-03 7.183e-02 2.056e-01 0
20201231.500 2459215.000 2459215.017166 0.2925 1361.8481 1.863e-01 6.800e-03 5.292e-02 1.937e-01 1408.5834 1.927e-01 6.800e-03 5.838e-02 2.013e-01 0
20210101.500 2459216.000 2459216.000325 0.2917 1361.8530 1.864e-01 6.800e-03 4.840e-02 1.926e-01 1408.6162 1.928e-01 6.800e-03 5.065e-02 1.994e-01 0
20210102.500 2459217.000 2459217.000450 0.2855 1361.8541 1.864e-01 6.800e-03 4.670e-02 1.922e-01 1408.6277 1.928e-01 6.800e-03 4.818e-02 1.988e-01 0
20210103.500 2459218.000 2459218.001379 0.2912 1361.8181 1.864e-01 6.800e-03 4.781e-02 1.925e-01 1408.5828 1.928e-01 6.800e-03 5.103e-02 1.995e-01 0
20210104.500 2459219.000 2459219.005918 0.2863 1361.7562 1.866e-01 6.800e-03 5.124e-02 1.935e-01 1408.4940 1.930e-01 6.800e-03 5.647e-02 2.011e-01 0
20210105.500 2459220.000 2459220.003961 0.2892 1361.7206 1.866e-01 6.800e-03 5.235e-02 1.938e-01 1408.4161 1.930e-01 6.800e-03 5.787e-02 2.014e-01 0
20210106.500 2459221.000 2459220.700126 0.1332 1361.6992 1.867e-01 6.800e-03 5.533e-02 1.947e-01 1408.3566 1.931e-01 6.800e-03 5.531e-02 2.009e-01 0
20210107.500 2459222.000 2459222.339387 0.1031 1361.6905 1.867e-01 6.800e-03 4.765e-02 1.927e-01 1408.2307 1.931e-01 6.800e-03 5.069e-02 1.996e-01 0
20210108.500 2459223.000 2459223.003373 0.2850 1361.6732 1.867e-01 6.800e-03 5.198e-02 1.938e-01 1408.1546 1.931e-01 6.800e-03 5.663e-02 2.012e-01 0
20210109.500 2459224.000 2459223.986341 0.2801 1361.6703 1.868e-01 6.800e-03 5.286e-02 1.942e-01 1408.0561 1.932e-01 6.800e-03 6.380e-02 2.034e-01 0
20210110.500 2459225.000 2459224.728991 0.1688 1361.6618 1.868e-01 6.800e-03 5.128e-02 1.937e-01 1407.9679 1.932e-01 6.800e-03 5.273e-02 2.002e-01 0
20210111.500 2459226.000 2459226.000000 0.0000    0.0000 0.000e+00 0.000e+00 0.000e+00 0.000e+00    0.0000 0.000e+00 0.000e+00 0.000e+00 0.000e+00 0
20210112.500 2459227.000 2459227.000000 0.0000    0.0000 0.000e+00 0.000e+00 0.000e+00 0.000e+00    0.0000 0.000e+00 0.000e+00 0.000e+00 0.000e+00 0
20210113.500 2459228.000 2459228.169610 0.0628 1361.6271 1.870e-01 6.800e-03 3.793e-02 1.908e-01 1407.4854 1.932e-01 6.800e-03 4.119e-02 1.976e-01 0
20210114.500 2459229.000 2459229.000000 0.0000    0.0000 0.000e+00 0.000e+00 0.000e+00 0.000e+00    0.0000 0.000e+00 0.000e+00 0.000e+00 0.000e+00 0
20210115.500 2459230.000 2459230.000000 0.0000    0.0000 0.000e+00 0.000e+00 0.000e+00 0.000e+00    0.0000 0.000e+00 0.000e+00 0.000e+00 0.000e+00 0
20210116.500 2459231.000 2459231.000000 0.0000    0.0000 0.000e+00 0.000e+00 0.000e+00 0.000e+00    0.0000 0.000e+00 0.000e+00 0.000e+00 0.000e+00 0
20210117.500 2459232.000 2459232.000000 0.0000    0.0000 0.000e+00 0.000e+00 0.000e+00 0.000e+00    0.0000 0.000e+00 0.000e+00 0.000e+00 0.000e+00 0
20210118.500 2459233.000 2459233.395172 0.0692 1361.7558 1.872e-01 6.800e-03 5.653e-02 1.956e-01 1406.6991 1.934e-01 6.800e-03 5.962e-02 2.024e-01 0
20210119.500 2459234.000 2459233.940511 0.3352 1361.7834 1.872e-01 6.800e-03 5.184e-02 1.943e-01 1406.6123 1.934e-01 6.800e-03 6.797e-02 2.050e-01 0
20210120.500 2459235.000 2459234.996772 0.2968 1361.7751 1.874e-01 6.800e-03 5.757e-02 1.960e-01 1406.3708 1.935e-01 6.800e-03 9.965e-02 2.177e-01 0
20210121.500 2459236.000 2459235.806818 0.1769 1361.7410 1.874e-01 6.800e-03 5.141e-02 1.943e-01 1406.1469 1.935e-01 6.800e-03 6.792e-02 2.051e-01 0
20210122.500 2459237.000 2459237.368487 0.0851 1361.7402 1.875e-01 6.800e-03 6.341e-02 1.979e-01 1405.7555 1.936e-01 6.800e-03 6.852e-02 2.053e-01 0
20210123.500 2459238.000 2459238.096765 0.2307 1361.7964 1.875e-01 6.800e-03 4.889e-02 1.938e-01 1405.6185 1.936e-01 6.800e-03 6.383e-02 2.038e-01 0
20210124.500 2459239.000 2459238.997635 0.2975 1361.8507 1.875e-01 6.800e-03 5.087e-02 1.943e-01 1405.4222 1.935e-01 6.800e-03 9.493e-02 2.156e-01 0
20210125.500 2459240.000 2459239.998346 0.2794 1361.8474 1.877e-01 6.800e-03 4.624e-02 1.933e-01 1405.1238 1.936e-01 6.800e-03 1.044e-01 2.200e-01 0
20210126.500 2459241.000 2459241.001073 0.2981 1361.8430 1.877e-01 6.800e-03 4.653e-02 1.933e-01 1404.8073 1.936e-01 6.800e-03 1.007e-01 2.182e-01 0
20210127.500 2459242.000 2459241.983480 0.2979 1361.8465 1.878e-01 6.800e-03 5.474e-02 1.956e-01 1404.4889 1.937e-01 6.800e-03 9.508e-02 2.158e-01 0
20210128.500 2459243.000 2459242.945036 0.2780 1361.8306 1.878e-01 6.800e-03 5.498e-02 1.957e-01 1404.1419 1.936e-01 6.800e-03 1.259e-01 2.310e-01 0
20210129.500 2459244.000 2459243.987778 0.2831 1361.8089 1.878e-01 6.800e-03 5.187e-02 1.948e-01 1403.7431 1.936e-01 6.800e-03 1.128e-01 2.240e-01 0
20210130.500 2459245.000 2459245.017564 0.2894 1361.7488 1.879e-01 6.800e-03 5.376e-02 1.955e-01 1403.2913 1.937e-01 6.800e-03 1.280e-01 2.321e-01 0
20210131.500 2459246.000 2459245.999508 0.2790 1361.7191 1.879e-01 6.800e-03 4.975e-02 1.944e-01 1402.8727 1.936e-01 6.800e-03 1.277e-01 2.319e-01 0
20210201.500 2459247.000 2459246.680963 0.1107 1361.6925 1.879e-01 6.800e-03 5.196e-02 1.950e-01 1402.5674 1.936e-01 6.800e-03 7.048e-02 2.060e-01 0
20210202.500 2459248.000 2459248.391415 0.0533 1361.6733 1.880e-01 6.800e-03 4.581e-02 1.935e-01 1401.8176 1.936e-01 6.800e-03 5.624e-02 2.016e-01 0
20210203.500 2459249.000 2459249.003049 0.2982 1361.6342 1.880e-01 6.800e-03 4.865e-02 1.942e-01 1401.5056 1.935e-01 6.800e-03 1.585e-01 2.502e-01 0
20210204.500 2459250.000 2459249.993618 0.2799 1361.6340 1.882e-01 6.800e-03 4.320e-02 1.931e-01 1401.0557 1.936e-01 6.800e-03 1.375e-01 2.375e-01 0
20210205.500 2459251.000 2459250.696278 0.1203 1361.6223 1.882e-01 6.800e-03 4.808e-02 1.942e-01 1400.7178 1.936e-01 6.800e-03 7.472e-02 2.075e-01 0
20210206.500 2459252.000 2459252.331184 0.0919 1361.6365 1.882e-01 6.800e-03 5.280e-02 1.954e-01 1399.9519 1.935e-01 6.800e-03 8.224e-02 2.102e-01 0
20210207.500 2459253.000 2459252.999037 0.2958 1361.6340 1.883e-01 6.800e-03 5.849e-02 1.972e-01 1399.6225 1.936e-01 6.800e-03 1.577e-01 2.497e-01 0
20210208.500 2459254.000 2459254.011306 0.2877 1361.6271 1.883e-01 6.800e-03 4.661e-02 1.940e-01 1399.1130 1.935e-01 6.800e-03 1.466e-01 2.428e-01 0
20210209.500 2459255.000 2459254.571460 0.0429 1361.6279 1.884e-01 6.800e-03 5.814e-02 1.972e-01 1398.8325 1.936e-01 6.800e-03 6.525e-02 2.043e-01 0
20210210.500 2459256.000 2459256.345258 0.0880 1361.6375 1.885e-01 6.800e-03 3.961e-02 1.926e-01 1397.9347 1.935e-01 6.800e-03 5.287e-02 2.006e-01 0
20210211.500 2459257.000 2459256.987249 0.2855 1361.6609 1.885e-01 6.800e-03 4.797e-02 1.945e-01 1397.6244 1.934e-01 6.800e-03 1.423e-01 2.402e-01 0
20210212.500 2459258.000 2459257.996571 0.2846 1361.6887 1.886e-01 6.800e-03 5.004e-02 1.951e-01 1397.1220 1.935e-01 6.800e-03 1.644e-01 2.539e-01 0
20210213.500 2459259.000 2459259.007426 0.2781 1361.6739 1.886e-01 6.800e-03 5.222e-02 1.957e-01 1396.5683 1.934e-01 6.800e-03 1.610e-01 2.517e-01 0
20210214.500 2459260.000 2459260.005748 0.2986 1361.7023 1.886e-01 6.800e-03 4.533e-02 1.940e-01 1396.0583 1.934e-01 6.800e-03 1.568e-01 2.490e-01 0
20210215.500 2459261.000 2459261.003979 0.2786 1361.7224 1.887e-01 6.800e-03 5.697e-02 1.971e-01 1395.5330 1.934e-01 6.800e-03 1.579e-01 2.497e-01 0
20210216.500 2459262.000 2459262.000340 0.2976 1361.7392 1.887e-01 6.800e-03 5.307e-02 1.961e-01 1394.9977 1.933e-01 6.800e-03 1.635e-01 2.532e-01 0
20210217.500 2459263.000 2459262.560196 0.0298 1361.7417 1.889e-01 6.800e-03 3.010e-02 1.913e-01 1394.6869 1.934e-01 6.800e-03 2.585e-02 1.952e-01 0
20210218.500 2459264.000 2459264.160725 0.2043 1361.7421 1.889e-01 6.800e-03 5.527e-02 1.968e-01 1393.7760 1.933e-01 6.800e-03 1.460e-01 2.422e-01 0
20210219.500 2459265.000 2459265.002948 0.2797 1361.7554 1.889e-01 6.800e-03 4.870e-02 1.951e-01 1393.3012 1.933e-01 6.800e-03 1.762e-01 2.615e-01 0
20210220.500 2459266.000 2459266.001710 0.2983 1361.7806 1.890e-01 6.800e-03 4.756e-02 1.949e-01 1392.7396 1.933e-01 6.800e-03 1.904e-01 2.713e-01 0
20210221.500 2459267.000 2459267.002725 0.2792 1361.7673 1.890e-01 6.800e-03 4.175e-02 1.936e-01 1392.1278 1.932e-01 6.800e-03 1.776e-01 2.625e-01 0
20210222.500 2459268.000 2459267.646699 0.0918 1361.7577 1.891e-01 6.800e-03 5.948e-02 1.983e-01 1391.7284 1.933e-01 6.800e-03 6.694e-02 2.046e-01 0
20210223.500 2459269.000 2459269.229255 0.1485 1361.6699 1.891e-01 6.800e-03 5.421e-02 1.968e-01 1390.6616 1.932e-01 6.800e-03 1.191e-01 2.269e-01 0
20210224.500 2459270.000 2459269.952163 0.2776 1361.6710 1.891e-01 6.800e-03 5.045e-02 1.957e-01 1390.2072 1.931e-01 6.800e-03 1.961e-01 2.752e-01 0
20210225.500 2459271.000 2459271.016585 0.2700 1361.6446 1.893e-01 6.800e-03 5.386e-02 1.968e-01 1389.4992 1.931e-01 6.800e-03 1.605e-01 2.511e-01 0
20210226.500 2459272.000 2459272.002414 0.2899 1361.6943 1.893e-01 6.800e-03 5.723e-02 1.977e-01 1388.9074 1.931e-01 6.800e-03 1.926e-01 2.727e-01 0
20210227.500 2459273.000 2459273.043218 0.2844 1361.7288 1.894e-01 6.800e-03 4.903e-02 1.957e-01 1388.2519 1.931e-01 6.800e-03 1.965e-01 2.755e-01 0
20210228.500 2459274.000 2459273.925148 0.3497 1361.7372 1.894e-01 6.800e-03 5.461e-02 1.971e-01 1387.6651 1.930e-01 6.800e-03 2.699e-01 3.318e-01 0
20210301.500 2459275.000 2459275.007372 0.2803 1361.6701 1.894e-01 6.800e-03 4.548e-02 1.948e-01 1386.8546 1.929e-01 6.800e-03 2.057e-01 2.820e-01 0
20210302.500 2459276.000 2459276.006906 0.2949 1361.6402 1.895e-01 6.800e-03 4.550e-02 1.949e-01 1386.1273 1.929e-01 6.800e-03 2.248e-01 2.962e-01 0
20210303.500 2459277.000 2459277.006572 0.2821 1361.6087 1.895e-01 6.800e-03 4.859e-02 1.957e-01 1385.3885 1.928e-01 6.800e-03 2.124e-01 2.869e-01 0
20210304.500 2459278.000 2459277.987215 0.3261 1361.6501 1.895e-01 6.800e-03 4.980e-02 1.960e-01 1384.7284 1.928e-01 6.800e-03 2.361e-01 3.048e-01 0
20210305.500 2459279.000 2459278.710465 0.1150 1361.6300 1.897e-01 6.800e-03 4.867e-02 1.958e-01 1384.1858 1.928e-01 6.800e-03 8.635e-02 2.113e-01 0
20210306.500 2459280.000 2459280.307748 0.1298 1361.6307 1.897e-01 6.800e-03 4.382e-02 1.947e-01 1383.0200 1.927e-01 6.800e-03 9.230e-02 2.136e-01 0
20210307.500 2459281.000 2459281.030239 0.2715 1361.6529 1.898e-01 6.800e-03 5.538e-02 1.977e-01 1382.5103 1.927e-01 6.800e-03 1.924e-01 2.723e-01 0
20210308.500 2459282.000 2459282.017803 0.2994 1361.6869 1.898e-01 6.800e-03 4.770e-02 1.957e-01 1381.8140 1.926e-01 6.800e-03 2.240e-01 2.955e-01 0
20210309.500 2459283.000 2459282.911761 0.3273 1361.6845 1.898e-01 6.800e-03 5.183e-02 1.968e-01 1381.1472 1.925e-01 6.800e-03 2.409e-01 3.084e-01 0
20210310.500 2459284.000 2459284.055258 0.2869 1361.7076 1.900e-01 6.800e-03 5.173e-02 1.969e-01 1380.3180 1.926e-01 6.800e-03 1.967e-01 2.753e-01 0
20210311.500 2459285.000 2459284.989779 0.3098 1361.7224 1.900e-01 6.800e-03 5.702e-02 1.983e-01 1379.6345 1.925e-01 6.800e-03 2.324e-01 3.018e-01 0
20210312.500 2459286.000 2459285.868015 0.2116 1361.7119 1.901e-01 6.800e-03 5.373e-02 1.975e-01 1378.9665 1.925e-01 6.800e-03 1.685e-01 2.558e-01 0
20210313.500 2459287.000 2459287.000000 0.0000    0.0000 0.000e+00 0.000e+00 0.000e+00 0.000e+00    0.0000 0.000e+00 0.000e+00 0.000e+00 0.000e+00 0
20210314.500 2459288.000 2459288.415508 0.0409 1361.6962 1.902e-01 6.800e-03 5.306e-02 1.975e-01 1377.0407 1.924e-01 6.800e-03 6.888e-02 2.043e-01 0
20210315.500 2459289.000 2459288.991120 0.2936 1361.6951 1.902e-01 6.800e-03 5.588e-02 1.983e-01 1376.6075 1.923e-01 6.800e-03 2.115e-01 2.859e-01 0
20210316.500 2459290.000 2459289.797620 0.1671 1361.7360 1.902e-01 6.800e-03 5.040e-02 1.968e-01 1376.0432 1.922e-01 6.800e-03 1.295e-01 2.318e-01 0
20210317.500 2459291.000 2459291.348319 0.0917 1361.7457 1.904e-01 6.800e-03 4.280e-02 1.951e-01 1374.8873 1.922e-01 6.800e-03 8.840e-02 2.116e-01 0
20210318.500 2459292.000 2459291.995590 0.2794 1361.7886 1.904e-01 6.800e-03 4.984e-02 1.968e-01 1374.4434 1.921e-01 6.800e-03 2.004e-01 2.776e-01 0
20210319.500 2459293.000 2459292.543974 0.0331 1361.8052 1.904e-01 6.800e-03 4.909e-02 1.966e-01 1374.0471 1.921e-01 6.800e-03 4.351e-02 1.970e-01 0
20210320.500 2459294.000 2459294.000000 0.0000    0.0000 0.000e+00 0.000e+00 0.000e+00 0.000e+00    0.0000 0.000e+00 0.000e+00 0.000e+00 0.000e+00 0
20210321.500 2459295.000 2459295.132539 0.2218 1361.7965 1.905e-01 6.800e-03 4.715e-02 1.963e-01 1372.0823 1.920e-01 6.800e-03 1.774e-01 2.614e-01 0
20210322.500 2459296.000 2459295.941525 0.2714 1361.7847 1.906e-01 6.800e-03 4.493e-02 1.959e-01 1371.4564 1.920e-01 6.800e-03 2.119e-01 2.859e-01 0
20210323.500 2459297.000 2459297.035551 0.2894 1361.7998 1.907e-01 6.800e-03 4.412e-02 1.957e-01 1370.6385 1.919e-01 6.800e-03 2.304e-01 2.999e-01 0
20210324.500 2459298.000 2459298.067468 0.3311 1361.7995 1.907e-01 6.800e-03 5.698e-02 1.990e-01 1369.8489 1.918e-01 6.800e-03 2.473e-01 3.130e-01 0
20210325.500 2459299.000 2459299.012120 0.2971 1361.7910 1.908e-01 6.800e-03 4.678e-02 1.964e-01 1369.1146 1.918e-01 6.800e-03 2.445e-01 3.107e-01 0
20210326.500 2459300.000 2459300.033910 0.2954 1361.7653 1.908e-01 6.800e-03 4.270e-02 1.955e-01 1368.2994 1.917e-01 6.800e-03 2.391e-01 3.065e-01 0
20210327.500 2459301.000 2459301.044958 0.2982 1361.7481 1.909e-01 6.800e-03 5.418e-02 1.985e-01 1367.4965 1.917e-01 6.800e-03 2.345e-01 3.029e-01 0
20210328.500 2459302.000 2459302.004879 0.2781 1361.7504 1.909e-01 6.800e-03 4.862e-02 1.970e-01 1366.7483 1.916e-01 6.800e-03 2.165e-01 2.891e-01 0
20210329.500 2459303.000 2459303.002229 0.2973 1361.7449 1.909e-01 6.800e-03 4.575e-02 1.963e-01 1365.9582 1.915e-01 6.800e-03 2.466e-01 3.122e-01 0
20210330.500 2459304.000 2459304.002992 0.2797 1361.7182 1.910e-01 6.800e-03 5.027e-02 1.976e-01 1365.1397 1.915e-01 6.800e-03 2.401e-01 3.071e-01 0
20210331.500 2459305.000 2459305.003646 0.2964 1361.6948 1.910e-01 6.800e-03 5.745e-02 1.995e-01 1364.3206 1.914e-01 6.800e-03 2.631e-01 3.254e-01 0
20210401.500 2459306.000 2459306.003591 0.2809 1361.6800 1.912e-01 6.800e-03 5.255e-02 1.983e-01 1363.5074 1.914e-01 6.800e-03 2.302e-01 2.994e-01 0
20210402.500 2459307.000 2459306.730121 0.1387 1361.6329 1.912e-01 6.800e-03 4.717e-02 1.969e-01 1362.8788 1.913e-01 6.800e-03 1.353e-01 2.344e-01 0
20210403.500 2459308.000 2459308.269015 0.1282 1361.6224 1.912e-01 6.800e-03 5.830e-02 1.999e-01 1361.6346 1.912e-01 6.800e-03 1.251e-01 2.284e-01 0
20210404.500 2459309.000 2459308.814662 0.1855 1361.6296 1.913e-01 6.800e-03 4.780e-02 1.972e-01 1361.2044 1.912e-01 6.800e-03 1.493e-01 2.426e-01 0
20210405.500 2459310.000 2459310.000000 0.0000    0.0000 0.000e+00 0.000e+00 0.000e+00 0.000e+00    0.0000 0.000e+00 0.000e+00 0.000e+00 0.000e+00 0
20210406.500 2459311.000 2459311.244361 0.1597 1361.6596 1.913e-01 6.800e-03 5.242e-02 1.984e-01 1359.2927 1.910e-01 6.800e-03 1.510e-01 2.435e-01 0
20210407.500 2459312.000 2459311.999707 0.2841 1361.6390 1.914e-01 6.800e-03 5.059e-02 1.980e-01 1358.6721 1.910e-01 6.800e-03 2.189e-01 2.905e-01 0
20210408.500 2459313.000 2459312.998497 0.2936 1361.6487 1.914e-01 6.800e-03 4.978e-02 1.978e-01 1357.8919 1.909e-01 6.800e-03 2.411e-01 3.075e-01 0
20210409.500 2459314.000 2459313.717731 0.1206 1361.6385 1.916e-01 6.800e-03 5.503e-02 1.993e-01 1357.3156 1.910e-01 6.800e-03 1.118e-01 2.213e-01 0
20210410.500 2459315.000 2459315.273148 0.1362 1361.6661 1.916e-01 6.800e-03 5.083e-02 1.982e-01 1356.1284 1.908e-01 6.800e-03 1.184e-01 2.246e-01 0
20210411.500 2459316.000 2459316.000090 0.2872 1361.6740 1.916e-01 6.800e-03 5.000e-02 1.980e-01 1355.5735 1.907e-01 6.800e-03 2.366e-01 3.039e-01 0
20210412.500 2459317.000 2459316.958569 0.2661 1361.6797 1.917e-01 6.800e-03 5.038e-02 1.982e-01 1354.8418 1.908e-01 6.800e-03 2.118e-01 2.851e-01 0
20210413.500 2459318.000 2459317.676889 0.1015 1361.6585 1.917e-01 6.800e-03 4.878e-02 1.978e-01 1354.2717 1.907e-01 6.800e-03 1.011e-01 2.158e-01 0
20210414.500 2459319.000 2459319.161154 0.1533 1361.6789 1.919e-01 6.800e-03 4.693e-02 1.975e-01 1353.1682 1.907e-01 6.800e-03 1.160e-01 2.232e-01 0
20210415.500 2459320.000 2459319.987718 0.2724 1361.7178 1.919e-01 6.800e-03 4.537e-02 1.972e-01 1352.5872 1.906e-01 6.800e-03 2.135e-01 2.862e-01 0
20210416.500 2459321.000 2459320.972174 0.2676 1361.7529 1.919e-01 6.800e-03 5.150e-02 1.987e-01 1351.8893 1.905e-01 6.800e-03 2.112e-01 2.844e-01 0
20210417.500 2459322.000 2459321.513233 0.0021 1361.7815 1.920e-01 6.800e-03 2.255e-02 1.933e-01 1351.5172 1.906e-01 6.800e-03 2.297e-02 1.919e-01 0
20210418.500 2459323.000 2459323.014266 0.2464 1361.7600 1.920e-01 6.800e-03 5.110e-02 1.987e-01 1350.3944 1.904e-01 6.800e-03 2.046e-01 2.795e-01 0
20210419.500 2459324.000 2459323.984571 0.2675 1361.6956 1.921e-01 6.800e-03 5.421e-02 1.996e-01 1349.6250 1.904e-01 6.800e-03 2.237e-01 2.938e-01 0
20210420.500 2459325.000 2459325.169921 0.1573 1361.6700 1.921e-01 6.800e-03 4.616e-02 1.976e-01 1348.7438 1.903e-01 6.800e-03 1.314e-01 2.313e-01 0
20210421.500 2459326.000 2459325.638552 0.0721 1361.6941 1.921e-01 6.800e-03 4.948e-02 1.984e-01 1348.4311 1.903e-01 6.800e-03 6.310e-02 2.005e-01 0
20210422.500 2459327.000 2459327.114834 0.1893 1361.7131 1.923e-01 6.800e-03 4.305e-02 1.970e-01 1347.3950 1.903e-01 6.800e-03 1.430e-01 2.380e-01 0
20210423.500 2459328.000 2459328.002013 0.2787 1361.7149 1.923e-01 6.800e-03 5.008e-02 1.987e-01 1346.7664 1.902e-01 6.800e-03 2.098e-01 2.832e-01 0
20210424.500 2459329.000 2459328.669540 0.0880 1361.7047 1.924e-01 6.800e-03 3.764e-02 1.961e-01 1346.2831 1.902e-01 6.800e-03 8.011e-02 2.064e-01 0
20210425.500 2459330.000 2459330.096113 0.1231 1361.6168 1.924e-01 6.800e-03 5.373e-02 1.998e-01 1345.1886 1.901e-01 6.800e-03 1.099e-01 2.196e-01 0
20210426.500 2459331.000 2459331.444535 0.0011 1361.5247 1.925e-01 6.800e-03 8.749e-03 1.927e-01 1344.1481 1.901e-01 6.800e-03 9.304e-03 1.903e-01 0
20210427.500 2459332.000 2459331.745874 0.1484 1361.5982 1.925e-01 6.800e-03 4.321e-02 1.973e-01 1344.0089 1.900e-01 6.800e-03 1.030e-01 2.162e-01 0
20210428.500 2459333.000 2459333.000000 0.0000    0.0000 0.000e+00 0.000e+00 0.000e+00 0.000e+00    0.0000 0.000e+00 0.000e+00 0.000e+00 0.000e+00 0
20210429.500 2459334.000 2459333.990786 0.2872 1361.7267 1.927e-01 6.800e-03 4.893e-02 1.988e-01 1342.5625 1.900e-01 6.800e-03 2.108e-01 2.838e-01 0
20210430.500 2459335.000 2459334.984347 0.2708 1361.7209 1.927e-01 6.800e-03 5.149e-02 1.994e-01 1341.8644 1.899e-01 6.800e-03 1.927e-01 2.705e-01 0
20210501.500 2459336.000 2459335.957769 0.2520 1361.6859 1.928e-01 6.800e-03 5.251e-02 1.998e-01 1341.1551 1.899e-01 6.800e-03 1.783e-01 2.605e-01 0
20210502.500 2459337.000 2459337.000000 0.0000    0.0000 0.000e+00 0.000e+00 0.000e+00 0.000e+00    0.0000 0.000e+00 0.000e+00 0.000e+00 0.000e+00 0
20210503.500 2459338.000 2459337.978167 0.2545 1361.6483 1.928e-01 6.800e-03 5.003e-02 1.992e-01 1339.7325 1.897e-01 6.800e-03 1.762e-01 2.589e-01 0
20210504.500 2459339.000 2459338.908954 0.3155 1361.6523 1.929e-01 6.800e-03 4.346e-02 1.978e-01 1339.1070 1.898e-01 6.800e-03 2.146e-01 2.864e-01 0
20210505.500 2459340.000 2459339.949668 0.2666 1361.6626 1.929e-01 6.800e-03 5.141e-02 1.997e-01 1338.4211 1.897e-01 6.800e-03 1.741e-01 2.575e-01 0
20210506.500 2459341.000 2459341.019034 0.2756 1361.6538 1.931e-01 6.800e-03 4.723e-02 1.988e-01 1337.7069 1.897e-01 6.800e-03 1.856e-01 2.654e-01 0
20210507.500 2459342.000 2459341.997349 0.2954 1361.6623 1.931e-01 6.800e-03 4.828e-02 1.990e-01 1337.0792 1.896e-01 6.800e-03 2.074e-01 2.810e-01 0
20210508.500 2459343.000 2459342.978601 0.2684 1361.6559 1.931e-01 6.800e-03 5.407e-02 2.005e-01 1336.4445 1.895e-01 6.800e-03 1.805e-01 2.617e-01 0
20210509.500 2459344.000 2459343.993304 0.2945 1361.6720 1.932e-01 6.800e-03 5.020e-02 1.996e-01 1335.8212 1.896e-01 6.800e-03 1.709e-01 2.552e-01 0
20210510.500 2459345.000 2459344.995496 0.2851 1361.6302 1.932e-01 6.800e-03 5.220e-02 2.001e-01 1335.1600 1.895e-01 6.800e-03 1.971e-01 2.734e-01 0
20210511.500 2459346.000 2459345.953197 0.2963 1361.6186 1.933e-01 6.800e-03 5.582e-02 2.012e-01 1334.5666 1.895e-01 6.800e-03 2.034e-01 2.780e-01 0
20210512.500 2459347.000 2459346.986505 0.2786 1361.6281 1.934e-01 6.800e-03 3.991e-02 1.974e-01 1333.9598 1.894e-01 6.800e-03 1.637e-01 2.504e-01 0
20210513.500 2459348.000 2459347.809813 0.1893 1361.6620 1.934e-01 6.800e-03 5.303e-02 2.005e-01 1333.5107 1.894e-01 6.800e-03 1.338e-01 2.319e-01 0
20210514.500 2459349.000 2459349.000000 0.0000    0.0000 0.000e+00 0.000e+00 0.000e+00 0.000e+00    0.0000 0.000e+00 0.000e+00 0.000e+00 0.000e+00 0
20210515.500 2459350.000 2459350.000000 0.0000    0.0000 0.000e+00 0.000e+00 0.000e+00 0.000e+00    0.0000 0.000e+00 0.000e+00 0.000e+00 0.000e+00 0
20210516.500 2459351.000 2459351.000000 0.0000    0.0000 0.000e+00 0.000e+00 0.000e+00 0.000e+00    0.0000 0.000e+00 0.000e+00 0.000e+00 0.000e+00 0
20210517.500 2459352.000 2459352.000000 0.0000    0.0000 0.000e+00 0.000e+00 0.000e+00 0.000e+00    0.0000 0.000e+00 0.000e+00 0.000e+00 0.000e+00 0
20210518.500 2459353.000 2459353.190509 0.1856 1361.8329 1.937e-01 6.800e-03 4.744e-02 1.994e-01 1330.7187 1.892e-01 6.800e-03 8.310e-02 2.067e-01 0
20210519.500 2459354.000 2459354.022265 0.2792 1361.8307 1.938e-01 6.800e-03 5.200e-02 2.006e-01 1330.2871 1.893e-01 6.800e-03 1.662e-01 2.519e-01 0
20210520.500 2459355.000 2459354.832736 0.1895 1361.7641 1.938e-01 6.800e-03 5.344e-02 2.010e-01 1329.8096 1.892e-01 6.800e-03 1.191e-01 2.236e-01 0
20210521.500 2459356.000 2459356.361099 0.0731 1361.6932 1.939e-01 6.800e-03 4.970e-02 2.002e-01 1328.9788 1.892e-01 6.800e-03 7.284e-02 2.028e-01 0
20210522.500 2459357.000 2459357.015062 0.2991 1361.6488 1.939e-01 6.800e-03 5.592e-02 2.018e-01 1328.6158 1.892e-01 6.800e-03 1.658e-01 2.516e-01 0
20210523.500 2459358.000 2459358.008924 0.2792 1361.6311 1.939e-01 6.800e-03 3.813e-02 1.976e-01 1328.1183 1.891e-01 6.800e-03 1.439e-01 2.377e-01 0
20210524.500 2459359.000 2459359.008327 0.2984 1361.6194 1.940e-01 6.800e-03 4.852e-02 2.000e-01 1327.6309 1.892e-01 6.800e-03 1.418e-01 2.364e-01 0
20210525.500 2459360.000 2459360.012145 0.2802 1361.6257 1.940e-01 6.800e-03 5.347e-02 2.013e-01 1327.1652 1.891e-01 6.800e-03 1.582e-01 2.466e-01 0
20210526.500 2459361.000 2459360.962087 0.3211 1361.5731 1.942e-01 6.800e-03 5.302e-02 2.013e-01 1326.6730 1.892e-01 6.800e-03 1.545e-01 2.443e-01 0
20210527.500 2459362.000 2459362.007779 0.2858 1361.6570 1.942e-01 6.800e-03 5.335e-02 2.014e-01 1326.2753 1.891e-01 6.800e-03 1.148e-01 2.213e-01 0
20210528.500 2459363.000 2459363.016257 0.2878 1361.7196 1.942e-01 6.800e-03 5.431e-02 2.016e-01 1325.8805 1.891e-01 6.800e-03 1.264e-01 2.274e-01 0
20210529.500 2459364.000 2459364.026190 0.3501 1361.7405 1.943e-01 6.800e-03 4.761e-02 2.001e-01 1325.4516 1.891e-01 6.800e-03 1.619e-01 2.490e-01 0
20210530.500 2459365.000 2459365.005144 0.2940 1361.6627 1.943e-01 6.800e-03 5.908e-02 2.031e-01 1324.9475 1.891e-01 6.800e-03 1.654e-01 2.512e-01 0
20210531.500 2459366.000 2459366.019038 0.2900 1361.6190 1.944e-01 6.800e-03 4.972e-02 2.007e-01 1324.4701 1.891e-01 6.800e-03 1.353e-01 2.325e-01 0
20210601.500 2459367.000 2459367.003730 0.2920 1361.6398 1.944e-01 6.800e-03 4.390e-02 1.993e-01 1324.0772 1.891e-01 6.800e-03 1.265e-01 2.275e-01 0
20210602.500 2459368.000 2459367.571770 0.0414 1361.6681 1.946e-01 6.800e-03 5.538e-02 2.023e-01 1323.8704 1.892e-01 6.800e-03 6.078e-02 1.987e-01 0
20210603.500 2459369.000 2459369.292793 0.1242 1361.6441 1.946e-01 6.800e-03 4.580e-02 1.999e-01 1323.1605 1.891e-01 6.800e-03 5.803e-02 1.978e-01 0
20210604.500 2459370.000 2459370.005967 0.2843 1361.6790 1.946e-01 6.800e-03 4.989e-02 2.009e-01 1322.9205 1.890e-01 6.800e-03 1.174e-01 2.225e-01 0
20210605.500 2459371.000 2459370.644430 0.0878 1361.6919 1.947e-01 6.800e-03 5.522e-02 2.024e-01 1322.6925 1.891e-01 6.800e-03 5.897e-02 1.981e-01 0
20210606.500 2459372.000 2459372.205704 0.1681 1361.7969 1.947e-01 6.800e-03 4.772e-02 2.005e-01 1322.2299 1.891e-01 6.800e-03 7.126e-02 2.021e-01 0
20210607.500 2459373.000 2459372.999405 0.2895 1361.7530 1.949e-01 6.800e-03 5.201e-02 2.017e-01 1321.9133 1.892e-01 6.800e-03 1.181e-01 2.230e-01 0
20210608.500 2459374.000 2459373.998174 0.2892 1361.7402 1.949e-01 6.800e-03 4.538e-02 2.001e-01 1321.5684 1.891e-01 6.800e-03 1.078e-01 2.177e-01 0
20210609.500 2459375.000 2459374.998292 0.2889 1361.7688 1.949e-01 6.800e-03 5.651e-02 2.029e-01 1321.2776 1.891e-01 6.800e-03 8.791e-02 2.085e-01 0
20210610.500 2459376.000 2459375.998922 0.2971 1361.8415 1.950e-01 6.800e-03 5.692e-02 2.032e-01 1321.0442 1.892e-01 6.800e-03 7.069e-02 2.019e-01 0
20210611.500 2459377.000 2459376.998583 0.2882 1361.8856 1.950e-01 6.800e-03 4.429e-02 2.000e-01 1320.7980 1.891e-01 6.800e-03 8.481e-02 2.073e-01 0
20210612.500 2459378.000 2459377.997772 0.2912 1361.8433 1.952e-01 6.800e-03 5.467e-02 2.027e-01 1320.4830 1.892e-01 6.800e-03 1.093e-01 2.185e-01 0
20210613.500 2459379.000 2459378.995672 0.2856 1361.8392 1.952e-01 6.800e-03 5.195e-02 2.019e-01 1320.2202 1.892e-01 6.800e-03 9.689e-02 2.126e-01 0
20210614.500 2459380.000 2459379.996940 0.2931 1361.8412 1.952e-01 6.800e-03 4.780e-02 2.009e-01 1319.9770 1.892e-01 6.800e-03 8.029e-02 2.055e-01 0
20210615.500 2459381.000 2459380.975468 0.2851 1361.8194 1.953e-01 6.800e-03 4.945e-02 2.014e-01 1319.7301 1.892e-01 6.800e-03 8.937e-02 2.093e-01 0
20210616.500 2459382.000 2459381.843683 0.4129 1361.8208 1.953e-01 6.800e-03 4.006e-02 1.994e-01 1319.5428 1.892e-01 6.800e-03 9.689e-02 2.126e-01 0
20210617.500 2459383.000 2459382.996065 0.2810 1361.7769 1.954e-01 6.800e-03 5.462e-02 2.029e-01 1319.2640 1.893e-01 6.800e-03 7.845e-02 2.049e-01 0
20210618.500 2459384.000 2459383.997336 0.2964 1361.7551 1.954e-01 6.800e-03 4.557e-02 2.007e-01 1319.0517 1.893e-01 6.800e-03 7.848e-02 2.049e-01 0
20210619.500 2459385.000 2459384.996482 0.2793 1361.7013 1.955e-01 6.800e-03 5.107e-02 2.021e-01 1318.8204 1.894e-01 6.800e-03 7.812e-02 2.049e-01 0
20210620.500 2459386.000 2459385.806579 0.4252 1361.6450 1.955e-01 6.800e-03 3.615e-02 1.988e-01 1318.6291 1.894e-01 6.800e-03 7.896e-02 2.052e-01 0
20210621.500 2459387.000 2459386.992919 0.2773 1361.7027 1.955e-01 6.800e-03 5.641e-02 2.035e-01 1318.4956 1.893e-01 6.800e-03 5.426e-02 1.970e-01 0
20210622.500 2459388.000 2459388.007369 0.2979 1361.7409 1.957e-01 6.800e-03 5.473e-02 2.032e-01 1318.3815 1.895e-01 6.800e-03 6.163e-02 1.992e-01 0
20210623.500 2459389.000 2459389.001769 0.2787 1361.8578 1.957e-01 6.800e-03 5.096e-02 2.022e-01 1318.3551 1.894e-01 6.800e-03 4.737e-02 1.953e-01 0
20210624.500 2459390.000 2459389.514912 0.0071 1361.8996 1.958e-01 6.800e-03 3.117e-02 1.983e-01 1318.3264 1.896e-01 6.800e-03 2.993e-02 1.919e-01 0
20210625.500 2459391.000 2459391.013360 0.2876 1361.9937 1.959e-01 6.800e-03 4.889e-02 2.019e-01 1318.2291 1.896e-01 6.800e-03 6.381e-02 2.000e-01 0
20210626.500 2459392.000 2459392.032089 0.2996 1361.9122 1.958e-01 6.800e-03 6.295e-02 2.057e-01 1318.0325 1.895e-01 6.800e-03 8.425e-02 2.074e-01 0
20210627.500 2459393.000 2459392.986841 0.2868 1361.8229 1.960e-01 6.800e-03 5.422e-02 2.033e-01 1317.8439 1.896e-01 6.800e-03 6.905e-02 2.018e-01 0
20210628.500 2459394.000 2459393.895178 0.2407 1361.7653 1.960e-01 6.800e-03 4.416e-02 2.009e-01 1317.6987 1.896e-01 6.800e-03 5.212e-02 1.966e-01 0
20210629.500 2459395.000 2459395.000000 0.0000    0.0000 0.000e+00 0.000e+00 0.000e+00 0.000e+00    0.0000 0.000e+00 0.000e+00 0.000e+00 0.000e+00 0
20210630.500 2459396.000 2459396.390066 0.0725 1361.3867 1.960e-01 6.800e-03 4.917e-02 2.021e-01 1317.1301 1.897e-01 6.800e-03 4.755e-02 1.955e-01 0
20210701.500 2459397.000 2459396.809499 0.1677 1361.4211 1.960e-01 6.800e-03 4.858e-02 2.020e-01 1317.1365 1.897e-01 6.800e-03 4.617e-02 1.952e-01 0
20210702.500 2459398.000 2459398.000000 0.0000    0.0000 0.000e+00 0.000e+00 0.000e+00 0.000e+00    0.0000 0.000e+00 0.000e+00 0.000e+00 0.000e+00 0
20210703.500 2459399.000 2459399.265310 0.1210 1361.7404 1.962e-01 6.800e-03 6.011e-02 2.052e-01 1317.3307 1.898e-01 6.800e-03 5.645e-02 1.980e-01 0
20210704.500 2459400.000 2459399.992389 0.2984 1361.8334 1.964e-01 6.800e-03 5.577e-02 2.041e-01 1317.4025 1.900e-01 6.800e-03 5.190e-02 1.969e-01 0
20210705.500 2459401.000 2459400.756421 0.1305 1361.8588 1.964e-01 6.800e-03 5.686e-02 2.044e-01 1317.4149 1.900e-01 6.800e-03 5.468e-02 1.977e-01 0
20210706.500 2459402.000 2459402.000000 0.0000    0.0000 0.000e+00 0.000e+00 0.000e+00 0.000e+00    0.0000 0.000e+00 0.000e+00 0.000e+00 0.000e+00 0
20210707.500 2459403.000 2459403.000000 0.0000    0.0000 0.000e+00 0.000e+00 0.000e+00 0.000e+00    0.0000 0.000e+00 0.000e+00 0.000e+00 0.000e+00 0
20210708.500 2459404.000 2459404.000000 0.0000    0.0000 0.000e+00 0.000e+00 0.000e+00 0.000e+00    0.0000 0.000e+00 0.000e+00 0.000e+00 0.000e+00 0
20210709.500 2459405.000 2459405.000000 0.0000    0.0000 0.000e+00 0.000e+00 0.000e+00 0.000e+00    0.0000 0.000e+00 0.000e+00 0.000e+00 0.000e+00 0
20210710.500 2459406.000 2459406.000000 0.0000    0.0000 0.000e+00 0.000e+00 0.000e+00 0.000e+00    0.0000 0.000e+00 0.000e+00 0.000e+00 0.000e+00 0
20210711.500 2459407.000 2459406.563453 0.0024 1361.8209 1.968e-01 6.800e-03 2.911e-02 1.989e-01 1317.5756 1.904e-01 6.800e-03 2.800e-02 1.924e-01 0
20210712.500 2459408.000 2459408.000000 0.0000    0.0000 0.000e+00 0.000e+00 0.000e+00 0.000e+00    0.0000 0.000e+00 0.000e+00 0.000e+00 0.000e+00 0
20210713.500 2459409.000 2459409.000000 0.0000    0.0000 0.000e+00 0.000e+00 0.000e+00 0.000e+00    0.0000 0.000e+00 0.000e+00 0.000e+00 0.000e+00 0
20210714.500 2459410.000 2459410.000000 0.0000    0.0000 0.000e+00 0.000e+00 0.000e+00 0.000e+00    0.0000 0.000e+00 0.000e+00 0.000e+00 0.000e+00 0
20210715.500 2459411.000 2459411.000000 0.0000    0.0000 0.000e+00 0.000e+00 0.000e+00 0.000e+00    0.0000 0.000e+00 0.000e+00 0.000e+00 0.000e+00 0
20210716.500 2459412.000 2459412.000000 0.0000    0.0000 0.000e+00 0.000e+00 0.000e+00 0.000e+00    0.0000 0.000e+00 0.000e+00 0.000e+00 0.000e+00 0
20210717.500 2459413.000 2459413.000000 0.0000    0.0000 0.000e+00 0.000e+00 0.000e+00 0.000e+00    0.0000 0.000e+00 0.000e+00 0.000e+00 0.000e+00 0
20210718.500 2459414.000 2459413.856680 0.1857 1361.7645 1.972e-01 6.800e-03 4.629e-02 2.025e-01 1318.4922 1.909e-01 6.800e-03 6.691e-02 2.023e-01 0
20210719.500 2459415.000 2459415.397107 0.0730 1361.8362 1.972e-01 6.800e-03 4.357e-02 2.019e-01 1318.8542 1.910e-01 6.800e-03 5.149e-02 1.978e-01 0
20210720.500 2459416.000 2459416.046603 0.2922 1361.8724 1.972e-01 6.800e-03 4.448e-02 2.022e-01 1319.0202 1.910e-01 6.800e-03 7.249e-02 2.043e-01 0
20210721.500 2459417.000 2459416.653199 0.0910 1361.8895 1.973e-01 6.800e-03 5.090e-02 2.038e-01 1319.1621 1.911e-01 6.800e-03 5.575e-02 1.991e-01 0
20210722.500 2459418.000 2459418.000000 0.0000    0.0000 0.000e+00 0.000e+00 0.000e+00 0.000e+00    0.0000 0.000e+00 0.000e+00 0.000e+00 0.000e+00 0
20210723.500 2459419.000 2459419.241052 0.1850 1362.0781 1.975e-01 6.800e-03 4.851e-02 2.034e-01 1319.9159 1.914e-01 6.800e-03 4.951e-02 1.977e-01 0
20210724.500 2459420.000 2459420.044215 0.2812 1362.0622 1.975e-01 6.800e-03 4.630e-02 2.029e-01 1320.0888 1.914e-01 6.800e-03 9.202e-02 2.124e-01 0
20210725.500 2459421.000 2459421.011595 0.2894 1362.0885 1.976e-01 6.800e-03 4.935e-02 2.037e-01 1320.3479 1.916e-01 6.800e-03 8.600e-02 2.100e-01 0
20210726.500 2459422.000 2459421.667744 0.1019 1362.0923 1.976e-01 6.800e-03 5.396e-02 2.049e-01 1320.5139 1.916e-01 6.800e-03 5.770e-02 2.001e-01 0
20210727.500 2459423.000 2459423.273489 0.1362 1362.0814 1.976e-01 6.800e-03 5.941e-02 2.064e-01 1320.9170 1.917e-01 6.800e-03 8.124e-02 2.082e-01 0
20210728.500 2459424.000 2459423.990182 0.2880 1362.0920 1.978e-01 6.800e-03 4.618e-02 2.031e-01 1321.1198 1.918e-01 6.800e-03 8.105e-02 2.082e-01 0
20210729.500 2459425.000 2459424.708716 0.1252 1362.0588 1.978e-01 6.800e-03 5.724e-02 2.059e-01 1321.2849 1.919e-01 6.800e-03 6.662e-02 2.031e-01 0
20210730.500 2459426.000 2459426.000000 0.0000    0.0000 0.000e+00 0.000e+00 0.000e+00 0.000e+00    0.0000 0.000e+00 0.000e+00 0.000e+00 0.000e+00 0
20210731.500 2459427.000 2459427.422686 0.0599 1361.9623 1.979e-01 6.800e-03 6.638e-02 2.087e-01 1321.9862 1.921e-01 6.800e-03 6.235e-02 2.020e-01 0
20210801.500 2459428.000 2459428.000996 0.2880 1361.9294 1.979e-01 6.800e-03 5.075e-02 2.043e-01 1322.1347 1.921e-01 6.800e-03 8.621e-02 2.106e-01 0
20210802.500 2459429.000 2459429.001266 0.2885 1361.8496 1.980e-01 6.800e-03 4.844e-02 2.039e-01 1322.3782 1.923e-01 6.800e-03 9.946e-02 2.165e-01 0
20210803.500 2459430.000 2459429.999953 0.2886 1361.7979 1.980e-01 6.800e-03 5.140e-02 2.046e-01 1322.6607 1.923e-01 6.800e-03 1.017e-01 2.176e-01 0
20210804.500 2459431.000 2459430.980536 0.2904 1361.8024 1.981e-01 6.800e-03 5.166e-02 2.048e-01 1323.0043 1.925e-01 6.800e-03 1.198e-01 2.267e-01 0
20210805.500 2459432.000 2459431.997026 0.2905 1361.7944 1.981e-01 6.800e-03 4.789e-02 2.038e-01 1323.3617 1.925e-01 6.800e-03 1.099e-01 2.217e-01 0
20210806.500 2459433.000 2459432.996707 0.2878 1361.7456 1.983e-01 6.800e-03 5.081e-02 2.047e-01 1323.6872 1.927e-01 6.800e-03 1.147e-01 2.243e-01 0
20210807.500 2459434.000 2459433.995777 0.2903 1361.7963 1.983e-01 6.800e-03 4.780e-02 2.040e-01 1324.1231 1.928e-01 6.800e-03 1.354e-01 2.356e-01 0
20210808.500 2459435.000 2459435.009742 0.2834 1361.8492 1.983e-01 6.800e-03 5.718e-02 2.064e-01 1324.5814 1.929e-01 6.800e-03 1.478e-01 2.430e-01 0
20210809.500 2459436.000 2459435.994257 0.2916 1361.8719 1.984e-01 6.800e-03 4.338e-02 2.031e-01 1325.0127 1.931e-01 6.800e-03 1.305e-01 2.330e-01 0
20210810.500 2459437.000 2459436.994158 0.2853 1361.8734 1.984e-01 6.800e-03 5.649e-02 2.063e-01 1325.4438 1.931e-01 6.800e-03 1.284e-01 2.319e-01 0
20210811.500 2459438.000 2459437.987401 0.2942 1361.8202 1.986e-01 6.800e-03 5.336e-02 2.056e-01 1325.8325 1.933e-01 6.800e-03 1.329e-01 2.346e-01 0
20210812.500 2459439.000 2459438.667402 0.0917 1361.8046 1.986e-01 6.800e-03 4.951e-02 2.046e-01 1326.1261 1.933e-01 6.800e-03 5.265e-02 2.004e-01 0
20210813.500 2459440.000 2459440.249553 0.1483 1361.7908 1.987e-01 6.800e-03 4.326e-02 2.033e-01 1326.8554 1.936e-01 6.800e-03 7.433e-02 2.074e-01 0
20210814.500 2459441.000 2459440.992261 0.2792 1361.8214 1.987e-01 6.800e-03 4.701e-02 2.042e-01 1327.2445 1.936e-01 6.800e-03 1.268e-01 2.315e-01 0
20210815.500 2459442.000 2459441.993498 0.2981 1361.8024 1.987e-01 6.800e-03 4.595e-02 2.039e-01 1327.7196 1.937e-01 6.800e-03 1.482e-01 2.439e-01 0
20210816.500 2459443.000 2459442.996302 0.2789 1361.7867 1.988e-01 6.800e-03 5.061e-02 2.052e-01 1328.2088 1.939e-01 6.800e-03 1.481e-01 2.440e-01 0
20210817.500 2459444.000 2459443.999639 0.2988 1361.8724 1.988e-01 6.800e-03 4.872e-02 2.047e-01 1328.8063 1.940e-01 6.800e-03 1.793e-01 2.642e-01 0
20210818.500 2459445.000 2459445.000712 0.2797 1361.8693 1.990e-01 6.800e-03 5.086e-02 2.054e-01 1329.3241 1.942e-01 6.800e-03 1.457e-01 2.428e-01 0
20210819.500 2459446.000 2459446.113151 0.4000 1361.8786 1.990e-01 6.800e-03 4.327e-02 2.036e-01 1329.9207 1.943e-01 6.800e-03 2.194e-01 2.930e-01 0
20210820.500 2459447.000 2459447.005648 0.2798 1361.8657 1.990e-01 6.800e-03 5.355e-02 2.060e-01 1330.3847 1.944e-01 6.800e-03 1.307e-01 2.343e-01 0
20210821.500 2459448.000 2459447.550889 0.0329 1361.8359 1.991e-01 6.800e-03 5.099e-02 2.055e-01 1330.6490 1.945e-01 6.800e-03 4.191e-02 1.990e-01 0
20210822.500 2459449.000 2459449.103554 0.2239 1361.8995 1.991e-01 6.800e-03 5.082e-02 2.055e-01 1331.5563 1.947e-01 6.800e-03 1.379e-01 2.386e-01 0
20210823.500 2459450.000 2459450.017587 0.3031 1361.9474 1.993e-01 6.800e-03 5.106e-02 2.057e-01 1332.1068 1.949e-01 6.800e-03 1.820e-01 2.667e-01 0
20210824.500 2459451.000 2459450.981393 0.3084 1361.9707 1.993e-01 6.800e-03 5.175e-02 2.059e-01 1332.6654 1.950e-01 6.800e-03 1.677e-01 2.572e-01 0
20210825.500 2459452.000 2459452.004718 0.2945 1361.8997 1.994e-01 6.800e-03 5.848e-02 2.078e-01 1333.1704 1.952e-01 6.800e-03 1.624e-01 2.539e-01 0
20210826.500 2459453.000 2459453.003411 0.2835 1361.8979 1.994e-01 6.800e-03 5.275e-02 2.062e-01 1333.7352 1.953e-01 6.800e-03 1.500e-01 2.462e-01 0
20210827.500 2459454.000 2459454.000689 0.2925 1361.7842 1.994e-01 6.800e-03 5.625e-02 2.071e-01 1334.1958 1.953e-01 6.800e-03 1.436e-01 2.424e-01 0
20210828.500 2459455.000 2459454.986632 0.2796 1361.6724 1.995e-01 6.800e-03 5.935e-02 2.081e-01 1334.6581 1.955e-01 6.800e-03 1.538e-01 2.488e-01 0
20210829.500 2459456.000 2459455.983358 0.3171 1361.7152 1.995e-01 6.800e-03 4.931e-02 2.055e-01 1335.2853 1.956e-01 6.800e-03 1.944e-01 2.758e-01 0
20210830.500 2459457.000 2459456.712104 0.1193 1361.7199 1.996e-01 6.800e-03 5.858e-02 2.080e-01 1335.7221 1.958e-01 6.800e-03 1.103e-01 2.248e-01 0
20210831.500 2459458.000 2459458.324580 0.1043 1361.8933 1.997e-01 6.800e-03 4.329e-02 2.043e-01 1336.8647 1.960e-01 6.800e-03 7.573e-02 2.101e-01 0
20210901.500 2459459.000 2459458.998590 0.2885 1361.9489 1.998e-01 6.800e-03 5.199e-02 2.065e-01 1337.3326 1.962e-01 6.800e-03 2.026e-01 2.820e-01 0
20210902.500 2459460.000 2459459.935405 0.3001 1361.9048 1.998e-01 6.800e-03 6.479e-02 2.100e-01 1337.8701 1.963e-01 6.800e-03 1.541e-01 2.495e-01 0
20210903.500 2459461.000 2459460.872062 0.2880 1361.8001 1.998e-01 6.800e-03 4.818e-02 2.055e-01 1338.3562 1.963e-01 6.800e-03 1.718e-01 2.609e-01 0
20210904.500 2459462.000 2459461.981680 0.3057 1361.6894 1.999e-01 6.800e-03 5.324e-02 2.069e-01 1338.9562 1.966e-01 6.800e-03 1.687e-01 2.590e-01 0
20210905.500 2459463.000 2459462.991538 0.2910 1361.5812 1.999e-01 6.800e-03 6.225e-02 2.093e-01 1339.5056 1.966e-01 6.800e-03 1.742e-01 2.627e-01 0
20210906.500 2459464.000 2459464.052682 0.2786 1361.3758 2.000e-01 6.800e-03 8.516e-02 2.174e-01 1340.0040 1.968e-01 6.800e-03 1.276e-01 2.346e-01 0
20210907.500 2459465.000 2459464.988135 0.2959 1361.2488 2.000e-01 6.800e-03 6.344e-02 2.098e-01 1340.5063 1.969e-01 6.800e-03 1.595e-01 2.534e-01 0
20210908.500 2459466.000 2459465.991855 0.2800 1361.2536 2.001e-01 6.800e-03 6.619e-02 2.108e-01 1341.1943 1.972e-01 6.800e-03 2.397e-01 3.104e-01 0
20210909.500 2459467.000 2459466.817533 0.2671 1361.3434 2.001e-01 6.800e-03 6.257e-02 2.097e-01 1341.8526 1.973e-01 6.800e-03 2.205e-01 2.958e-01 0
20210910.500 2459468.000 2459467.994861 0.2778 1361.5722 2.002e-01 6.800e-03 7.817e-02 2.149e-01 1342.9023 1.974e-01 6.800e-03 2.629e-01 3.288e-01 0
20210911.500 2459469.000 2459468.833438 0.2056 1361.7430 2.003e-01 6.800e-03 5.838e-02 2.086e-01 1343.6652 1.977e-01 6.800e-03 1.857e-01 2.712e-01 0
20210912.500 2459470.000 2459470.000000 0.0000    0.0000 0.000e+00 0.000e+00 0.000e+00 0.000e+00    0.0000 0.000e+00 0.000e+00 0.000e+00 0.000e+00 0
20210913.500 2459471.000 2459471.424263 0.0532 1361.9846 2.005e-01 6.800e-03 4.417e-02 2.053e-01 1345.7748 1.981e-01 6.800e-03 6.571e-02 2.087e-01 0
20210914.500 2459472.000 2459472.008591 0.2806 1361.9114 2.005e-01 6.800e-03 4.749e-02 2.060e-01 1346.1304 1.982e-01 6.800e-03 1.938e-01 2.772e-01 0
20210915.500 2459473.000 2459472.997361 0.2921 1361.8240 2.006e-01 6.800e-03 5.955e-02 2.092e-01 1346.7713 1.984e-01 6.800e-03 1.812e-01 2.687e-01 0
20210916.500 2459474.000 2459473.982545 0.2695 1361.7521 2.006e-01 6.800e-03 4.728e-02 2.061e-01 1347.4283 1.985e-01 6.800e-03 2.023e-01 2.834e-01 0
20210917.500 2459475.000 2459475.009134 0.2945 1361.7573 2.006e-01 6.800e-03 5.373e-02 2.077e-01 1348.1951 1.986e-01 6.800e-03 2.491e-01 3.185e-01 0
20210918.500 2459476.000 2459476.004511 0.2846 1361.8014 2.007e-01 6.800e-03 5.375e-02 2.078e-01 1348.9792 1.988e-01 6.800e-03 2.188e-01 2.957e-01 0
20210919.500 2459477.000 2459477.005518 0.2917 1361.8151 2.007e-01 6.800e-03 5.119e-02 2.072e-01 1349.7386 1.990e-01 6.800e-03 2.391e-01 3.111e-01 0
20210920.500 2459478.000 2459477.672740 0.1100 1361.8449 2.009e-01 6.800e-03 4.599e-02 2.061e-01 1350.2658 1.992e-01 6.800e-03 7.948e-02 2.144e-01 0
20210921.500 2459479.000 2459479.313381 0.2214 1361.8777 2.009e-01 6.800e-03 5.338e-02 2.078e-01 1351.5230 1.993e-01 6.800e-03 1.562e-01 2.532e-01 0
20210922.500 2459480.000 2459479.901593 0.2331 1361.9067 2.010e-01 6.800e-03 4.849e-02 2.068e-01 1351.9910 1.996e-01 6.800e-03 1.940e-01 2.783e-01 0
20210923.500 2459481.000 2459481.102865 0.2006 1361.9553 2.010e-01 6.800e-03 5.800e-02 2.092e-01 1352.9369 1.997e-01 6.800e-03 1.756e-01 2.659e-01 0
20210924.500 2459482.000 2459481.610811 0.0658 1361.9779 2.010e-01 6.800e-03 5.219e-02 2.077e-01 1353.3391 1.998e-01 6.800e-03 7.351e-02 2.129e-01 0
20210925.500 2459483.000 2459483.000000 0.0000    0.0000 0.000e+00 0.000e+00 0.000e+00 0.000e+00    0.0000 0.000e+00 0.000e+00 0.000e+00 0.000e+00 0
20210926.500 2459484.000 2459484.299071 0.1178 1362.0317 2.012e-01 6.800e-03 4.131e-02 2.054e-01 1355.4057 2.002e-01 6.800e-03 9.875e-02 2.232e-01 0
20210927.500 2459485.000 2459485.000186 0.2866 1362.0923 2.013e-01 6.800e-03 5.576e-02 2.089e-01 1355.9925 2.004e-01 6.800e-03 2.291e-01 3.044e-01 0
20210928.500 2459486.000 2459485.726283 0.1356 1362.1131 2.013e-01 6.800e-03 4.691e-02 2.067e-01 1356.5592 2.005e-01 6.800e-03 1.159e-01 2.316e-01 0
20210929.500 2459487.000 2459487.000000 0.0000    0.0000 0.000e+00 0.000e+00 0.000e+00 0.000e+00    0.0000 0.000e+00 0.000e+00 0.000e+00 0.000e+00 0
20210930.500 2459488.000 2459488.000000 0.0000    0.0000 0.000e+00 0.000e+00 0.000e+00 0.000e+00    0.0000 0.000e+00 0.000e+00 0.000e+00 0.000e+00 0
20211001.500 2459489.000 2459489.308496 0.1062 1361.8040 2.014e-01 6.800e-03 5.801e-02 2.096e-01 1358.9625 2.010e-01 6.800e-03 7.924e-02 2.160e-01 0
20211002.500 2459490.000 2459489.949509 0.2768 1361.8213 2.015e-01 6.800e-03 5.433e-02 2.087e-01 1359.4692 2.012e-01 6.800e-03 2.080e-01 2.894e-01 0
20211003.500 2459491.000 2459491.051893 0.2848 1361.7724 2.015e-01 6.800e-03 5.430e-02 2.087e-01 1360.2655 2.013e-01 6.800e-03 2.358e-01 3.101e-01 0
20211004.500 2459492.000 2459491.991325 0.2955 1361.8403 2.017e-01 6.800e-03 5.163e-02 2.082e-01 1361.0578 2.016e-01 6.800e-03 2.524e-01 3.230e-01 0
20211005.500 2459493.000 2459492.738687 0.1331 1361.8440 2.017e-01 6.800e-03 4.119e-02 2.059e-01 1361.6406 2.017e-01 6.800e-03 1.213e-01 2.353e-01 0
20211006.500 2459494.000 2459494.280888 0.1294 1361.8867 2.018e-01 6.800e-03 4.981e-02 2.079e-01 1362.8870 2.020e-01 6.800e-03 9.767e-02 2.244e-01 0
20211007.500 2459495.000 2459494.987294 0.2797 1361.8189 2.018e-01 6.800e-03 4.857e-02 2.076e-01 1363.3745 2.021e-01 6.800e-03 2.001e-01 2.844e-01 0
20211008.500 2459496.000 2459495.986696 0.2979 1361.7205 2.019e-01 6.800e-03 5.621e-02 2.096e-01 1364.0653 2.023e-01 6.800e-03 2.344e-01 3.096e-01 0
20211009.500 2459497.000 2459496.990640 0.2797 1361.6663 2.019e-01 6.800e-03 5.029e-02 2.081e-01 1364.8078 2.024e-01 6.800e-03 2.189e-01 2.981e-01 0
20211010.500 2459498.000 2459497.989859 0.2976 1361.5997 2.019e-01 6.800e-03 4.778e-02 2.075e-01 1365.5373 2.025e-01 6.800e-03 2.300e-01 3.064e-01 0
20211011.500 2459499.000 2459498.992221 0.2804 1361.6394 2.021e-01 6.800e-03 5.703e-02 2.100e-01 1366.3780 2.028e-01 6.800e-03 2.527e-01 3.240e-01 0
20211012.500 2459500.000 2459499.611077 0.0728 1361.6657 2.021e-01 6.800e-03 4.707e-02 2.075e-01 1366.8994 2.028e-01 6.800e-03 7.403e-02 2.159e-01 0
20211013.500 2459501.000 2459501.000000 0.0000    0.0000 0.000e+00 0.000e+00 0.000e+00 0.000e+00    0.0000 0.000e+00 0.000e+00 0.000e+00 0.000e+00 0
20211014.500 2459502.000 2459502.195830 0.1855 1361.8796 2.022e-01 6.800e-03 5.369e-02 2.092e-01 1369.1803 2.033e-01 6.800e-03 1.565e-01 2.566e-01 0
20211015.500 2459503.000 2459502.681560 0.0922 1361.8711 2.024e-01 6.800e-03 4.145e-02 2.066e-01 1369.5588 2.035e-01 6.800e-03 8.600e-02 2.209e-01 0
20211016.500 2459504.000 2459504.170982 0.1680 1361.8731 2.024e-01 6.800e-03 4.893e-02 2.082e-01 1370.7421 2.037e-01 6.800e-03 1.388e-01 2.465e-01 0
20211017.500 2459505.000 2459505.000000 0.0000    0.0000 0.000e+00 0.000e+00 0.000e+00 0.000e+00    0.0000 0.000e+00 0.000e+00 0.000e+00 0.000e+00 0
20211018.500 2459506.000 2459505.594701 0.0023 1361.9040 2.025e-01 6.800e-03 1.359e-02 2.030e-01 1371.8936 2.040e-01 6.800e-03 1.384e-02 2.045e-01 0
20211019.500 2459507.000 2459507.152518 0.2132 1361.8945 2.025e-01 6.800e-03 5.157e-02 2.090e-01 1373.0974 2.042e-01 6.800e-03 1.629e-01 2.612e-01 0
20211020.500 2459508.000 2459507.958551 0.2622 1361.8595 2.026e-01 6.800e-03 5.173e-02 2.091e-01 1373.6843 2.044e-01 6.800e-03 2.088e-01 2.922e-01 0
20211021.500 2459509.000 2459509.000000 0.0000    0.0000 0.000e+00 0.000e+00 0.000e+00 0.000e+00    0.0000 0.000e+00 0.000e+00 0.000e+00 0.000e+00 0
20211022.500 2459510.000 2459509.609490 0.0355 1361.8566 2.028e-01 6.800e-03 2.383e-02 2.042e-01 1374.9435 2.047e-01 6.800e-03 3.920e-02 2.084e-01 0
20211023.500 2459511.000 2459511.117869 0.2232 1361.8548 2.028e-01 6.800e-03 4.776e-02 2.083e-01 1376.0792 2.049e-01 6.800e-03 1.647e-01 2.629e-01 0
20211024.500 2459512.000 2459511.998616 0.2843 1361.8911 2.028e-01 6.800e-03 5.100e-02 2.091e-01 1376.7735 2.050e-01 6.800e-03 2.157e-01 2.976e-01 0
20211025.500 2459513.000 2459513.000639 0.2938 1361.8475 2.029e-01 6.800e-03 5.029e-02 2.091e-01 1377.4718 2.052e-01 6.800e-03 2.167e-01 2.985e-01 0
20211026.500 2459514.000 2459513.980205 0.2895 1361.8260 2.029e-01 6.800e-03 5.261e-02 2.096e-01 1378.1701 2.053e-01 6.800e-03 2.384e-01 3.146e-01 0
20211027.500 2459515.000 2459514.643926 0.0838 1361.8674 2.031e-01 6.800e-03 4.477e-02 2.079e-01 1378.6969 2.056e-01 6.800e-03 8.666e-02 2.231e-01 0
20211028.500 2459516.000 2459516.227659 0.1643 1361.9653 2.031e-01 6.800e-03 5.542e-02 2.105e-01 1379.9432 2.057e-01 6.800e-03 1.502e-01 2.547e-01 0
20211029.500 2459517.000 2459516.980249 0.3113 1361.9749 2.032e-01 6.800e-03 5.295e-02 2.100e-01 1380.4937 2.060e-01 6.800e-03 2.048e-01 2.905e-01 0
20211030.500 2459518.000 2459517.535937 0.0031 1361.9606 2.032e-01 6.800e-03 2.416e-02 2.046e-01 1380.8772 2.060e-01 6.800e-03 2.613e-02 2.077e-01 0
20211031.500 2459519.000 2459519.081321 0.2521 1362.0224 2.033e-01 6.800e-03 4.111e-02 2.075e-01 1382.0394 2.063e-01 6.800e-03 1.984e-01 2.863e-01 0
20211101.500 2459520.000 2459520.268006 0.2561 1362.0728 2.034e-01 6.800e-03 4.235e-02 2.077e-01 1382.9298 2.065e-01 6.800e-03 2.015e-01 2.885e-01 0
20211102.500 2459521.000 2459520.989947 0.2960 1362.0392 2.034e-01 6.800e-03 6.154e-02 2.125e-01 1383.4043 2.065e-01 6.800e-03 1.819e-01 2.752e-01 0
20211103.500 2459522.000 2459521.812510 0.1722 1361.9509 2.035e-01 6.800e-03 5.134e-02 2.099e-01 1383.8928 2.068e-01 6.800e-03 1.143e-01 2.363e-01 0
20211104.500 2459523.000 2459523.389661 0.0689 1361.9498 2.036e-01 6.800e-03 3.551e-02 2.067e-01 1384.9966 2.071e-01 6.800e-03 6.759e-02 2.178e-01 0
20211105.500 2459524.000 2459523.933311 0.2756 1361.9134 2.036e-01 6.800e-03 5.422e-02 2.107e-01 1385.3393 2.071e-01 6.800e-03 1.994e-01 2.875e-01 0
20211106.500 2459525.000 2459524.959184 0.2901 1361.9222 2.036e-01 6.800e-03 4.983e-02 2.096e-01 1386.0632 2.072e-01 6.800e-03 2.228e-01 3.043e-01 0
20211107.500 2459526.000 2459525.969321 0.2588 1361.9252 2.037e-01 6.800e-03 4.923e-02 2.096e-01 1386.7678 2.075e-01 6.800e-03 1.776e-01 2.731e-01 0
20211108.500 2459527.000 2459526.841007 0.1693 1361.8226 2.037e-01 6.800e-03 6.337e-02 2.134e-01 1387.2659 2.075e-01 6.800e-03 9.482e-02 2.282e-01 0
20211109.500 2459528.000 2459528.431306 0.0379 1361.7840 2.039e-01 6.800e-03 3.478e-02 2.068e-01 1388.3172 2.078e-01 6.800e-03 5.031e-02 2.138e-01 0
20211110.500 2459529.000 2459528.555185 0.0332 1361.7694 2.039e-01 6.800e-03 2.783e-02 2.057e-01 1388.3867 2.078e-01 6.800e-03 3.430e-02 2.107e-01 0
20211111.500 2459530.000 2459530.000000 0.0000    0.0000 0.000e+00 0.000e+00 0.000e+00 0.000e+00    0.0000 0.000e+00 0.000e+00 0.000e+00 0.000e+00 0
20211112.500 2459531.000 2459531.000000 0.0000    0.0000 0.000e+00 0.000e+00 0.000e+00 0.000e+00    0.0000 0.000e+00 0.000e+00 0.000e+00 0.000e+00 0
20211113.500 2459532.000 2459531.927931 0.2774 1361.8039 2.040e-01 6.800e-03 5.970e-02 2.126e-01 1390.6752 2.083e-01 6.800e-03 1.969e-01 2.866e-01 0
20211114.500 2459533.000 2459532.881815 0.1830 1361.8141 2.041e-01 6.800e-03 3.796e-02 2.076e-01 1391.3046 2.086e-01 6.800e-03 1.283e-01 2.449e-01 0
20211115.500 2459534.000 2459534.131685 0.2411 1361.8898 2.041e-01 6.800e-03 4.239e-02 2.085e-01 1392.1781 2.087e-01 6.800e-03 1.632e-01 2.649e-01 0
20211116.500 2459535.000 2459534.695042 0.1082 1361.9025 2.043e-01 6.800e-03 4.346e-02 2.089e-01 1392.5445 2.089e-01 6.800e-03 8.697e-02 2.263e-01 0
20211117.500 2459536.000 2459536.000000 0.0000    0.0000 0.000e+00 0.000e+00 0.000e+00 0.000e+00    0.0000 0.000e+00 0.000e+00 0.000e+00 0.000e+00 0
20211118.500 2459537.000 2459537.117688 0.2148 1361.8506 2.043e-01 6.800e-03 4.344e-02 2.088e-01 1393.9662 2.091e-01 6.800e-03 1.350e-01 2.489e-01 0
20211119.500 2459538.000 2459537.999286 0.2909 1361.8101 2.044e-01 6.800e-03 5.224e-02 2.110e-01 1394.4427 2.093e-01 6.800e-03 1.919e-01 2.840e-01 0
20211120.500 2459539.000 2459538.756542 0.1472 1361.8602 2.044e-01 6.800e-03 6.836e-02 2.155e-01 1394.9316 2.094e-01 6.800e-03 1.091e-01 2.361e-01 0
20211121.500 2459540.000 2459540.338619 0.0963 1361.8870 2.046e-01 6.800e-03 4.141e-02 2.087e-01 1395.8480 2.097e-01 6.800e-03 7.663e-02 2.232e-01 0
20211122.500 2459541.000 2459540.999302 0.2772 1361.9228 2.046e-01 6.800e-03 5.106e-02 2.108e-01 1396.2458 2.097e-01 6.800e-03 1.495e-01 2.576e-01 0
20211123.500 2459542.000 2459542.049425 0.2807 1361.9879 2.047e-01 6.800e-03 7.111e-02 2.167e-01 1396.8755 2.100e-01 6.800e-03 1.956e-01 2.869e-01 0
20211124.500 2459543.000 2459542.996078 0.2835 1362.0200 2.047e-01 6.800e-03 4.873e-02 2.104e-01 1397.4037 2.100e-01 6.800e-03 1.455e-01 2.555e-01 0
20211125.500 2459544.000 2459543.697710 0.1223 1362.0179 2.048e-01 6.800e-03 4.414e-02 2.095e-01 1397.7619 2.102e-01 6.800e-03 7.697e-02 2.239e-01 0
20211126.500 2459545.000 2459545.000000 0.0000    0.0000 0.000e+00 0.000e+00 0.000e+00 0.000e+00    0.0000 0.000e+00 0.000e+00 0.000e+00 0.000e+00 0
20211127.500 2459546.000 2459546.000000 0.0000    0.0000 0.000e+00 0.000e+00 0.000e+00 0.000e+00    0.0000 0.000e+00 0.000e+00 0.000e+00 0.000e+00 0
20211128.500 2459547.000 2459547.083676 0.2315 1361.8974 2.050e-01 6.800e-03 5.298e-02 2.117e-01 1399.2924 2.106e-01 6.800e-03 1.174e-01 2.411e-01 0
20211129.500 2459548.000 2459547.992510 0.2914 1361.9344 2.050e-01 6.800e-03 5.037e-02 2.111e-01 1399.7529 2.107e-01 6.800e-03 1.509e-01 2.591e-01 0
20211130.500 2459549.000 2459548.985957 0.2820 1361.9447 2.051e-01 6.800e-03 4.421e-02 2.098e-01 1400.2165 2.109e-01 6.800e-03 1.553e-01 2.619e-01 0
20211201.500 2459550.000 2459550.000668 0.2976 1361.9585 2.051e-01 6.800e-03 5.124e-02 2.114e-01 1400.6840 2.109e-01 6.800e-03 1.396e-01 2.529e-01 0
20211202.500 2459551.000 2459550.632081 0.0665 1361.9496 2.052e-01 6.800e-03 5.469e-02 2.124e-01 1400.9529 2.111e-01 6.800e-03 4.827e-02 2.166e-01 0
20211203.500 2459552.000 2459551.641780 0.0533 1361.9616 2.052e-01 6.800e-03 6.384e-02 2.149e-01 1401.4028 2.112e-01 6.800e-03 8.444e-02 2.274e-01 0
20211204.500 2459553.000 2459553.385027 0.0532 1361.9144 2.054e-01 6.800e-03 5.826e-02 2.135e-01 1402.0914 2.114e-01 6.800e-03 5.225e-02 2.178e-01 0
20211205.500 2459554.000 2459553.995959 0.2987 1361.9114 2.054e-01 6.800e-03 4.614e-02 2.105e-01 1402.3409 2.115e-01 6.800e-03 1.294e-01 2.479e-01 0
20211206.500 2459555.000 2459554.996951 0.2792 1361.8575 2.054e-01 6.800e-03 5.504e-02 2.126e-01 1402.6933 2.115e-01 6.800e-03 1.125e-01 2.396e-01 0
20211207.500 2459556.000 2459555.993691 0.2986 1361.8481 2.055e-01 6.800e-03 4.983e-02 2.115e-01 1403.0810 2.117e-01 6.800e-03 1.279e-01 2.474e-01 0
20211208.500 2459557.000 2459557.000000 0.0000    0.0000 0.000e+00 0.000e+00 0.000e+00 0.000e+00    0.0000 0.000e+00 0.000e+00 0.000e+00 0.000e+00 0
20211209.500 2459558.000 2459558.000000 0.0000    0.0000 0.000e+00 0.000e+00 0.000e+00 0.000e+00    0.0000 0.000e+00 0.000e+00 0.000e+00 0.000e+00 0
20211210.500 2459559.000 2459559.040777 0.2243 1361.7813 2.056e-01 6.800e-03 5.188e-02 2.121e-01 1404.1646 2.120e-01 6.800e-03 1.142e-01 2.408e-01 0
20211211.500 2459560.000 2459560.000000 0.0000    0.0000 0.000e+00 0.000e+00 0.000e+00 0.000e+00    0.0000 0.000e+00 0.000e+00 0.000e+00 0.000e+00 0
20211212.500 2459561.000 2459561.000000 0.0000    0.0000 0.000e+00 0.000e+00 0.000e+00 0.000e+00    0.0000 0.000e+00 0.000e+00 0.000e+00 0.000e+00 0
20211213.500 2459562.000 2459562.000000 0.0000    0.0000 0.000e+00 0.000e+00 0.000e+00 0.000e+00    0.0000 0.000e+00 0.000e+00 0.000e+00 0.000e+00 0
20211214.500 2459563.000 2459563.000000 0.0000    0.0000 0.000e+00 0.000e+00 0.000e+00 0.000e+00    0.0000 0.000e+00 0.000e+00 0.000e+00 0.000e+00 0
20211215.500 2459564.000 2459564.000000 0.0000    0.0000 0.000e+00 0.000e+00 0.000e+00 0.000e+00    0.0000 0.000e+00 0.000e+00 0.000e+00 0.000e+00 0
20211216.500 2459565.000 2459565.000000 0.0000    0.0000 0.000e+00 0.000e+00 0.000e+00 0.000e+00    0.0000 0.000e+00 0.000e+00 0.000e+00 0.000e+00 0
20211217.500 2459566.000 2459566.000000 0.0000    0.0000 0.000e+00 0.000e+00 0.000e+00 0.000e+00    0.0000 0.000e+00 0.000e+00 0.000e+00 0.000e+00 0
20211218.500 2459567.000 2459567.033717 0.3010 1361.9350 2.062e-01 6.800e-03 6.967e-02 2.176e-01 1406.7327 2.130e-01 6.800e-03 1.332e-01 2.512e-01 0
20211219.500 2459568.000 2459567.939131 0.3053 1362.1002 2.062e-01 6.800e-03 6.081e-02 2.150e-01 1407.1101 2.130e-01 6.800e-03 1.154e-01 2.423e-01 0
20211220.500 2459569.000 2459569.000000 0.0000    0.0000 0.000e+00 0.000e+00 0.000e+00 0.000e+00    0.0000 0.000e+00 0.000e+00 0.000e+00 0.000e+00 0
20211221.500 2459570.000 2459569.996584 0.2796 1362.1656 2.064e-01 6.800e-03 5.608e-02 2.139e-01 1407.5944 2.133e-01 6.800e-03 8.552e-02 2.298e-01 0
20211222.500 2459571.000 2459570.618426 0.0803 1362.1803 2.065e-01 6.800e-03 5.871e-02 2.147e-01 1407.7215 2.134e-01 6.800e-03 6.048e-02 2.218e-01 0
20211223.500 2459572.000 2459572.000000 0.0000    0.0000 0.000e+00 0.000e+00 0.000e+00 0.000e+00    0.0000 0.000e+00 0.000e+00 0.000e+00 0.000e+00 0
20211224.500 2459573.000 2459573.000000 0.0000    0.0000 0.000e+00 0.000e+00 0.000e+00 0.000e+00    0.0000 0.000e+00 0.000e+00 0.000e+00 0.000e+00 0
20211225.500 2459574.000 2459574.192403 0.1724 1361.7353 2.066e-01 6.800e-03 6.834e-02 2.176e-01 1407.7750 2.136e-01 6.800e-03 6.004e-02 2.218e-01 0
20211226.500 2459575.000 2459575.010334 0.2983 1361.5946 2.066e-01 6.800e-03 6.602e-02 2.168e-01 1407.7177 2.136e-01 6.800e-03 5.494e-02 2.205e-01 0
20211227.500 2459576.000 2459575.984116 0.2731 1361.5768 2.067e-01 6.800e-03 5.545e-02 2.140e-01 1407.7920 2.137e-01 6.800e-03 7.485e-02 2.264e-01 0
20211228.500 2459577.000 2459577.004030 0.2964 1361.6903 2.067e-01 6.800e-03 5.580e-02 2.141e-01 1407.9919 2.137e-01 6.800e-03 6.938e-02 2.247e-01 0
20211229.500 2459578.000 2459577.994895 0.2798 1361.8044 2.069e-01 6.800e-03 7.114e-02 2.187e-01 1408.1769 2.139e-01 6.800e-03 8.358e-02 2.297e-01 0
20211230.500 2459579.000 2459579.056650 0.2975 1361.9099 2.069e-01 6.800e-03 6.310e-02 2.163e-01 1408.3444 2.139e-01 6.800e-03 7.416e-02 2.264e-01 0
20211231.500 2459580.000 2459580.001577 0.2793 1361.9395 2.070e-01 6.800e-03 4.834e-02 2.126e-01 1408.4163 2.141e-01 6.800e-03 5.021e-02 2.199e-01 0
20220101.500 2459581.000 2459581.007219 0.2957 1361.9816 2.070e-01 6.800e-03 6.059e-02 2.157e-01 1408.4931 2.141e-01 6.800e-03 6.738e-02 2.244e-01 0
20220102.500 2459582.000 2459582.003298 0.2783 1362.0080 2.070e-01 6.800e-03 4.673e-02 2.122e-01 1408.5434 2.141e-01 6.800e-03 4.699e-02 2.192e-01 0
20220103.500 2459583.000 2459583.004359 0.2976 1361.9223 2.071e-01 6.800e-03 5.659e-02 2.147e-01 1408.4677 2.142e-01 6.800e-03 5.763e-02 2.218e-01 0
20220104.500 2459584.000 2459584.005267 0.2794 1361.8827 2.071e-01 6.800e-03 4.704e-02 2.124e-01 1408.4295 2.142e-01 6.800e-03 4.878e-02 2.197e-01 0
20220105.500 2459585.000 2459585.059210 0.2946 1361.8546 2.073e-01 6.800e-03 5.400e-02 2.142e-01 1408.3920 2.144e-01 6.800e-03 5.586e-02 2.215e-01 0
20220106.500 2459586.000 2459585.987955 0.2929 1361.7532 2.073e-01 6.800e-03 8.924e-02 2.257e-01 1408.2693 2.143e-01 6.800e-03 9.842e-02 2.359e-01 0
20220107.500 2459587.000 2459586.995882 0.3004 1361.5294 2.074e-01 6.800e-03 7.477e-02 2.204e-01 1408.0069 2.144e-01 6.800e-03 8.612e-02 2.311e-01 0
20220108.500 2459588.000 2459588.001129 0.2801 1361.4819 2.074e-01 6.800e-03 4.865e-02 2.130e-01 1407.9141 2.144e-01 6.800e-03 4.732e-02 2.196e-01 0
20220109.500 2459589.000 2459588.807298 0.2030 1361.5740 2.075e-01 6.800e-03 8.045e-02 2.226e-01 1407.9645 2.146e-01 6.800e-03 7.705e-02 2.280e-01 0
20220110.500 2459590.000 2459590.000000 0.0000    0.0000 0.000e+00 0.000e+00 0.000e+00 0.000e+00    0.0000 0.000e+00 0.000e+00 0.000e+00 0.000e+00 0
20220111.500 2459591.000 2459591.000000 0.0000    0.0000 0.000e+00 0.000e+00 0.000e+00 0.000e+00    0.0000 0.000e+00 0.000e+00 0.000e+00 0.000e+00 0
20220112.500 2459592.000 2459592.000000 0.0000    0.0000 0.000e+00 0.000e+00 0.000e+00 0.000e+00    0.0000 0.000e+00 0.000e+00 0.000e+00 0.000e+00 0
20220113.500 2459593.000 2459593.000000 0.0000    0.0000 0.000e+00 0.000e+00 0.000e+00 0.000e+00    0.0000 0.000e+00 0.000e+00 0.000e+00 0.000e+00 0
20220114.500 2459594.000 2459594.000000 0.0000    0.0000 0.000e+00 0.000e+00 0.000e+00 0.000e+00    0.0000 0.000e+00 0.000e+00 0.000e+00 0.000e+00 0
20220115.500 2459595.000 2459595.000000 0.0000    0.0000 0.000e+00 0.000e+00 0.000e+00 0.000e+00    0.0000 0.000e+00 0.000e+00 0.000e+00 0.000e+00 0
20220116.500 2459596.000 2459596.000000 0.0000    0.0000 0.000e+00 0.000e+00 0.000e+00 0.000e+00    0.0000 0.000e+00 0.000e+00 0.000e+00 0.000e+00 0
20220117.500 2459597.000 2459597.421135 0.0442 1362.2270 2.081e-01 6.800e-03 5.837e-02 2.162e-01 1407.5202 2.151e-01 6.800e-03 5.359e-02 2.216e-01 0
20220118.500 2459598.000 2459598.029247 0.2877 1362.3127 2.082e-01 6.800e-03 6.731e-02 2.188e-01 1407.4810 2.151e-01 6.800e-03 4.918e-02 2.206e-01 0
20220119.500 2459599.000 2459598.699781 0.1166 1362.3827 2.082e-01 6.800e-03 5.369e-02 2.150e-01 1407.4062 2.151e-01 6.800e-03 5.358e-02 2.216e-01 0
20220120.500 2459600.000 2459600.086175 0.0280 1362.4533 2.083e-01 6.800e-03 6.324e-02 2.177e-01 1407.1490 2.152e-01 6.800e-03 6.199e-02 2.239e-01 0
20220121.500 2459601.000 2459601.355744 0.0970 1362.3004 2.083e-01 6.800e-03 4.764e-02 2.137e-01 1406.6598 2.151e-01 6.800e-03 6.216e-02 2.239e-01 0
20220122.500 2459602.000 2459601.897432 0.2690 1362.2665 2.083e-01 6.800e-03 5.836e-02 2.163e-01 1406.4748 2.150e-01 6.800e-03 1.189e-01 2.457e-01 0
20220123.500 2459603.000 2459602.802600 0.1809 1362.1967 2.084e-01 6.800e-03 6.893e-02 2.195e-01 1406.1428 2.151e-01 6.800e-03 9.190e-02 2.339e-01 0
20220124.500 2459604.000 2459604.339838 0.0888 1362.1591 2.084e-01 6.800e-03 6.041e-02 2.170e-01 1405.6334 2.151e-01 6.800e-03 6.764e-02 2.254e-01 0
20220125.500 2459605.000 2459605.000797 0.2924 1362.1000 2.085e-01 6.800e-03 5.634e-02 2.160e-01 1405.3590 2.152e-01 6.800e-03 1.308e-01 2.518e-01 0
20220126.500 2459606.000 2459605.982502 0.2798 1362.0706 2.085e-01 6.800e-03 5.397e-02 2.154e-01 1405.0018 2.151e-01 6.800e-03 9.605e-02 2.356e-01 0
20220127.500 2459607.000 2459606.774220 0.1834 1362.0443 2.087e-01 6.800e-03 4.644e-02 2.138e-01 1404.7026 2.152e-01 6.800e-03 8.825e-02 2.326e-01 0
20220128.500 2459608.000 2459608.357954 0.0723 1361.7188 2.086e-01 6.800e-03 5.796e-02 2.165e-01 1403.8012 2.151e-01 6.800e-03 8.061e-02 2.297e-01 0
20220129.500 2459609.000 2459608.991873 0.2964 1361.4777 2.087e-01 6.800e-03 8.532e-02 2.255e-01 1403.3186 2.151e-01 6.800e-03 1.895e-01 2.867e-01 0
20220130.500 2459610.000 2459610.029444 0.2774 1361.3888 2.087e-01 6.800e-03 5.226e-02 2.151e-01 1402.8366 2.151e-01 6.800e-03 1.011e-01 2.376e-01 0
20220131.500 2459611.000 2459611.003508 0.2924 1361.5099 2.089e-01 6.800e-03 5.935e-02 2.171e-01 1402.5864 2.152e-01 6.800e-03 8.846e-02 2.326e-01 0
20220201.500 2459612.000 2459611.651110 0.0829 1361.5868 2.089e-01 6.800e-03 4.587e-02 2.138e-01 1402.4123 2.151e-01 6.800e-03 5.202e-02 2.213e-01 0
20220202.500 2459613.000 2459613.176394 0.1846 1361.7625 2.089e-01 6.800e-03 5.861e-02 2.170e-01 1401.9822 2.151e-01 6.800e-03 6.810e-02 2.256e-01 0
20220203.500 2459614.000 2459613.994873 0.2817 1361.8950 2.091e-01 6.800e-03 5.972e-02 2.174e-01 1401.7825 2.152e-01 6.800e-03 9.601e-02 2.356e-01 0
20220204.500 2459615.000 2459614.988964 0.2927 1362.0031 2.091e-01 6.800e-03 6.044e-02 2.176e-01 1401.4780 2.151e-01 6.800e-03 1.224e-01 2.475e-01 0
20220205.500 2459616.000 2459616.001567 0.2859 1361.9752 2.092e-01 6.800e-03 4.835e-02 2.147e-01 1401.0167 2.152e-01 6.800e-03 1.461e-01 2.601e-01 0
20220206.500 2459617.000 2459616.956895 0.3571 1361.9749 2.092e-01 6.800e-03 5.601e-02 2.166e-01 1400.5988 2.151e-01 6.800e-03 1.353e-01 2.541e-01 0
20220207.500 2459618.000 2459618.005934 0.2931 1362.0710 2.094e-01 6.800e-03 4.926e-02 2.151e-01 1400.2288 2.152e-01 6.800e-03 1.339e-01 2.535e-01 0
20220208.500 2459619.000 2459618.649732 0.0877 1362.0977 2.094e-01 6.800e-03 6.142e-02 2.182e-01 1399.9629 2.152e-01 6.800e-03 4.683e-02 2.202e-01 0
20220209.500 2459620.000 2459620.212059 0.1808 1362.2899 2.095e-01 6.800e-03 4.631e-02 2.146e-01 1399.4278 2.152e-01 6.800e-03 8.123e-02 2.301e-01 0
20220210.500 2459621.000 2459620.980173 0.2844 1362.3301 2.095e-01 6.800e-03 4.498e-02 2.143e-01 1399.0981 2.152e-01 6.800e-03 1.361e-01 2.546e-01 0
20220211.500 2459622.000 2459621.989413 0.2970 1362.3340 2.097e-01 6.800e-03 5.444e-02 2.166e-01 1398.6039 2.152e-01 6.800e-03 1.705e-01 2.746e-01 0
20220212.500 2459623.000 2459623.000831 0.2797 1362.2601 2.097e-01 6.800e-03 5.085e-02 2.157e-01 1398.0159 2.152e-01 6.800e-03 1.667e-01 2.722e-01 0
20220213.500 2459624.000 2459624.008280 0.2974 1362.2598 2.097e-01 6.800e-03 4.480e-02 2.144e-01 1397.4921 2.151e-01 6.800e-03 1.546e-01 2.649e-01 0
20220214.500 2459625.000 2459624.995330 0.2796 1362.2445 2.098e-01 6.800e-03 4.345e-02 2.142e-01 1396.9505 2.151e-01 6.800e-03 1.599e-01 2.680e-01 0
20220215.500 2459626.000 2459625.999580 0.2986 1362.2536 2.098e-01 6.800e-03 5.372e-02 2.166e-01 1396.4111 2.150e-01 6.800e-03 1.808e-01 2.810e-01 0
20220216.500 2459627.000 2459626.993465 0.2874 1362.1943 2.099e-01 6.800e-03 4.900e-02 2.156e-01 1395.7939 2.151e-01 6.800e-03 1.825e-01 2.821e-01 0
20220217.500 2459628.000 2459627.576147 0.0524 1362.2265 2.099e-01 6.800e-03 6.935e-02 2.211e-01 1395.4949 2.150e-01 6.800e-03 5.306e-02 2.215e-01 0
20220218.500 2459629.000 2459629.160241 0.1859 1362.1976 2.101e-01 6.800e-03 5.402e-02 2.169e-01 1394.5380 2.150e-01 6.800e-03 1.378e-01 2.554e-01 0
20220219.500 2459630.000 2459630.005977 0.2984 1362.1696 2.100e-01 6.800e-03 4.647e-02 2.151e-01 1394.0005 2.150e-01 6.800e-03 1.985e-01 2.926e-01 0
20220220.500 2459631.000 2459631.004172 0.2788 1362.1824 2.102e-01 6.800e-03 4.751e-02 2.155e-01 1393.4021 2.150e-01 6.800e-03 1.615e-01 2.689e-01 0
20220221.500 2459632.000 2459631.643216 0.0916 1362.2017 2.102e-01 6.800e-03 5.135e-02 2.164e-01 1393.0244 2.149e-01 6.800e-03 7.251e-02 2.268e-01 0
20220222.500 2459633.000 2459633.215277 0.1478 1362.2016 2.103e-01 6.800e-03 5.147e-02 2.165e-01 1392.0264 2.149e-01 6.800e-03 9.173e-02 2.337e-01 0
20220223.500 2459634.000 2459633.980338 0.2746 1362.1892 2.103e-01 6.800e-03 6.196e-02 2.193e-01 1391.5188 2.149e-01 6.800e-03 2.153e-01 3.042e-01 0
20220224.500 2459635.000 2459634.999784 0.2750 1362.0834 2.103e-01 6.800e-03 6.319e-02 2.196e-01 1390.7439 2.147e-01 6.800e-03 2.285e-01 3.136e-01 0
20220225.500 2459636.000 2459635.998885 0.3067 1361.9974 2.104e-01 6.800e-03 5.378e-02 2.172e-01 1389.9948 2.148e-01 6.800e-03 2.354e-01 3.186e-01 0
20220226.500 2459637.000 2459637.000000 0.0000    0.0000 0.000e+00 0.000e+00 0.000e+00 0.000e+00    0.0000 0.000e+00 0.000e+00 0.000e+00 0.000e+00 0
20220227.500 2459638.000 2459638.081172 0.2567 1362.0785 2.106e-01 6.800e-03 6.076e-02 2.192e-01 1388.6798 2.147e-01 6.800e-03 1.551e-01 2.649e-01 0
20220228.500 2459639.000 2459639.001150 0.2793 1362.1236 2.106e-01 6.800e-03 4.649e-02 2.157e-01 1388.1016 2.146e-01 6.800e-03 1.983e-01 2.922e-01 0
20220301.500 2459640.000 2459640.002515 0.2979 1362.1202 2.107e-01 6.800e-03 4.765e-02 2.160e-01 1387.4154 2.146e-01 6.800e-03 2.222e-01 3.089e-01 0
20220302.500 2459641.000 2459640.991819 0.3052 1362.0513 2.107e-01 6.800e-03 5.958e-02 2.190e-01 1386.6675 2.145e-01 6.800e-03 2.417e-01 3.232e-01 0
20220303.500 2459642.000 2459642.001926 0.2965 1362.0376 2.108e-01 6.800e-03 5.420e-02 2.177e-01 1385.9590 2.145e-01 6.800e-03 1.865e-01 2.842e-01 0
20220304.500 2459643.000 2459642.976445 0.3001 1362.0217 2.108e-01 6.800e-03 5.212e-02 2.172e-01 1385.2700 2.144e-01 6.800e-03 2.172e-01 3.052e-01 0
20220305.500 2459644.000 2459644.001279 0.3033 1362.0053 2.110e-01 6.800e-03 5.335e-02 2.176e-01 1384.5429 2.145e-01 6.800e-03 2.002e-01 2.934e-01 0
20220306.500 2459645.000 2459645.021965 0.2802 1362.0849 2.110e-01 6.800e-03 5.170e-02 2.172e-01 1383.9130 2.144e-01 6.800e-03 1.905e-01 2.868e-01 0
20220307.500 2459646.000 2459646.016278 0.3173 1362.0680 2.110e-01 6.800e-03 4.905e-02 2.166e-01 1383.1999 2.143e-01 6.800e-03 2.282e-01 3.130e-01 0
20220308.500 2459647.000 2459646.893436 0.3236 1362.0534 2.111e-01 6.800e-03 7.799e-02 2.251e-01 1382.5681 2.143e-01 6.800e-03 1.832e-01 2.819e-01 0
20220309.500 2459648.000 2459647.832319 0.2139 1362.1372 2.111e-01 6.800e-03 5.704e-02 2.187e-01 1381.9892 2.142e-01 6.800e-03 1.493e-01 2.611e-01 0
20220310.500 2459649.000 2459649.020265 0.2729 1362.1463 2.113e-01 6.800e-03 5.507e-02 2.183e-01 1381.1523 2.142e-01 6.800e-03 2.248e-01 3.105e-01 0
20220311.500 2459650.000 2459649.845569 0.2028 1362.1202 2.113e-01 6.800e-03 4.430e-02 2.159e-01 1380.5339 2.141e-01 6.800e-03 1.601e-01 2.673e-01 0
20220312.500 2459651.000 2459651.428218 0.0329 1362.1443 2.114e-01 6.800e-03 6.065e-02 2.199e-01 1379.4129 2.141e-01 6.800e-03 7.977e-02 2.285e-01 0
20220313.500 2459652.000 2459652.001176 0.2945 1362.0783 2.114e-01 6.800e-03 5.332e-02 2.180e-01 1378.9274 2.140e-01 6.800e-03 2.405e-01 3.220e-01 0
20220314.500 2459653.000 2459653.005323 0.2829 1362.0703 2.115e-01 6.800e-03 5.265e-02 2.180e-01 1378.1811 2.140e-01 6.800e-03 2.013e-01 2.938e-01 0
20220315.500 2459654.000 2459653.918240 0.3307 1362.1362 2.115e-01 6.800e-03 4.806e-02 2.169e-01 1377.5707 2.139e-01 6.800e-03 2.320e-01 3.156e-01 0
20220316.500 2459655.000 2459655.003309 0.2854 1362.1806 2.117e-01 6.800e-03 4.611e-02 2.166e-01 1376.8037 2.140e-01 6.800e-03 2.074e-01 2.980e-01 0
20220317.500 2459656.000 2459656.005989 0.2897 1362.2116 2.117e-01 6.800e-03 5.279e-02 2.182e-01 1376.0772 2.138e-01 6.800e-03 2.067e-01 2.974e-01 0
20220318.500 2459657.000 2459656.599489 0.0601 1362.2504 2.118e-01 6.800e-03 3.934e-02 2.155e-01 1375.6649 2.139e-01 6.800e-03 5.693e-02 2.214e-01 0
20220319.500 2459658.000 2459658.000000 0.0000    0.0000 0.000e+00 0.000e+00 0.000e+00 0.000e+00    0.0000 0.000e+00 0.000e+00 0.000e+00 0.000e+00 0
20220320.500 2459659.000 2459659.182469 0.1861 1362.1880 2.118e-01 6.800e-03 4.784e-02 2.172e-01 1373.6068 2.136e-01 6.800e-03 1.669e-01 2.711e-01 0
20220321.500 2459660.000 2459659.968220 0.3083 1362.1216 2.119e-01 6.800e-03 5.293e-02 2.185e-01 1372.9243 2.136e-01 6.800e-03 2.646e-01 3.400e-01 0
20220322.500 2459661.000 2459660.979704 0.2902 1362.1558 2.120e-01 6.800e-03 5.128e-02 2.181e-01 1372.1618 2.135e-01 6.800e-03 2.274e-01 3.119e-01 0
20220323.500 2459662.000 2459662.024337 0.3573 1362.1847 2.121e-01 6.800e-03 4.741e-02 2.173e-01 1371.3629 2.135e-01 6.800e-03 2.904e-01 3.605e-01 0
20220324.500 2459663.000 2459662.952727 0.3023 1362.2089 2.121e-01 6.800e-03 5.388e-02 2.188e-01 1370.6482 2.134e-01 6.800e-03 2.498e-01 3.286e-01 0
20220325.500 2459664.000 2459664.007122 0.3051 1362.1537 2.122e-01 6.800e-03 5.318e-02 2.188e-01 1369.7508 2.134e-01 6.800e-03 2.654e-01 3.406e-01 0
20220326.500 2459665.000 2459664.775255 0.1518 1362.0486 2.122e-01 6.800e-03 5.493e-02 2.192e-01 1369.0311 2.133e-01 6.800e-03 1.584e-01 2.657e-01 0
20220327.500 2459666.000 2459666.273163 0.1274 1361.7953 2.123e-01 6.800e-03 5.406e-02 2.191e-01 1367.5794 2.132e-01 6.800e-03 1.364e-01 2.531e-01 0
20220328.500 2459667.000 2459666.996809 0.2923 1361.6963 2.123e-01 6.800e-03 4.553e-02 2.171e-01 1366.9027 2.131e-01 6.800e-03 2.408e-01 3.216e-01 0
20220329.500 2459668.000 2459667.998849 0.2844 1361.6206 2.124e-01 6.800e-03 6.011e-02 2.208e-01 1366.0292 2.131e-01 6.800e-03 2.667e-01 3.414e-01 0
20220330.500 2459669.000 2459668.610890 0.0691 1361.5682 2.124e-01 6.800e-03 3.820e-02 2.158e-01 1365.4907 2.130e-01 6.800e-03 6.827e-02 2.237e-01 0
20220331.500 2459670.000 2459670.194735 0.1721 1361.7544 2.126e-01 6.800e-03 5.671e-02 2.200e-01 1364.4260 2.130e-01 6.800e-03 1.223e-01 2.456e-01 0
20220401.500 2459671.000 2459670.970126 0.2761 1361.8513 2.126e-01 6.800e-03 7.462e-02 2.253e-01 1363.9140 2.129e-01 6.800e-03 1.758e-01 2.761e-01 0
20220402.500 2459672.000 2459672.000000 0.0000    0.0000 0.000e+00 0.000e+00 0.000e+00 0.000e+00    0.0000 0.000e+00 0.000e+00 0.000e+00 0.000e+00 0
20220403.500 2459673.000 2459673.036541 0.2709 1362.0657 2.128e-01 6.800e-03 4.996e-02 2.185e-01 1362.5166 2.128e-01 6.800e-03 2.132e-01 3.012e-01 0
20220404.500 2459674.000 2459674.011398 0.2896 1362.1170 2.128e-01 6.800e-03 5.487e-02 2.197e-01 1361.8131 2.127e-01 6.800e-03 2.184e-01 3.049e-01 0
20220405.500 2459675.000 2459674.983325 0.2825 1362.2663 2.129e-01 6.800e-03 8.391e-02 2.289e-01 1361.2133 2.128e-01 6.800e-03 1.579e-01 2.649e-01 0
20220406.500 2459676.000 2459675.969674 0.2707 1362.4737 2.130e-01 6.800e-03 9.218e-02 2.321e-01 1360.6635 2.127e-01 6.800e-03 1.386e-01 2.539e-01 0
20220407.500 2459677.000 2459676.954647 0.2654 1362.6412 2.131e-01 6.800e-03 6.579e-02 2.230e-01 1360.0778 2.127e-01 6.800e-03 1.744e-01 2.751e-01 0
20220408.500 2459678.000 2459678.115084 0.2561 1362.6454 2.131e-01 6.800e-03 5.564e-02 2.203e-01 1359.1982 2.126e-01 6.800e-03 2.224e-01 3.077e-01 0
20220409.500 2459679.000 2459678.703623 0.1270 1362.6054 2.132e-01 6.800e-03 4.736e-02 2.184e-01 1358.7114 2.126e-01 6.800e-03 1.284e-01 2.484e-01 0
20220410.500 2459680.000 2459680.225532 0.1180 1362.4705 2.132e-01 6.800e-03 4.603e-02 2.181e-01 1357.4242 2.124e-01 6.800e-03 9.444e-02 2.325e-01 0
20220411.500 2459681.000 2459680.996476 0.2747 1362.4080 2.134e-01 6.800e-03 4.842e-02 2.188e-01 1356.7795 2.125e-01 6.800e-03 2.190e-01 3.051e-01 0
20220412.500 2459682.000 2459681.990588 0.2532 1362.3675 2.133e-01 6.800e-03 4.125e-02 2.173e-01 1355.9888 2.123e-01 6.800e-03 2.111e-01 2.994e-01 0
20220413.500 2459683.000 2459682.991373 0.2721 1362.3367 2.135e-01 6.800e-03 5.425e-02 2.203e-01 1355.2035 2.124e-01 6.800e-03 2.309e-01 3.137e-01 0
20220414.500 2459684.000 2459683.971449 0.2671 1362.3183 2.135e-01 6.800e-03 4.818e-02 2.188e-01 1354.4464 2.122e-01 6.800e-03 2.044e-01 2.947e-01 0
20220415.500 2459685.000 2459684.998089 0.2715 1362.2960 2.135e-01 6.800e-03 5.678e-02 2.209e-01 1353.6502 2.121e-01 6.800e-03 2.271e-01 3.107e-01 0
20220416.500 2459686.000 2459685.973539 0.2665 1362.2537 2.136e-01 6.800e-03 4.795e-02 2.189e-01 1352.8723 2.121e-01 6.800e-03 2.214e-01 3.067e-01 0
20220417.500 2459687.000 2459686.998440 0.2732 1362.2069 2.136e-01 6.800e-03 4.678e-02 2.187e-01 1352.0522 2.120e-01 6.800e-03 2.113e-01 2.993e-01 0
20220418.500 2459688.000 2459687.867793 0.2510 1362.1349 2.137e-01 6.800e-03 6.619e-02 2.237e-01 1351.3244 2.120e-01 6.800e-03 2.383e-01 3.190e-01 0
20220419.500 2459689.000 2459688.607970 0.0726 1361.9747 2.137e-01 6.800e-03 5.356e-02 2.203e-01 1350.6068 2.119e-01 6.800e-03 9.404e-02 2.318e-01 0
20220420.500 2459690.000 2459690.000000 0.0000    0.0000 0.000e+00 0.000e+00 0.000e+00 0.000e+00    0.0000 0.000e+00 0.000e+00 0.000e+00 0.000e+00 0
20220421.500 2459691.000 2459691.034689 0.2544 1361.4286 2.137e-01 6.800e-03 6.425e-02 2.232e-01 1348.2383 2.117e-01 6.800e-03 2.303e-01 3.128e-01 0
20220422.500 2459692.000 2459691.979016 0.2693 1361.4165 2.139e-01 6.800e-03 5.650e-02 2.212e-01 1347.5191 2.117e-01 6.800e-03 1.851e-01 2.812e-01 0
20220423.500 2459693.000 2459692.723724 0.1379 1361.4945 2.139e-01 6.800e-03 6.121e-02 2.225e-01 1347.0409 2.116e-01 6.800e-03 8.527e-02 2.282e-01 0
20220424.500 2459694.000 2459694.272873 0.1064 1361.7604 2.141e-01 6.800e-03 5.251e-02 2.204e-01 1346.1575 2.116e-01 6.800e-03 6.743e-02 2.221e-01 0
20220425.500 2459695.000 2459694.505884 0.0023 1361.8702 2.141e-01 6.800e-03 4.042e-02 2.179e-01 1346.0949 2.116e-01 6.800e-03 3.853e-02 2.151e-01 0
20220426.500 2459696.000 2459696.012853 0.2501 1362.3361 2.143e-01 6.800e-03 1.016e-01 2.372e-01 1345.4573 2.116e-01 6.800e-03 1.049e-01 2.362e-01 0
20220427.500 2459697.000 2459696.975808 0.2671 1362.6085 2.143e-01 6.800e-03 7.050e-02 2.256e-01 1345.0337 2.116e-01 6.800e-03 1.464e-01 2.573e-01 0
20220428.500 2459698.000 2459698.000000 0.0000    0.0000 0.000e+00 0.000e+00 0.000e+00 0.000e+00    0.0000 0.000e+00 0.000e+00 0.000e+00 0.000e+00 0
20220429.500 2459699.000 2459698.989037 0.2916 1362.5076 2.145e-01 6.800e-03 6.574e-02 2.243e-01 1343.5128 2.115e-01 6.800e-03 2.492e-01 3.268e-01 0
20220430.500 2459700.000 2459699.971279 0.2652 1362.4261 2.144e-01 6.800e-03 5.467e-02 2.213e-01 1342.7529 2.113e-01 6.800e-03 2.032e-01 2.932e-01 0
20220501.500 2459701.000 2459701.012524 0.3056 1362.3583 2.146e-01 6.800e-03 4.789e-02 2.199e-01 1341.9763 2.114e-01 6.800e-03 2.269e-01 3.101e-01 0
20220502.500 2459702.000 2459701.975533 0.2884 1362.3141 2.146e-01 6.800e-03 5.513e-02 2.215e-01 1341.2857 2.113e-01 6.800e-03 2.144e-01 3.010e-01 0
20220503.500 2459703.000 2459702.955298 0.3761 1362.2829 2.147e-01 6.800e-03 5.682e-02 2.221e-01 1340.6065 2.113e-01 6.800e-03 2.678e-01 3.411e-01 0
20220504.500 2459704.000 2459703.674463 0.0924 1362.1430 2.147e-01 6.800e-03 4.415e-02 2.192e-01 1339.9980 2.112e-01 6.800e-03 7.118e-02 2.229e-01 0
20220505.500 2459705.000 2459705.000000 0.0000    0.0000 0.000e+00 0.000e+00 0.000e+00 0.000e+00    0.0000 0.000e+00 0.000e+00 0.000e+00 0.000e+00 0
20220506.500 2459706.000 2459706.160564 0.1863 1362.1725 2.148e-01 6.800e-03 6.577e-02 2.247e-01 1338.4396 2.111e-01 6.800e-03 1.082e-01 2.372e-01 0
20220507.500 2459707.000 2459706.999673 0.2970 1362.2772 2.150e-01 6.800e-03 5.550e-02 2.220e-01 1338.0193 2.111e-01 6.800e-03 1.661e-01 2.686e-01 0
20220508.500 2459708.000 2459707.993306 0.2884 1362.4151 2.150e-01 6.800e-03 5.252e-02 2.213e-01 1337.5428 2.111e-01 6.800e-03 1.565e-01 2.628e-01 0
20220509.500 2459709.000 2459708.980532 0.2983 1362.3816 2.151e-01 6.800e-03 6.663e-02 2.252e-01 1336.9098 2.111e-01 6.800e-03 2.278e-01 3.106e-01 0
20220510.500 2459710.000 2459709.924153 0.3375 1362.2559 2.151e-01 6.800e-03 4.545e-02 2.198e-01 1336.2199 2.110e-01 6.800e-03 2.232e-01 3.071e-01 0
20220511.500 2459711.000 2459710.967296 0.3018 1362.1761 2.152e-01 6.800e-03 6.624e-02 2.252e-01 1335.5224 2.110e-01 6.800e-03 2.278e-01 3.105e-01 0
20220512.500 2459712.000 2459711.979664 0.2771 1362.1091 2.152e-01 6.800e-03 4.774e-02 2.204e-01 1334.8625 2.109e-01 6.800e-03 1.465e-01 2.568e-01 0
20220513.500 2459713.000 2459712.515955 0.0014 1362.1593 2.154e-01 6.800e-03 1.437e-02 2.158e-01 1334.5991 2.110e-01 6.800e-03 1.367e-02 2.114e-01 0
20220514.500 2459714.000 2459714.000000 0.0000    0.0000 0.000e+00 0.000e+00 0.000e+00 0.000e+00    0.0000 0.000e+00 0.000e+00 0.000e+00 0.000e+00 0
20220515.500 2459715.000 2459715.000000 0.0000    0.0000 0.000e+00 0.000e+00 0.000e+00 0.000e+00    0.0000 0.000e+00 0.000e+00 0.000e+00 0.000e+00 0
20220516.500 2459716.000 2459716.000000 0.0000    0.0000 0.000e+00 0.000e+00 0.000e+00 0.000e+00    0.0000 0.000e+00 0.000e+00 0.000e+00 0.000e+00 0
20220517.500 2459717.000 2459717.090244 0.2787 1362.5454 2.156e-01 6.800e-03 7.978e-02 2.298e-01 1332.3725 2.108e-01 6.800e-03 2.156e-01 3.015e-01 0
20220518.500 2459718.000 2459718.051788 0.2761 1362.2206 2.156e-01 6.800e-03 7.311e-02 2.277e-01 1331.5204 2.108e-01 6.800e-03 2.152e-01 3.012e-01 0
20220519.500 2459719.000 2459718.967823 0.2626 1362.0416 2.156e-01 6.800e-03 5.727e-02 2.231e-01 1330.8411 2.107e-01 6.800e-03 1.728e-01 2.725e-01 0
20220520.500 2459720.000 2459719.934273 0.2319 1361.9702 2.157e-01 6.800e-03 5.314e-02 2.222e-01 1330.2453 2.107e-01 6.800e-03 1.405e-01 2.533e-01 0
20220521.500 2459721.000 2459721.000000 0.0000    0.0000 0.000e+00 0.000e+00 0.000e+00 0.000e+00    0.0000 0.000e+00 0.000e+00 0.000e+00 0.000e+00 0
20220522.500 2459722.000 2459722.020848 0.2790 1362.1969 2.159e-01 6.800e-03 1.055e-01 2.403e-01 1329.3556 2.107e-01 6.800e-03 8.640e-02 2.277e-01 0
20220523.500 2459723.000 2459722.958452 0.2814 1362.4633 2.160e-01 6.800e-03 9.194e-02 2.347e-01 1329.1291 2.107e-01 6.800e-03 8.445e-02 2.270e-01 0
20220524.500 2459724.000 2459723.952802 0.2819 1362.7065 2.161e-01 6.800e-03 6.294e-02 2.251e-01 1328.8604 2.108e-01 6.800e-03 1.085e-01 2.371e-01 0
20220525.500 2459725.000 2459724.868744 0.2109 1362.7172 2.161e-01 6.800e-03 5.235e-02 2.224e-01 1328.4145 2.107e-01 6.800e-03 1.242e-01 2.446e-01 0
20220526.500 2459726.000 2459726.401629 0.0528 1362.5660 2.162e-01 6.800e-03 5.560e-02 2.233e-01 1327.5262 2.107e-01 6.800e-03 4.848e-02 2.162e-01 0
20220527.500 2459727.000 2459726.622110 0.0725 1362.5337 2.162e-01 6.800e-03 5.056e-02 2.221e-01 1327.3906 2.107e-01 6.800e-03 7.310e-02 2.230e-01 0
20220528.500 2459728.000 2459728.290275 0.1245 1362.2735 2.163e-01 6.800e-03 5.356e-02 2.229e-01 1326.3707 2.106e-01 6.800e-03 7.973e-02 2.252e-01 0
20220529.500 2459729.000 2459729.016610 0.2980 1362.2494 2.163e-01 6.800e-03 4.408e-02 2.208e-01 1326.0258 2.106e-01 6.800e-03 1.384e-01 2.520e-01 0
20220530.500 2459730.000 2459730.014616 0.2999 1362.1881 2.165e-01 6.800e-03 4.755e-02 2.216e-01 1325.5356 2.106e-01 6.800e-03 1.310e-01 2.480e-01 0
20220531.500 2459731.000 2459730.876706 0.2107 1362.1880 2.165e-01 6.800e-03 4.858e-02 2.218e-01 1325.1744 2.106e-01 6.800e-03 9.820e-02 2.323e-01 0
20220601.500 2459732.000 2459732.000000 0.0000    0.0000 0.000e+00 0.000e+00 0.000e+00 0.000e+00    0.0000 0.000e+00 0.000e+00 0.000e+00 0.000e+00 0
20220602.500 2459733.000 2459733.000000 0.0000    0.0000 0.000e+00 0.000e+00 0.000e+00 0.000e+00    0.0000 0.000e+00 0.000e+00 0.000e+00 0.000e+00 0
20220603.500 2459734.000 2459733.755082 0.1084 1362.2097 2.166e-01 6.800e-03 4.654e-02 2.215e-01 1324.0653 2.105e-01 6.800e-03 5.297e-02 2.171e-01 0
20220604.500 2459735.000 2459735.293221 0.1190 1362.4032 2.168e-01 6.800e-03 5.242e-02 2.230e-01 1323.6952 2.106e-01 6.800e-03 7.737e-02 2.244e-01 0
20220605.500 2459736.000 2459735.953541 0.3073 1362.4518 2.168e-01 6.800e-03 5.732e-02 2.242e-01 1323.5127 2.106e-01 6.800e-03 1.062e-01 2.358e-01 0
20220606.500 2459737.000 2459736.992143 0.2933 1362.4483 2.169e-01 6.800e-03 5.765e-02 2.244e-01 1323.1582 2.106e-01 6.800e-03 1.228e-01 2.438e-01 0
20220607.500 2459738.000 2459738.013666 0.3019 1362.4337 2.169e-01 6.800e-03 4.325e-02 2.212e-01 1322.8113 2.106e-01 6.800e-03 9.631e-02 2.316e-01 0
20220608.500 2459739.000 2459738.991248 0.2831 1362.4597 2.170e-01 6.800e-03 5.992e-02 2.252e-01 1322.5293 2.107e-01 6.800e-03 8.280e-02 2.264e-01 0
20220609.500 2459740.000 2459740.000373 0.2920 1362.5190 2.170e-01 6.800e-03 7.721e-02 2.304e-01 1322.2805 2.106e-01 6.800e-03 6.141e-02 2.194e-01 0
20220610.500 2459741.000 2459740.995468 0.2835 1362.7217 2.172e-01 6.800e-03 6.481e-02 2.267e-01 1322.1850 2.108e-01 6.800e-03 6.116e-02 2.195e-01 0
20220611.500 2459742.000 2459741.994955 0.2951 1362.8507 2.172e-01 6.800e-03 4.850e-02 2.226e-01 1322.0261 2.107e-01 6.800e-03 7.885e-02 2.250e-01 0
20220612.500 2459743.000 2459742.995549 0.2832 1362.8759 2.174e-01 6.800e-03 5.072e-02 2.232e-01 1321.7747 2.108e-01 6.800e-03 9.567e-02 2.315e-01 0
20220613.500 2459744.000 2459743.997243 0.2955 1362.8266 2.174e-01 6.800e-03 5.194e-02 2.235e-01 1321.4588 2.108e-01 6.800e-03 1.128e-01 2.390e-01 0
20220614.500 2459745.000 2459744.997362 0.2824 1362.5240 2.175e-01 6.800e-03 1.146e-01 2.458e-01 1320.9054 2.108e-01 6.800e-03 1.797e-01 2.770e-01 0
20220615.500 2459746.000 2459745.998435 0.2962 1362.3220 2.174e-01 6.800e-03 5.471e-02 2.242e-01 1320.4571 2.107e-01 6.800e-03 9.355e-02 2.306e-01 0
20220616.500 2459747.000 2459746.863395 0.2048 1362.3428 2.176e-01 6.800e-03 5.572e-02 2.246e-01 1320.2651 2.108e-01 6.800e-03 6.319e-02 2.201e-01 0
20220617.500 2459748.000 2459748.000000 0.0000    0.0000 0.000e+00 0.000e+00 0.000e+00 0.000e+00    0.0000 0.000e+00 0.000e+00 0.000e+00 0.000e+00 0
20220618.500 2459749.000 2459748.974197 0.2860 1362.5184 2.177e-01 6.800e-03 7.771e-02 2.312e-01 1319.9447 2.109e-01 6.800e-03 4.794e-02 2.163e-01 0
20220619.500 2459750.000 2459749.821314 0.1986 1362.5672 2.177e-01 6.800e-03 6.387e-02 2.269e-01 1319.8066 2.109e-01 6.800e-03 9.752e-02 2.324e-01 0
20220620.500 2459751.000 2459751.000000 0.0000    0.0000 0.000e+00 0.000e+00 0.000e+00 0.000e+00    0.0000 0.000e+00 0.000e+00 0.000e+00 0.000e+00 0
20220621.500 2459752.000 2459752.000000 0.0000    0.0000 0.000e+00 0.000e+00 0.000e+00 0.000e+00    0.0000 0.000e+00 0.000e+00 0.000e+00 0.000e+00 0
20220622.500 2459753.000 2459753.131526 0.2265 1362.1085 2.178e-01 6.800e-03 5.391e-02 2.244e-01 1318.7168 2.109e-01 6.800e-03 5.645e-02 2.183e-01 0
20220623.500 2459754.000 2459753.997175 0.3067 1362.2169 2.180e-01 6.800e-03 6.864e-02 2.285e-01 1318.6761 2.110e-01 6.800e-03 5.649e-02 2.184e-01 0
20220624.500 2459755.000 2459754.956074 0.2728 1362.2652 2.180e-01 6.800e-03 4.998e-02 2.236e-01 1318.5733 2.110e-01 6.800e-03 7.028e-02 2.224e-01 0
20220625.500 2459756.000 2459755.555258 0.0422 1362.2355 2.181e-01 6.800e-03 4.271e-02 2.222e-01 1318.4573 2.111e-01 6.800e-03 4.431e-02 2.157e-01 0
20220626.500 2459757.000 2459757.000000 0.0000    0.0000 0.000e+00 0.000e+00 0.000e+00 0.000e+00    0.0000 0.000e+00 0.000e+00 0.000e+00 0.000e+00 0
20220627.500 2459758.000 2459758.192383 0.2027 1362.1148 2.182e-01 6.800e-03 5.023e-02 2.239e-01 1318.0228 2.111e-01 6.800e-03 5.187e-02 2.174e-01 0
20220628.500 2459759.000 2459758.654313 0.0803 1362.1786 2.182e-01 6.800e-03 6.366e-02 2.273e-01 1318.0394 2.111e-01 6.800e-03 6.152e-02 2.199e-01 0
20220629.500 2459760.000 2459760.177605 0.1675 1362.2133 2.184e-01 6.800e-03 5.917e-02 2.262e-01 1317.9490 2.113e-01 6.800e-03 5.351e-02 2.179e-01 0
20220630.500 2459761.000 2459760.911563 0.2314 1362.2614 2.184e-01 6.800e-03 4.851e-02 2.237e-01 1317.9488 2.113e-01 6.800e-03 4.310e-02 2.156e-01 0
20220701.500 2459762.000 2459762.451012 0.0330 1362.3589 2.185e-01 6.800e-03 3.870e-02 2.219e-01 1317.9713 2.114e-01 6.800e-03 3.740e-02 2.147e-01 0
20220702.500 2459763.000 2459763.019909 0.2801 1362.3578 2.185e-01 6.800e-03 5.366e-02 2.250e-01 1317.9536 2.114e-01 6.800e-03 5.190e-02 2.177e-01 0
20220703.500 2459764.000 2459764.000000 0.0000    0.0000 0.000e+00 0.000e+00 0.000e+00 0.000e+00    0.0000 0.000e+00 0.000e+00 0.000e+00 0.000e+00 0
20220704.500 2459765.000 2459765.014171 0.2806 1362.2640 2.186e-01 6.800e-03 5.986e-02 2.267e-01 1317.8403 2.115e-01 6.800e-03 5.812e-02 2.194e-01 0
20220705.500 2459766.000 2459765.994515 0.2984 1362.3359 2.188e-01 6.800e-03 5.345e-02 2.252e-01 1317.9197 2.117e-01 6.800e-03 5.434e-02 2.185e-01 0
20220706.500 2459767.000 2459766.995913 0.2791 1362.4513 2.188e-01 6.800e-03 5.351e-02 2.253e-01 1318.0547 2.117e-01 6.800e-03 5.573e-02 2.189e-01 0
20220707.500 2459768.000 2459767.992786 0.2943 1362.4927 2.190e-01 6.800e-03 5.274e-02 2.252e-01 1318.1309 2.118e-01 6.800e-03 4.913e-02 2.174e-01 0
20220708.500 2459769.000 2459768.964965 0.2784 1362.3405 2.189e-01 6.800e-03 6.213e-02 2.276e-01 1318.0305 2.118e-01 6.800e-03 5.377e-02 2.185e-01 0
20220709.500 2459770.000 2459769.961002 0.2955 1362.1568 2.189e-01 6.800e-03 7.707e-02 2.321e-01 1317.9120 2.118e-01 6.800e-03 6.243e-02 2.208e-01 0
20220710.500 2459771.000 2459770.955167 0.2660 1361.9179 2.190e-01 6.800e-03 8.756e-02 2.359e-01 1317.7500 2.119e-01 6.800e-03 6.874e-02 2.228e-01 0
20220711.500 2459772.000 2459772.000000 0.0000    0.0000 0.000e+00 0.000e+00 0.000e+00 0.000e+00    0.0000 0.000e+00 0.000e+00 0.000e+00 0.000e+00 0
20220712.500 2459773.000 2459773.000000 0.0000    0.0000 0.000e+00 0.000e+00 0.000e+00 0.000e+00    0.0000 0.000e+00 0.000e+00 0.000e+00 0.000e+00 0
20220713.500 2459774.000 2459774.000000 0.0000    0.0000 0.000e+00 0.000e+00 0.000e+00 0.000e+00    0.0000 0.000e+00 0.000e+00 0.000e+00 0.000e+00 0
20220714.500 2459775.000 2459775.000000 0.0000    0.0000 0.000e+00 0.000e+00 0.000e+00 0.000e+00    0.0000 0.000e+00 0.000e+00 0.000e+00 0.000e+00 0
20220715.500 2459776.000 2459776.000000 0.0000    0.0000 0.000e+00 0.000e+00 0.000e+00 0.000e+00    0.0000 0.000e+00 0.000e+00 0.000e+00 0.000e+00 0
20220716.500 2459777.000 2459777.000000 0.0000    0.0000 0.000e+00 0.000e+00 0.000e+00 0.000e+00    0.0000 0.000e+00 0.000e+00 0.000e+00 0.000e+00 0
20220717.500 2459778.000 2459778.396020 0.0701 1362.3152 2.196e-01 6.800e-03 3.533e-02 2.224e-01 1318.9275 2.126e-01 6.800e-03 3.555e-02 2.156e-01 0
20220718.500 2459779.000 2459779.043946 0.2860 1362.3515 2.196e-01 6.800e-03 4.134e-02 2.235e-01 1319.0555 2.126e-01 6.800e-03 5.237e-02 2.190e-01 0
20220719.500 2459780.000 2459780.035091 0.2815 1362.3951 2.196e-01 6.800e-03 6.023e-02 2.277e-01 1319.2480 2.127e-01 6.800e-03 9.115e-02 2.314e-01 0
20220720.500 2459781.000 2459781.007769 0.2887 1362.4336 2.198e-01 6.800e-03 6.333e-02 2.287e-01 1319.4436 2.128e-01 6.800e-03 1.004e-01 2.353e-01 0
20220721.500 2459782.000 2459781.837797 0.3109 1362.4083 2.198e-01 6.800e-03 6.686e-02 2.297e-01 1319.5632 2.128e-01 6.800e-03 4.708e-02 2.180e-01 0
20220722.500 2459783.000 2459783.002242 0.2930 1362.2824 2.199e-01 6.800e-03 5.159e-02 2.258e-01 1319.6581 2.130e-01 6.800e-03 5.217e-02 2.193e-01 0
20220723.500 2459784.000 2459783.991305 0.2931 1362.2426 2.199e-01 6.800e-03 5.448e-02 2.265e-01 1319.8178 2.130e-01 6.800e-03 7.425e-02 2.256e-01 0
20220724.500 2459785.000 2459785.013218 0.2865 1362.2471 2.200e-01 6.800e-03 5.413e-02 2.266e-01 1320.0411 2.132e-01 6.800e-03 9.641e-02 2.340e-01 0
20220725.500 2459786.000 2459785.960714 0.2820 1362.3056 2.200e-01 6.800e-03 5.192e-02 2.261e-01 1320.3140 2.132e-01 6.800e-03 8.333e-02 2.289e-01 0
20220726.500 2459787.000 2459787.053101 0.3412 1362.2841 2.201e-01 6.800e-03 5.381e-02 2.266e-01 1320.5587 2.134e-01 6.800e-03 9.038e-02 2.318e-01 0
20220727.500 2459788.000 2459788.041095 0.2904 1362.3030 2.201e-01 6.800e-03 4.905e-02 2.255e-01 1320.8320 2.134e-01 6.800e-03 9.739e-02 2.346e-01 0
20220728.500 2459789.000 2459788.997472 0.2888 1362.2523 2.203e-01 6.800e-03 5.399e-02 2.268e-01 1321.0436 2.136e-01 6.800e-03 7.657e-02 2.269e-01 0
20220729.500 2459790.000 2459789.998715 0.2885 1362.1462 2.203e-01 6.800e-03 5.763e-02 2.277e-01 1321.2283 2.136e-01 6.800e-03 7.761e-02 2.273e-01 0
20220730.500 2459791.000 2459790.989297 0.2865 1362.0684 2.204e-01 6.800e-03 4.833e-02 2.256e-01 1321.4520 2.138e-01 6.800e-03 9.316e-02 2.332e-01 0
20220731.500 2459792.000 2459792.007201 0.2888 1362.0813 2.204e-01 6.800e-03 4.791e-02 2.255e-01 1321.7868 2.139e-01 6.800e-03 1.134e-01 2.421e-01 0
20220801.500 2459793.000 2459792.996747 0.2912 1362.1440 2.204e-01 6.800e-03 5.135e-02 2.263e-01 1322.1754 2.139e-01 6.800e-03 1.197e-01 2.452e-01 0
20220802.500 2459794.000 2459793.988082 0.2898 1362.1797 2.205e-01 6.800e-03 5.650e-02 2.277e-01 1322.5520 2.141e-01 6.800e-03 1.389e-01 2.552e-01 0
20220803.500 2459795.000 2459794.983528 0.2888 1362.3028 2.206e-01 6.800e-03 5.525e-02 2.274e-01 1323.0281 2.142e-01 6.800e-03 1.362e-01 2.538e-01 0
20220804.500 2459796.000 2459795.992462 0.2781 1362.3613 2.207e-01 6.800e-03 5.865e-02 2.284e-01 1323.4593 2.144e-01 6.800e-03 1.199e-01 2.457e-01 0
20220805.500 2459797.000 2459797.004488 0.2868 1362.4641 2.207e-01 6.800e-03 7.363e-02 2.327e-01 1323.9469 2.145e-01 6.800e-03 1.705e-01 2.740e-01 0
20220806.500 2459798.000 2459797.986007 0.2857 1362.6238 2.209e-01 6.800e-03 6.595e-02 2.305e-01 1324.4890 2.147e-01 6.800e-03 1.666e-01 2.717e-01 0
20220807.500 2459799.000 2459799.010110 0.2860 1362.7611 2.209e-01 6.800e-03 4.824e-02 2.261e-01 1325.0366 2.148e-01 6.800e-03 1.200e-01 2.460e-01 0
20220808.500 2459800.000 2459799.967745 0.2848 1362.6901 2.210e-01 6.800e-03 6.136e-02 2.294e-01 1325.3634 2.150e-01 6.800e-03 9.185e-02 2.338e-01 0
20220809.500 2459801.000 2459800.981637 0.2843 1362.5411 2.210e-01 6.800e-03 5.675e-02 2.282e-01 1325.6457 2.150e-01 6.800e-03 1.086e-01 2.409e-01 0
20220810.500 2459802.000 2459801.634737 0.0745 1362.4812 2.211e-01 6.800e-03 4.281e-02 2.252e-01 1325.8664 2.152e-01 6.800e-03 5.787e-02 2.228e-01 0
20220811.500 2459803.000 2459803.178441 0.1857 1362.4978 2.211e-01 6.800e-03 5.364e-02 2.275e-01 1326.5541 2.153e-01 6.800e-03 7.938e-02 2.295e-01 0
20220812.500 2459804.000 2459803.992623 0.2871 1362.4531 2.213e-01 6.800e-03 5.094e-02 2.271e-01 1326.8710 2.155e-01 6.800e-03 1.089e-01 2.415e-01 0
20220813.500 2459805.000 2459805.021419 0.2945 1362.4051 2.213e-01 6.800e-03 5.449e-02 2.279e-01 1327.2854 2.156e-01 6.800e-03 1.521e-01 2.638e-01 0
20220814.500 2459806.000 2459805.988826 0.2857 1362.3699 2.214e-01 6.800e-03 6.028e-02 2.294e-01 1327.6909 2.157e-01 6.800e-03 1.528e-01 2.644e-01 0
20220815.500 2459807.000 2459807.013398 0.2943 1362.2355 2.214e-01 6.800e-03 6.790e-02 2.315e-01 1328.0328 2.158e-01 6.800e-03 1.038e-01 2.395e-01 0
20220816.500 2459808.000 2459808.002731 0.2988 1362.1912 2.215e-01 6.800e-03 5.395e-02 2.280e-01 1328.4535 2.160e-01 6.800e-03 1.344e-01 2.544e-01 0
20220817.500 2459809.000 2459808.774669 0.1658 1362.1904 2.215e-01 6.800e-03 4.824e-02 2.267e-01 1328.8198 2.161e-01 6.800e-03 9.094e-02 2.344e-01 0
20220818.500 2459810.000 2459810.000000 0.0000    0.0000 0.000e+00 0.000e+00 0.000e+00 0.000e+00    0.0000 0.000e+00 0.000e+00 0.000e+00 0.000e+00 0
20220819.500 2459811.000 2459810.819889 0.1636 1362.2493 2.216e-01 6.800e-03 4.563e-02 2.263e-01 1329.8758 2.164e-01 6.800e-03 1.048e-01 2.404e-01 0
20220820.500 2459812.000 2459812.329156 0.0968 1362.2718 2.218e-01 6.800e-03 4.431e-02 2.262e-01 1330.6602 2.166e-01 6.800e-03 6.561e-02 2.263e-01 0
20220821.500 2459813.000 2459813.000704 0.2919 1362.2456 2.218e-01 6.800e-03 5.770e-02 2.292e-01 1330.9817 2.167e-01 6.800e-03 1.327e-01 2.541e-01 0
20220822.500 2459814.000 2459813.981200 0.2983 1362.0771 2.219e-01 6.800e-03 5.914e-02 2.296e-01 1331.3321 2.169e-01 6.800e-03 1.275e-01 2.516e-01 0
20220823.500 2459815.000 2459814.986702 0.3017 1361.9449 2.219e-01 6.800e-03 7.003e-02 2.326e-01 1331.7421 2.169e-01 6.800e-03 1.463e-01 2.617e-01 0
20220824.500 2459816.000 2459816.008437 0.2895 1361.8948 2.220e-01 6.800e-03 5.225e-02 2.281e-01 1332.2527 2.172e-01 6.800e-03 1.490e-01 2.634e-01 0
20220825.500 2459817.000 2459816.507872 0.0063 1361.8726 2.220e-01 6.800e-03 5.089e-02 2.277e-01 1332.5084 2.172e-01 6.800e-03 4.724e-02 2.223e-01 0
20220826.500 2459818.000 2459818.073746 0.2407 1361.8968 2.221e-01 6.800e-03 4.601e-02 2.268e-01 1333.4231 2.175e-01 6.800e-03 1.418e-01 2.596e-01 0
20220827.500 2459819.000 2459819.010298 0.2937 1361.9247 2.221e-01 6.800e-03 5.782e-02 2.295e-01 1333.9972 2.176e-01 6.800e-03 2.097e-01 3.022e-01 0
20220828.500 2459820.000 2459820.017696 0.2801 1361.9612 2.221e-01 6.800e-03 5.062e-02 2.278e-01 1334.6326 2.177e-01 6.800e-03 1.702e-01 2.763e-01 0
20220829.500 2459821.000 2459820.998758 0.2948 1361.8710 2.223e-01 6.800e-03 5.771e-02 2.296e-01 1335.1395 2.179e-01 6.800e-03 1.608e-01 2.708e-01 0
20220830.500 2459822.000 2459822.001275 0.2889 1361.7936 2.222e-01 6.800e-03 4.683e-02 2.271e-01 1335.6833 2.180e-01 6.800e-03 1.930e-01 2.912e-01 0
20220831.500 2459823.000 2459823.015071 0.2873 1361.9279 2.224e-01 6.800e-03 8.236e-02 2.372e-01 1336.4529 2.182e-01 6.800e-03 2.520e-01 3.334e-01 0
20220901.500 2459824.000 2459823.939588 0.2953 1362.1657 2.224e-01 6.800e-03 7.323e-02 2.342e-01 1337.2772 2.184e-01 6.800e-03 2.496e-01 3.317e-01 0
20220902.500 2459825.000 2459824.908747 0.3820 1362.3178 2.226e-01 6.800e-03 8.340e-02 2.377e-01 1338.0551 2.186e-01 6.800e-03 3.199e-01 3.875e-01 0
20220903.500 2459826.000 2459825.996224 0.2895 1362.4565 2.226e-01 6.800e-03 5.493e-02 2.293e-01 1338.9060 2.188e-01 6.800e-03 2.239e-01 3.131e-01 0
20220904.500 2459827.000 2459826.987222 0.2943 1362.4934 2.228e-01 6.800e-03 4.991e-02 2.283e-01 1339.6017 2.190e-01 6.800e-03 2.179e-01 3.089e-01 0
20220905.500 2459828.000 2459828.098976 0.2746 1362.5418 2.228e-01 6.800e-03 3.751e-02 2.259e-01 1340.3966 2.192e-01 6.800e-03 2.007e-01 2.972e-01 0
20220906.500 2459829.000 2459828.989074 0.2961 1362.6015 2.229e-01 6.800e-03 5.068e-02 2.286e-01 1341.0586 2.194e-01 6.800e-03 2.227e-01 3.126e-01 0
20220907.500 2459830.000 2459829.995637 0.2826 1362.6311 2.229e-01 6.800e-03 5.240e-02 2.290e-01 1341.7741 2.195e-01 6.800e-03 1.984e-01 2.959e-01 0
20220908.500 2459831.000 2459830.991618 0.2979 1362.6474 2.231e-01 6.800e-03 5.503e-02 2.298e-01 1342.4728 2.198e-01 6.800e-03 2.177e-01 3.093e-01 0
20220909.500 2459832.000 2459831.986121 0.2793 1362.6942 2.231e-01 6.800e-03 5.160e-02 2.290e-01 1343.2033 2.199e-01 6.800e-03 2.181e-01 3.097e-01 0
20220910.500 2459833.000 2459832.993483 0.2984 1362.7565 2.232e-01 6.800e-03 4.680e-02 2.281e-01 1343.9604 2.201e-01 6.800e-03 2.204e-01 3.115e-01 0
20220911.500 2459834.000 2459833.992512 0.2796 1362.6081 2.232e-01 6.800e-03 1.078e-01 2.479e-01 1344.5059 2.202e-01 6.800e-03 1.115e-01 2.468e-01 0
20220912.500 2459835.000 2459834.997587 0.2983 1362.4023 2.233e-01 6.800e-03 6.503e-02 2.326e-01 1345.0010 2.204e-01 6.800e-03 1.769e-01 2.827e-01 0
20220913.500 2459836.000 2459836.065245 0.2410 1362.3967 2.233e-01 6.800e-03 6.488e-02 2.325e-01 1345.7397 2.206e-01 6.800e-03 2.131e-01 3.067e-01 0
20220914.500 2459837.000 2459837.005755 0.2954 1362.5038 2.235e-01 6.800e-03 6.940e-02 2.340e-01 1346.5037 2.208e-01 6.800e-03 2.637e-01 3.439e-01 0
20220915.500 2459838.000 2459837.840560 0.1854 1362.6002 2.235e-01 6.800e-03 5.871e-02 2.310e-01 1347.1854 2.209e-01 6.800e-03 1.569e-01 2.710e-01 0
20220916.500 2459839.000 2459839.401337 0.0667 1362.3589 2.236e-01 6.800e-03 4.555e-02 2.282e-01 1348.0500 2.212e-01 6.800e-03 5.439e-02 2.278e-01 0
20220917.500 2459840.000 2459840.002969 0.2799 1362.2788 2.235e-01 6.800e-03 5.678e-02 2.306e-01 1348.3988 2.213e-01 6.800e-03 1.842e-01 2.879e-01 0
20220918.500 2459841.000 2459840.986063 0.2932 1362.2241 2.237e-01 6.800e-03 5.188e-02 2.296e-01 1349.0474 2.215e-01 6.800e-03 2.092e-01 3.047e-01 0
20220919.500 2459842.000 2459841.975977 0.2732 1362.2555 2.237e-01 6.800e-03 5.447e-02 2.302e-01 1349.7910 2.216e-01 6.800e-03 2.329e-01 3.215e-01 0
20220920.500 2459843.000 2459842.995879 0.2996 1362.2747 2.238e-01 6.800e-03 5.526e-02 2.305e-01 1350.5497 2.219e-01 6.800e-03 2.173e-01 3.106e-01 0
20220921.500 2459844.000 2459843.618952 0.0534 1362.2799 2.238e-01 6.800e-03 4.904e-02 2.291e-01 1351.0093 2.220e-01 6.800e-03 7.293e-02 2.336e-01 0
20220922.500 2459845.000 2459845.000000 0.0000    0.0000 0.000e+00 0.000e+00 0.000e+00 0.000e+00    0.0000 0.000e+00 0.000e+00 0.000e+00 0.000e+00 0
20220923.500 2459846.000 2459846.113575 0.2014 1362.1822 2.239e-01 6.800e-03 5.808e-02 2.314e-01 1352.7571 2.224e-01 6.800e-03 1.589e-01 2.733e-01 0
20220924.500 2459847.000 2459846.986264 0.3015 1362.0793 2.241e-01 6.800e-03 5.560e-02 2.309e-01 1353.3098 2.226e-01 6.800e-03 2.242e-01 3.160e-01 0
20220925.500 2459848.000 2459847.992955 0.2698 1362.0405 2.241e-01 6.800e-03 5.623e-02 2.310e-01 1354.0330 2.227e-01 6.800e-03 2.088e-01 3.053e-01 0
20220926.500 2459849.000 2459848.991004 0.2982 1362.1139 2.242e-01 6.800e-03 6.792e-02 2.343e-01 1354.8681 2.230e-01 6.800e-03 2.829e-01 3.602e-01 0
20220927.500 2459850.000 2459850.004800 0.2776 1362.1973 2.242e-01 6.800e-03 5.672e-02 2.313e-01 1355.7318 2.232e-01 6.800e-03 2.484e-01 3.339e-01 0
20220928.500 2459851.000 2459851.024760 0.2994 1362.3764 2.244e-01 6.800e-03 7.437e-02 2.364e-01 1356.7024 2.234e-01 6.800e-03 2.946e-01 3.697e-01 0
20220929.500 2459852.000 2459851.643030 0.0730 1362.4799 2.244e-01 6.800e-03 4.311e-02 2.285e-01 1357.2885 2.235e-01 6.800e-03 8.454e-02 2.390e-01 0
20220930.500 2459853.000 2459853.197470 0.1918 1362.6309 2.246e-01 6.800e-03 4.888e-02 2.298e-01 1358.6631 2.239e-01 6.800e-03 1.572e-01 2.736e-01 0
20221001.500 2459854.000 2459853.681753 0.1119 1362.6350 2.246e-01 6.800e-03 5.052e-02 2.302e-01 1359.0506 2.240e-01 6.800e-03 1.058e-01 2.477e-01 0
20221002.500 2459855.000 2459855.251668 0.1536 1362.5024 2.245e-01 6.800e-03 6.757e-02 2.345e-01 1360.1666 2.242e-01 6.800e-03 9.863e-02 2.449e-01 0
20221003.500 2459856.000 2459856.001178 0.2837 1362.3157 2.246e-01 6.800e-03 5.627e-02 2.316e-01 1360.5780 2.244e-01 6.800e-03 2.317e-01 3.225e-01 0
20221004.500 2459857.000 2459857.007288 0.3058 1362.2575 2.246e-01 6.800e-03 4.418e-02 2.289e-01 1361.3229 2.245e-01 6.800e-03 2.400e-01 3.286e-01 0
20221005.500 2459858.000 2459857.977096 0.2621 1362.1850 2.248e-01 6.800e-03 5.212e-02 2.307e-01 1362.0243 2.247e-01 6.800e-03 1.966e-01 2.986e-01 0
20221006.500 2459859.000 2459858.925063 0.2284 1362.2362 2.248e-01 6.800e-03 6.254e-02 2.333e-01 1362.8308 2.249e-01 6.800e-03 2.335e-01 3.242e-01 0
20221007.500 2459860.000 2459860.455921 0.0011 1362.3894 2.249e-01 6.800e-03 9.685e-03 2.251e-01 1364.1996 2.252e-01 6.800e-03 9.176e-03 2.254e-01 0
20221008.500 2459861.000 2459860.993781 0.2714 1362.4048 2.249e-01 6.800e-03 4.505e-02 2.294e-01 1364.6403 2.253e-01 6.800e-03 2.269e-01 3.197e-01 0
20221009.500 2459862.000 2459861.970397 0.2661 1362.3208 2.251e-01 6.800e-03 6.194e-02 2.334e-01 1365.3256 2.256e-01 6.800e-03 1.850e-01 2.917e-01 0
20221010.500 2459863.000 2459863.004156 0.2667 1362.2773 2.250e-01 6.800e-03 5.474e-02 2.316e-01 1366.0924 2.257e-01 6.800e-03 2.396e-01 3.292e-01 0
20221011.500 2459864.000 2459863.849864 0.1950 1362.4097 2.252e-01 6.800e-03 7.238e-02 2.366e-01 1366.8851 2.259e-01 6.800e-03 2.083e-01 3.073e-01 0
20221012.500 2459865.000 2459865.258083 0.0353 1362.8012 2.253e-01 6.800e-03 4.250e-02 2.292e-01 1368.3707 2.262e-01 6.800e-03 3.658e-02 2.291e-01 0
20221013.500 2459866.000 2459865.994356 0.2852 1362.8686 2.254e-01 6.800e-03 4.267e-02 2.294e-01 1369.0066 2.264e-01 6.800e-03 2.264e-01 3.202e-01 0
20221014.500 2459867.000 2459866.823940 0.1842 1362.8268 2.254e-01 6.800e-03 6.284e-02 2.340e-01 1369.6027 2.265e-01 6.800e-03 1.585e-01 2.764e-01 0
20221015.500 2459868.000 2459868.314484 0.0803 1362.6147 2.255e-01 6.800e-03 5.009e-02 2.310e-01 1370.5303 2.268e-01 6.800e-03 6.734e-02 2.366e-01 0
20221016.500 2459869.000 2459868.962336 0.2749 1362.5357 2.255e-01 6.800e-03 7.681e-02 2.382e-01 1370.9444 2.269e-01 6.800e-03 1.717e-01 2.845e-01 0
20221017.500 2459870.000 2459869.864316 0.2035 1362.4508 2.256e-01 6.800e-03 4.805e-02 2.307e-01 1371.5448 2.271e-01 6.800e-03 1.555e-01 2.753e-01 0
20221018.500 2459871.000 2459871.376569 0.0273 1362.4658 2.258e-01 6.800e-03 3.077e-02 2.278e-01 1372.7059 2.275e-01 6.800e-03 3.832e-02 2.307e-01 0
20221019.500 2459872.000 2459872.000000 0.0000    0.0000 0.000e+00 0.000e+00 0.000e+00 0.000e+00    0.0000 0.000e+00 0.000e+00 0.000e+00 0.000e+00 0
20221020.500 2459873.000 2459873.131173 0.2243 1362.5128 2.258e-01 6.800e-03 4.480e-02 2.302e-01 1374.0787 2.277e-01 6.800e-03 1.619e-01 2.794e-01 0
20221021.500 2459874.000 2459873.985805 0.2712 1362.5022 2.259e-01 6.800e-03 4.700e-02 2.307e-01 1374.7126 2.279e-01 6.800e-03 2.185e-01 3.157e-01 0
20221022.500 2459875.000 2459874.965509 0.2688 1362.5164 2.259e-01 6.800e-03 5.405e-02 2.323e-01 1375.4654 2.281e-01 6.800e-03 2.087e-01 3.091e-01 0
20221023.500 2459876.000 2459875.958600 0.2553 1362.4497 2.260e-01 6.800e-03 6.138e-02 2.342e-01 1376.1465 2.283e-01 6.800e-03 1.600e-01 2.788e-01 0
20221024.500 2459877.000 2459877.000000 0.0000    0.0000 0.000e+00 0.000e+00 0.000e+00 0.000e+00    0.0000 0.000e+00 0.000e+00 0.000e+00 0.000e+00 0
20221025.500 2459878.000 2459878.000000 0.0000    0.0000 0.000e+00 0.000e+00 0.000e+00 0.000e+00    0.0000 0.000e+00 0.000e+00 0.000e+00 0.000e+00 0
20221026.500 2459879.000 2459879.000502 0.2550 1362.4516 2.262e-01 6.800e-03 5.666e-02 2.332e-01 1378.4422 2.288e-01 6.800e-03 1.903e-01 2.976e-01 0
20221027.500 2459880.000 2459879.794783 0.1746 1362.4100 2.263e-01 6.800e-03 5.372e-02 2.326e-01 1378.9991 2.291e-01 6.800e-03 1.069e-01 2.528e-01 0
20221028.500 2459881.000 2459881.000000 0.0000    0.0000 0.000e+00 0.000e+00 0.000e+00 0.000e+00    0.0000 0.000e+00 0.000e+00 0.000e+00 0.000e+00 0
20221029.500 2459882.000 2459882.325807 0.0869 1362.5686 2.265e-01 6.800e-03 5.956e-02 2.342e-01 1381.0654 2.295e-01 6.800e-03 9.882e-02 2.499e-01 0
20221030.500 2459883.000 2459882.974182 0.2740 1362.5565 2.265e-01 6.800e-03 4.575e-02 2.310e-01 1381.5392 2.296e-01 6.800e-03 2.033e-01 3.067e-01 0
20221031.500 2459884.000 2459883.984829 0.2842 1362.5307 2.266e-01 6.800e-03 4.554e-02 2.311e-01 1382.2680 2.299e-01 6.800e-03 2.047e-01 3.078e-01 0
20221101.500 2459885.000 2459884.905941 0.2556 1362.5762 2.266e-01 6.800e-03 5.371e-02 2.329e-01 1382.9984 2.300e-01 6.800e-03 2.228e-01 3.202e-01 0
20221102.500 2459886.000 2459885.982120 0.2812 1362.6979 2.268e-01 6.800e-03 6.081e-02 2.348e-01 1383.9152 2.303e-01 6.800e-03 2.366e-01 3.302e-01 0
20221103.500 2459887.000 2459886.930652 0.3031 1362.7920 2.268e-01 6.800e-03 5.050e-02 2.323e-01 1384.7035 2.304e-01 6.800e-03 2.420e-01 3.342e-01 0
20221104.500 2459888.000 2459887.941336 0.2725 1362.8280 2.269e-01 6.800e-03 4.419e-02 2.312e-01 1385.4706 2.307e-01 6.800e-03 2.075e-01 3.103e-01 0
20221105.500 2459889.000 2459888.951657 0.2989 1362.7880 2.269e-01 6.800e-03 5.471e-02 2.334e-01 1386.1510 2.308e-01 6.800e-03 2.007e-01 3.059e-01 0
20221106.500 2459890.000 2459889.959406 0.2825 1362.6874 2.270e-01 6.800e-03 5.361e-02 2.333e-01 1386.7583 2.310e-01 6.800e-03 1.706e-01 2.872e-01 0
20221107.500 2459891.000 2459890.724117 0.1249 1362.5489 2.270e-01 6.800e-03 5.541e-02 2.337e-01 1387.1492 2.311e-01 6.800e-03 5.994e-02 2.387e-01 0
20221108.500 2459892.000 2459892.000000 0.0000    0.0000 0.000e+00 0.000e+00 0.000e+00 0.000e+00    0.0000 0.000e+00 0.000e+00 0.000e+00 0.000e+00 0
20221109.500 2459893.000 2459893.000000 0.0000    0.0000 0.000e+00 0.000e+00 0.000e+00 0.000e+00    0.0000 0.000e+00 0.000e+00 0.000e+00 0.000e+00 0
20221110.500 2459894.000 2459894.000000 0.0000    0.0000 0.000e+00 0.000e+00 0.000e+00 0.000e+00    0.0000 0.000e+00 0.000e+00 0.000e+00 0.000e+00 0
20221111.500 2459895.000 2459895.000000 0.0000    0.0000 0.000e+00 0.000e+00 0.000e+00 0.000e+00    0.0000 0.000e+00 0.000e+00 0.000e+00 0.000e+00 0
20221112.500 2459896.000 2459896.000000 0.0000    0.0000 0.000e+00 0.000e+00 0.000e+00 0.000e+00    0.0000 0.000e+00 0.000e+00 0.000e+00 0.000e+00 0
20221113.500 2459897.000 2459896.879357 0.1646 1362.1596 2.273e-01 6.800e-03 5.589e-02 2.341e-01 1390.8005 2.321e-01 6.800e-03 1.410e-01 2.716e-01 0
20221114.500 2459898.000 2459898.000000 0.0000    0.0000 0.000e+00 0.000e+00 0.000e+00 0.000e+00    0.0000 0.000e+00 0.000e+00 0.000e+00 0.000e+00 0
20221115.500 2459899.000 2459899.000000 0.0000    0.0000 0.000e+00 0.000e+00 0.000e+00 0.000e+00    0.0000 0.000e+00 0.000e+00 0.000e+00 0.000e+00 0
20221116.500 2459900.000 2459900.000000 0.0000    0.0000 0.000e+00 0.000e+00 0.000e+00 0.000e+00    0.0000 0.000e+00 0.000e+00 0.000e+00 0.000e+00 0
20221117.500 2459901.000 2459901.000000 0.0000    0.0000 0.000e+00 0.000e+00 0.000e+00 0.000e+00    0.0000 0.000e+00 0.000e+00 0.000e+00 0.000e+00 0
20221118.500 2459902.000 2459902.000000 0.0000    0.0000 0.000e+00 0.000e+00 0.000e+00 0.000e+00    0.0000 0.000e+00 0.000e+00 0.000e+00 0.000e+00 0
20221119.500 2459903.000 2459903.078787 0.2801 1362.3355 2.278e-01 6.800e-03 6.118e-02 2.359e-01 1394.6743 2.332e-01 6.800e-03 1.451e-01 2.747e-01 0
20221120.500 2459904.000 2459904.001694 0.2953 1362.2567 2.279e-01 6.800e-03 7.071e-02 2.386e-01 1395.1165 2.334e-01 6.800e-03 1.231e-01 2.639e-01 0
20221121.500 2459905.000 2459905.020648 0.2893 1362.1544 2.279e-01 6.800e-03 4.710e-02 2.327e-01 1395.5822 2.335e-01 6.800e-03 1.597e-01 2.829e-01 0
20221122.500 2459906.000 2459905.987581 0.3025 1362.1030 2.280e-01 6.800e-03 5.541e-02 2.347e-01 1396.0645 2.337e-01 6.800e-03 1.598e-01 2.831e-01 0
20221123.500 2459907.000 2459906.991227 0.2991 1362.2006 2.280e-01 6.800e-03 7.920e-02 2.414e-01 1396.7140 2.338e-01 6.800e-03 2.299e-01 3.279e-01 0
20221124.500 2459908.000 2459907.966398 0.3031 1362.3997 2.282e-01 6.800e-03 5.820e-02 2.355e-01 1397.4463 2.341e-01 6.800e-03 2.049e-01 3.111e-01 0
20221125.500 2459909.000 2459908.909091 0.3469 1362.5239 2.282e-01 6.800e-03 5.783e-02 2.354e-01 1398.0786 2.342e-01 6.800e-03 2.271e-01 3.262e-01 0
20221126.500 2459910.000 2459909.998589 0.2963 1362.6111 2.284e-01 6.800e-03 4.755e-02 2.333e-01 1398.7447 2.344e-01 6.800e-03 1.678e-01 2.883e-01 0
20221127.500 2459911.000 2459910.735954 0.1291 1362.5924 2.284e-01 6.800e-03 3.951e-02 2.318e-01 1399.1112 2.345e-01 6.800e-03 6.570e-02 2.435e-01 0
20221128.500 2459912.000 2459912.282684 0.1295 1362.4207 2.285e-01 6.800e-03 5.387e-02 2.347e-01 1399.7291 2.347e-01 6.800e-03 7.749e-02 2.472e-01 0
20221129.500 2459913.000 2459912.994028 0.2816 1362.3782 2.285e-01 6.800e-03 5.350e-02 2.347e-01 1400.0430 2.348e-01 6.800e-03 1.413e-01 2.740e-01 0
20221130.500 2459914.000 2459913.732541 0.1439 1362.3758 2.285e-01 6.800e-03 4.457e-02 2.328e-01 1400.4068 2.348e-01 6.800e-03 8.684e-02 2.504e-01 0
20221201.500 2459915.000 2459915.258280 0.1296 1362.4523 2.286e-01 6.800e-03 5.499e-02 2.351e-01 1401.2220 2.351e-01 6.800e-03 8.197e-02 2.490e-01 0
20221202.500 2459916.000 2459915.989095 0.2957 1362.4193 2.286e-01 6.800e-03 4.927e-02 2.339e-01 1401.5299 2.352e-01 6.800e-03 1.386e-01 2.730e-01 0
20221203.500 2459917.000 2459916.888109 0.2945 1362.3736 2.287e-01 6.800e-03 7.362e-02 2.403e-01 1401.8943 2.354e-01 6.800e-03 9.644e-02 2.544e-01 0
20221204.500 2459918.000 2459917.985982 0.2969 1362.1107 2.287e-01 6.800e-03 9.282e-02 2.468e-01 1402.1102 2.354e-01 6.800e-03 6.703e-02 2.448e-01 0
20221205.500 2459919.000 2459918.986432 0.2798 1361.8415 2.288e-01 6.800e-03 6.869e-02 2.389e-01 1402.2608 2.356e-01 6.800e-03 7.663e-02 2.477e-01 0
20221206.500 2459920.000 2459919.982214 0.2973 1361.6819 2.288e-01 6.800e-03 5.898e-02 2.362e-01 1402.5064 2.356e-01 6.800e-03 1.065e-01 2.586e-01 0
20221207.500 2459921.000 2459920.984495 0.2800 1361.6628 2.289e-01 6.800e-03 4.936e-02 2.342e-01 1402.8835 2.358e-01 6.800e-03 1.155e-01 2.626e-01 0
20221208.500 2459922.000 2459921.987045 0.2973 1361.7399 2.289e-01 6.800e-03 6.971e-02 2.393e-01 1403.3434 2.359e-01 6.800e-03 1.642e-01 2.874e-01 0
20221209.500 2459923.000 2459922.975174 0.2733 1361.9170 2.291e-01 6.800e-03 8.251e-02 2.435e-01 1403.8851 2.361e-01 6.800e-03 1.733e-01 2.929e-01 0
20221210.500 2459924.000 2459924.000000 0.0000    0.0000 0.000e+00 0.000e+00 0.000e+00 0.000e+00    0.0000 0.000e+00 0.000e+00 0.000e+00 0.000e+00 0
20221211.500 2459925.000 2459925.000000 0.0000    0.0000 0.000e+00 0.000e+00 0.000e+00 0.000e+00    0.0000 0.000e+00 0.000e+00 0.000e+00 0.000e+00 0
20221212.500 2459926.000 2459926.000000 0.0000    0.0000 0.000e+00 0.000e+00 0.000e+00 0.000e+00    0.0000 0.000e+00 0.000e+00 0.000e+00 0.000e+00 0
20221213.500 2459927.000 2459927.000000 0.0000    0.0000 0.000e+00 0.000e+00 0.000e+00 0.000e+00    0.0000 0.000e+00 0.000e+00 0.000e+00 0.000e+00 0
20221214.500 2459928.000 2459928.000000 0.0000    0.0000 0.000e+00 0.000e+00 0.000e+00 0.000e+00    0.0000 0.000e+00 0.000e+00 0.000e+00 0.000e+00 0
20221215.500 2459929.000 2459929.000000 0.0000    0.0000 0.000e+00 0.000e+00 0.000e+00 0.000e+00    0.0000 0.000e+00 0.000e+00 0.000e+00 0.000e+00 0
20221216.500 2459930.000 2459930.000000 0.0000    0.0000 0.000e+00 0.000e+00 0.000e+00 0.000e+00    0.0000 0.000e+00 0.000e+00 0.000e+00 0.000e+00 0
20221217.500 2459931.000 2459931.178463 0.1959 1362.0802 2.296e-01 6.800e-03 5.385e-02 2.359e-01 1406.4447 2.371e-01 6.800e-03 8.826e-02 2.530e-01 0
20221218.500 2459932.000 2459931.903503 0.2602 1362.2398 2.297e-01 6.800e-03 7.921e-02 2.429e-01 1406.7746 2.372e-01 6.800e-03 1.288e-01 2.699e-01 0
20221219.500 2459933.000 2459933.013912 0.2830 1362.4364 2.298e-01 6.800e-03 7.401e-02 2.415e-01 1407.2181 2.374e-01 6.800e-03 1.180e-01 2.651e-01 0
20221220.500 2459934.000 2459934.010059 0.2947 1362.4313 2.298e-01 6.800e-03 5.142e-02 2.355e-01 1407.4167 2.374e-01 6.800e-03 7.054e-02 2.477e-01 0
20221221.500 2459935.000 2459934.759516 0.1427 1362.4223 2.300e-01 6.800e-03 6.093e-02 2.379e-01 1407.5540 2.376e-01 6.800e-03 5.804e-02 2.446e-01 0
20221222.500 2459936.000 2459936.443398 0.0430 1362.2297 2.301e-01 6.800e-03 4.073e-02 2.337e-01 1407.6628 2.378e-01 6.800e-03 4.128e-02 2.413e-01 0
20221223.500 2459937.000 2459936.988675 0.2869 1362.2296 2.301e-01 6.800e-03 5.341e-02 2.362e-01 1407.7561 2.378e-01 6.800e-03 6.715e-02 2.471e-01 0
20221224.500 2459938.000 2459938.009362 0.2910 1362.1723 2.301e-01 6.800e-03 5.106e-02 2.357e-01 1407.8646 2.378e-01 6.800e-03 5.808e-02 2.448e-01 0
20221225.500 2459939.000 2459939.002591 0.2870 1362.1157 2.302e-01 6.800e-03 4.952e-02 2.355e-01 1407.9594 2.379e-01 6.800e-03 7.201e-02 2.486e-01 0
20221226.500 2459940.000 2459939.976977 0.2954 1362.2586 2.302e-01 6.800e-03 7.210e-02 2.412e-01 1408.2475 2.380e-01 6.800e-03 1.082e-01 2.614e-01 0
20221227.500 2459941.000 2459941.063012 0.2841 1362.3541 2.304e-01 6.800e-03 5.911e-02 2.378e-01 1408.4903 2.382e-01 6.800e-03 8.585e-02 2.532e-01 0
20221228.500 2459942.000 2459941.964422 0.2836 1362.4365 2.304e-01 6.800e-03 6.172e-02 2.385e-01 1408.6844 2.382e-01 6.800e-03 7.370e-02 2.493e-01 0
20221229.500 2459943.000 2459943.019519 0.2880 1362.4082 2.305e-01 6.800e-03 5.779e-02 2.377e-01 1408.7688 2.384e-01 6.800e-03 5.170e-02 2.439e-01 0
20221230.500 2459944.000 2459944.008109 0.2977 1362.2548 2.305e-01 6.800e-03 8.267e-02 2.449e-01 1408.7026 2.384e-01 6.800e-03 6.729e-02 2.477e-01 0
20221231.500 2459945.000 2459944.997127 0.2876 1362.1223 2.306e-01 6.800e-03 5.063e-02 2.361e-01 1408.6434 2.385e-01 6.800e-03 6.027e-02 2.460e-01 0
20230101.500 2459946.000 2459946.014036 0.2818 1362.2687 2.306e-01 6.800e-03 6.822e-02 2.405e-01 1408.8588 2.385e-01 6.800e-03 8.292e-02 2.525e-01 0
20230102.500 2459947.000 2459946.600008 0.0724 1362.3615 2.308e-01 6.800e-03 4.467e-02 2.351e-01 1408.9845 2.387e-01 6.800e-03 4.763e-02 2.434e-01 0
20230103.500 2459948.000 2459948.182341 0.1899 1362.4972 2.308e-01 6.800e-03 6.589e-02 2.400e-01 1409.1742 2.387e-01 6.800e-03 7.029e-02 2.488e-01 0
20230104.500 2459949.000 2459948.839692 0.1696 1362.6154 2.310e-01 6.800e-03 4.277e-02 2.349e-01 1409.3041 2.389e-01 6.800e-03 4.455e-02 2.430e-01 0
20230105.500 2459950.000 2459950.377630 0.0528 1362.8699 2.311e-01 6.800e-03 5.055e-02 2.366e-01 1409.5556 2.391e-01 6.800e-03 5.320e-02 2.449e-01 0
20230106.500 2459951.000 2459950.573545 0.0619 1362.8700 2.311e-01 6.800e-03 5.127e-02 2.368e-01 1409.5511 2.391e-01 6.800e-03 5.207e-02 2.447e-01 0
20230107.500 2459952.000 2459952.000000 0.0000    0.0000 0.000e+00 0.000e+00 0.000e+00 0.000e+00    0.0000 0.000e+00 0.000e+00 0.000e+00 0.000e+00 0
20230108.500 2459953.000 2459953.000000 0.0000    0.0000 0.000e+00 0.000e+00 0.000e+00 0.000e+00    0.0000 0.000e+00 0.000e+00 0.000e+00 0.000e+00 0
20230109.500 2459954.000 2459954.000000 0.0000    0.0000 0.000e+00 0.000e+00 0.000e+00 0.000e+00    0.0000 0.000e+00 0.000e+00 0.000e+00 0.000e+00 0
20230110.500 2459955.000 2459955.000000 0.0000    0.0000 0.000e+00 0.000e+00 0.000e+00 0.000e+00    0.0000 0.000e+00 0.000e+00 0.000e+00 0.000e+00 0
20230111.500 2459956.000 2459956.000000 0.0000    0.0000 0.000e+00 0.000e+00 0.000e+00 0.000e+00    0.0000 0.000e+00 0.000e+00 0.000e+00 0.000e+00 0
20230112.500 2459957.000 2459957.000000 0.0000    0.0000 0.000e+00 0.000e+00 0.000e+00 0.000e+00    0.0000 0.000e+00 0.000e+00 0.000e+00 0.000e+00 0
20230113.500 2459958.000 2459958.000000 0.0000    0.0000 0.000e+00 0.000e+00 0.000e+00 0.000e+00    0.0000 0.000e+00 0.000e+00 0.000e+00 0.000e+00 0
20230114.500 2459959.000 2459959.000000 0.0000    0.0000 0.000e+00 0.000e+00 0.000e+00 0.000e+00    0.0000 0.000e+00 0.000e+00 0.000e+00 0.000e+00 0
20230115.500 2459960.000 2459960.000000 0.0000    0.0000 0.000e+00 0.000e+00 0.000e+00 0.000e+00    0.0000 0.000e+00 0.000e+00 0.000e+00 0.000e+00 0
20230116.500 2459961.000 2459961.000000 0.0000    0.0000 0.000e+00 0.000e+00 0.000e+00 0.000e+00    0.0000 0.000e+00 0.000e+00 0.000e+00 0.000e+00 0
20230117.500 2459962.000 2459962.450950 0.0013 1361.4446 2.317e-01 6.800e-03 1.373e-02 2.321e-01 1406.5749 2.394e-01 6.800e-03 1.430e-02 2.398e-01 0
20230118.500 2459963.000 2459962.787092 0.1739 1361.3524 2.317e-01 6.800e-03 5.924e-02 2.392e-01 1406.4067 2.394e-01 6.800e-03 9.615e-02 2.580e-01 0
20230119.500 2459964.000 2459964.331974 0.0991 1361.5069 2.317e-01 6.800e-03 6.260e-02 2.400e-01 1406.2161 2.393e-01 6.800e-03 5.518e-02 2.456e-01 0
20230120.500 2459965.000 2459964.975272 0.3521 1361.7254 2.319e-01 6.800e-03 1.472e-01 2.747e-01 1406.2881 2.395e-01 6.800e-03 7.998e-02 2.525e-01 0
20230121.500 2459966.000 2459965.984661 0.2912 1362.0492 2.320e-01 6.800e-03 1.029e-01 2.538e-01 1406.3745 2.395e-01 6.800e-03 5.667e-02 2.461e-01 0
20230122.500 2459967.000 2459966.997296 0.2928 1362.3742 2.321e-01 6.800e-03 1.147e-01 2.589e-01 1406.4516 2.397e-01 6.800e-03 5.843e-02 2.467e-01 0
20230123.500 2459968.000 2459967.996040 0.2906 1362.6921 2.322e-01 6.800e-03 9.573e-02 2.512e-01 1406.5156 2.397e-01 6.800e-03 4.955e-02 2.447e-01 0
20230124.500 2459969.000 2459969.008236 0.2944 1362.9450 2.324e-01 6.800e-03 6.488e-02 2.413e-01 1406.4992 2.398e-01 6.800e-03 6.907e-02 2.496e-01 0
20230125.500 2459970.000 2459969.942412 0.2831 1362.9018 2.324e-01 6.800e-03 6.775e-02 2.421e-01 1406.1897 2.398e-01 6.800e-03 1.379e-01 2.766e-01 0
20230126.500 2459971.000 2459970.922842 0.2778 1362.8260 2.325e-01 6.800e-03 4.917e-02 2.376e-01 1405.8233 2.398e-01 6.800e-03 8.708e-02 2.552e-01 0
20230127.500 2459972.000 2459972.022845 0.2848 1362.8792 2.325e-01 6.800e-03 4.742e-02 2.373e-01 1405.5417 2.398e-01 6.800e-03 1.094e-01 2.636e-01 0
20230128.500 2459973.000 2459973.014846 0.3116 1362.8428 2.326e-01 6.800e-03 4.805e-02 2.375e-01 1405.1879 2.399e-01 6.800e-03 1.147e-01 2.659e-01 0
20230129.500 2459974.000 2459974.005228 0.2807 1362.8646 2.326e-01 6.800e-03 5.607e-02 2.393e-01 1404.8821 2.398e-01 6.800e-03 9.765e-02 2.589e-01 0
20230130.500 2459975.000 2459974.994578 0.2959 1362.9226 2.328e-01 6.800e-03 4.741e-02 2.376e-01 1404.6004 2.399e-01 6.800e-03 9.799e-02 2.591e-01 0
20230131.500 2459976.000 2459975.974707 0.2907 1362.9731 2.328e-01 6.800e-03 6.276e-02 2.411e-01 1404.3006 2.399e-01 6.800e-03 9.369e-02 2.575e-01 0
20230201.500 2459977.000 2459976.963984 0.3575 1363.0730 2.329e-01 6.800e-03 5.496e-02 2.393e-01 1404.0337 2.399e-01 6.800e-03 1.351e-01 2.754e-01 0
20230202.500 2459978.000 2459977.896686 0.2975 1363.1000 2.330e-01 6.800e-03 5.062e-02 2.384e-01 1403.7000 2.399e-01 6.800e-03 1.209e-01 2.686e-01 0
20230203.500 2459979.000 2459978.685311 0.1181 1363.1355 2.331e-01 6.800e-03 4.687e-02 2.378e-01 1403.4210 2.400e-01 6.800e-03 4.602e-02 2.444e-01 0
20230204.500 2459980.000 2459980.315331 0.0953 1363.0758 2.331e-01 6.800e-03 5.544e-02 2.396e-01 1402.6757 2.399e-01 6.800e-03 5.302e-02 2.456e-01 0
20230205.500 2459981.000 2459980.967555 0.2831 1363.1398 2.332e-01 6.800e-03 4.808e-02 2.381e-01 1402.4559 2.400e-01 6.800e-03 1.368e-01 2.762e-01 0
20230206.500 2459982.000 2459982.121249 0.2347 1363.0725 2.332e-01 6.800e-03 5.590e-02 2.398e-01 1401.8665 2.399e-01 6.800e-03 1.497e-01 2.827e-01 0
20230207.500 2459983.000 2459982.539435 0.0328 1362.9808 2.333e-01 6.800e-03 2.883e-02 2.351e-01 1401.5791 2.400e-01 6.800e-03 3.394e-02 2.423e-01 0
20230208.500 2459984.000 2459984.144944 0.1865 1362.4730 2.333e-01 6.800e-03 5.625e-02 2.399e-01 1400.2893 2.397e-01 6.800e-03 1.324e-01 2.739e-01 0
20230209.500 2459985.000 2459984.971658 0.2929 1362.4560 2.334e-01 6.800e-03 5.489e-02 2.398e-01 1399.8617 2.398e-01 6.800e-03 1.385e-01 2.769e-01 0
20230210.500 2459986.000 2459985.993990 0.2817 1362.6969 2.334e-01 6.800e-03 8.165e-02 2.473e-01 1399.5894 2.397e-01 6.800e-03 9.046e-02 2.562e-01 0
20230211.500 2459987.000 2459986.612186 0.0732 1362.7698 2.336e-01 6.800e-03 3.547e-02 2.363e-01 1399.3435 2.398e-01 6.800e-03 5.234e-02 2.455e-01 0
20230212.500 2459988.000 2459988.230598 0.1477 1362.6712 2.336e-01 6.800e-03 4.197e-02 2.373e-01 1398.3785 2.397e-01 6.800e-03 7.750e-02 2.519e-01 0
20230213.500 2459989.000 2459988.998197 0.2986 1362.5445 2.337e-01 6.800e-03 8.304e-02 2.480e-01 1397.8277 2.397e-01 6.800e-03 2.371e-01 3.372e-01 0
20230214.500 2459990.000 2459990.002361 0.2824 1362.2506 2.336e-01 6.800e-03 1.041e-01 2.557e-01 1396.9671 2.396e-01 6.800e-03 2.559e-01 3.506e-01 0
20230215.500 2459991.000 2459990.615557 0.0726 1362.1109 2.337e-01 6.800e-03 6.205e-02 2.418e-01 1396.4780 2.396e-01 6.800e-03 9.991e-02 2.596e-01 0
20230216.500 2459992.000 2459992.212051 0.1695 1362.1357 2.339e-01 6.800e-03 5.815e-02 2.410e-01 1395.5868 2.396e-01 6.800e-03 8.828e-02 2.554e-01 0
20230217.500 2459993.000 2459992.875703 0.1943 1362.2075 2.339e-01 6.800e-03 5.565e-02 2.404e-01 1395.2738 2.396e-01 6.800e-03 1.012e-01 2.601e-01 0
20230218.500 2459994.000 2459994.000000 0.0000    0.0000 0.000e+00 0.000e+00 0.000e+00 0.000e+00    0.0000 0.000e+00 0.000e+00 0.000e+00 0.000e+00 0
20230219.500 2459995.000 2459995.000000 0.0000    0.0000 0.000e+00 0.000e+00 0.000e+00 0.000e+00    0.0000 0.000e+00 0.000e+00 0.000e+00 0.000e+00 0
20230220.500 2459996.000 2459995.585133 0.0330 1362.6745 2.342e-01 6.800e-03 4.049e-02 2.377e-01 1394.1467 2.397e-01 6.800e-03 4.841e-02 2.445e-01 0
20230221.500 2459997.000 2459997.097441 0.2087 1362.5866 2.342e-01 6.800e-03 6.479e-02 2.430e-01 1393.1450 2.395e-01 6.800e-03 1.761e-01 2.972e-01 0
20230222.500 2459998.000 2459998.064841 0.2421 1362.3742 2.343e-01 6.800e-03 6.863e-02 2.442e-01 1392.3391 2.395e-01 6.800e-03 1.891e-01 3.051e-01 0
20230223.500 2459999.000 2459999.001376 0.3010 1362.1361 2.343e-01 6.800e-03 1.143e-01 2.607e-01 1391.5213 2.393e-01 6.800e-03 2.935e-01 3.787e-01 0
20230224.500 2460000.000 2460000.005900 0.2797 1361.9374 2.344e-01 6.800e-03 5.262e-02 2.402e-01 1390.6970 2.393e-01 6.800e-03 1.901e-01 3.056e-01 0
20230225.500 2460001.000 2460000.520350 0.0046 1361.9701 2.344e-01 6.800e-03 3.694e-02 2.373e-01 1390.4101 2.393e-01 6.800e-03 3.921e-02 2.425e-01 0
20230226.500 2460002.000 2460002.000000 0.0000    0.0000 0.000e+00 0.000e+00 0.000e+00 0.000e+00    0.0000 0.000e+00 0.000e+00 0.000e+00 0.000e+00 0
20230227.500 2460003.000 2460003.380843 0.0740 1362.3462 2.347e-01 6.800e-03 3.939e-02 2.380e-01 1388.9781 2.393e-01 6.800e-03 4.867e-02 2.442e-01 0
20230228.500 2460004.000 2460004.046152 0.2842 1362.4611 2.348e-01 6.800e-03 6.272e-02 2.430e-01 1388.6636 2.393e-01 6.800e-03 1.552e-01 2.852e-01 0
20230301.500 2460005.000 2460005.003060 0.2939 1362.6417 2.348e-01 6.800e-03 9.224e-02 2.523e-01 1388.2207 2.392e-01 6.800e-03 1.279e-01 2.712e-01 0
20230302.500 2460006.000 2460005.920034 0.2719 1362.9621 2.350e-01 6.800e-03 7.581e-02 2.469e-01 1387.9389 2.393e-01 6.800e-03 1.321e-01 2.733e-01 0
20230303.500 2460007.000 2460006.545699 0.0282 1363.0637 2.350e-01 6.800e-03 4.695e-02 2.396e-01 1387.6234 2.392e-01 6.800e-03 4.675e-02 2.438e-01 0
20230304.500 2460008.000 2460007.995208 0.1337 1363.0849 2.351e-01 6.800e-03 6.902e-02 2.451e-01 1386.6596 2.392e-01 6.800e-03 1.575e-01 2.864e-01 0
20230305.500 2460009.000 2460009.000000 0.0000    0.0000 0.000e+00 0.000e+00 0.000e+00 0.000e+00    0.0000 0.000e+00 0.000e+00 0.000e+00 0.000e+00 0
20230306.500 2460010.000 2460010.000000 0.0000    0.0000 0.000e+00 0.000e+00 0.000e+00 0.000e+00    0.0000 0.000e+00 0.000e+00 0.000e+00 0.000e+00 0
20230307.500 2460011.000 2460011.454738 0.0290 1362.6391 2.353e-01 6.800e-03 3.580e-02 2.380e-01 1383.7756 2.390e-01 6.800e-03 3.090e-02 2.410e-01 0
20230308.500 2460012.000 2460011.641919 0.0834 1362.6231 2.353e-01 6.800e-03 5.152e-02 2.409e-01 1383.6246 2.390e-01 6.800e-03 7.480e-02 2.504e-01 0
20230309.500 2460013.000 2460013.460430 0.0330 1362.9116 2.355e-01 6.800e-03 5.123e-02 2.410e-01 1382.5922 2.389e-01 6.800e-03 4.055e-02 2.423e-01 0
20230310.500 2460014.000 2460013.995773 0.2803 1362.9911 2.355e-01 6.800e-03 6.728e-02 2.449e-01 1382.2769 2.389e-01 6.800e-03 1.721e-01 2.944e-01 0
20230311.500 2460015.000 2460014.589535 0.0531 1363.0991 2.355e-01 6.800e-03 5.026e-02 2.408e-01 1381.9452 2.388e-01 6.800e-03 7.953e-02 2.517e-01 0
20230312.500 2460016.000 2460016.286772 0.1224 1363.1443 2.357e-01 6.800e-03 6.611e-02 2.448e-01 1380.7141 2.387e-01 6.800e-03 1.084e-01 2.622e-01 0
20230313.500 2460017.000 2460017.001428 0.2935 1363.0587 2.357e-01 6.800e-03 8.082e-02 2.491e-01 1380.0838 2.386e-01 6.800e-03 2.835e-01 3.706e-01 0
20230314.500 2460018.000 2460017.680063 0.0984 1362.9580 2.358e-01 6.800e-03 5.670e-02 2.425e-01 1379.4633 2.386e-01 6.800e-03 1.061e-01 2.612e-01 0
20230315.500 2460019.000 2460019.083005 0.0318 1362.9027 2.358e-01 6.800e-03 4.957e-02 2.409e-01 1378.3284 2.385e-01 6.800e-03 4.298e-02 2.423e-01 0
20230316.500 2460020.000 2460020.000000 0.0000    0.0000 0.000e+00 0.000e+00 0.000e+00 0.000e+00    0.0000 0.000e+00 0.000e+00 0.000e+00 0.000e+00 0
20230317.500 2460021.000 2460021.249117 0.1295 1362.9759 2.359e-01 6.800e-03 4.814e-02 2.408e-01 1376.7243 2.383e-01 6.800e-03 1.164e-01 2.652e-01 0
20230318.500 2460022.000 2460022.012143 0.2988 1362.9574 2.361e-01 6.800e-03 5.032e-02 2.414e-01 1376.1130 2.383e-01 6.800e-03 2.540e-01 3.483e-01 0
20230319.500 2460023.000 2460023.038144 0.2879 1362.8546 2.360e-01 6.800e-03 6.622e-02 2.452e-01 1375.2125 2.382e-01 6.800e-03 2.757e-01 3.644e-01 0
20230320.500 2460024.000 2460023.957836 0.3115 1362.6792 2.362e-01 6.800e-03 6.710e-02 2.455e-01 1374.3222 2.382e-01 6.800e-03 2.937e-01 3.781e-01 0
20230321.500 2460025.000 2460024.760725 0.1548 1362.5998 2.361e-01 6.800e-03 5.482e-02 2.424e-01 1373.6203 2.380e-01 6.800e-03 1.556e-01 2.844e-01 0
20230322.500 2460026.000 2460026.186958 0.1970 1362.3363 2.362e-01 6.800e-03 5.051e-02 2.416e-01 1372.2535 2.379e-01 6.800e-03 1.841e-01 3.008e-01 0
20230323.500 2460027.000 2460026.991113 0.2587 1362.2054 2.362e-01 6.800e-03 6.522e-02 2.450e-01 1371.5025 2.378e-01 6.800e-03 2.358e-01 3.349e-01 0
20230324.500 2460028.000 2460027.912809 0.2740 1361.9760 2.363e-01 6.800e-03 1.178e-01 2.641e-01 1370.5634 2.378e-01 6.800e-03 3.211e-01 3.995e-01 0
20230325.500 2460029.000 2460029.044662 0.2885 1362.0216 2.363e-01 6.800e-03 9.291e-02 2.539e-01 1369.7413 2.377e-01 6.800e-03 1.520e-01 2.821e-01 0
20230326.500 2460030.000 2460029.997107 0.2976 1362.3191 2.365e-01 6.800e-03 9.634e-02 2.554e-01 1369.3110 2.377e-01 6.800e-03 1.561e-01 2.844e-01 0
20230327.500 2460031.000 2460031.002223 0.2790 1362.5087 2.365e-01 6.800e-03 6.377e-02 2.450e-01 1368.7322 2.376e-01 6.800e-03 1.783e-01 2.971e-01 0
20230328.500 2460032.000 2460031.661274 0.0867 1362.6130 2.367e-01 6.800e-03 5.871e-02 2.439e-01 1368.3324 2.377e-01 6.800e-03 7.024e-02 2.478e-01 0
20230329.500 2460033.000 2460033.070333 0.0585 1363.0088 2.368e-01 6.800e-03 4.959e-02 2.419e-01 1367.6505 2.376e-01 6.800e-03 5.530e-02 2.439e-01 0
20230330.500 2460034.000 2460034.000000 0.0000    0.0000 0.000e+00 0.000e+00 0.000e+00 0.000e+00    0.0000 0.000e+00 0.000e+00 0.000e+00 0.000e+00 0
20230331.500 2460035.000 2460035.258978 0.0064 1362.9893 2.369e-01 6.800e-03 5.545e-02 2.433e-01 1365.9505 2.374e-01 6.800e-03 5.593e-02 2.439e-01 0
20230401.500 2460036.000 2460036.453095 0.0333 1362.9703 2.370e-01 6.800e-03 7.455e-02 2.485e-01 1365.0117 2.374e-01 6.800e-03 7.851e-02 2.500e-01 0
20230402.500 2460037.000 2460037.051263 0.2996 1362.9256 2.370e-01 6.800e-03 5.231e-02 2.427e-01 1364.5049 2.373e-01 6.800e-03 2.553e-01 3.485e-01 0
20230403.500 2460038.000 2460037.990314 0.3165 1362.8525 2.371e-01 6.800e-03 5.283e-02 2.429e-01 1363.7052 2.373e-01 6.800e-03 2.681e-01 3.581e-01 0
20230404.500 2460039.000 2460038.994051 0.2745 1362.8366 2.371e-01 6.800e-03 4.724e-02 2.418e-01 1362.9104 2.371e-01 6.800e-03 2.095e-01 3.164e-01 0
20230405.500 2460040.000 2460039.990210 0.2990 1362.9376 2.373e-01 6.800e-03 5.509e-02 2.436e-01 1362.2358 2.372e-01 6.800e-03 2.122e-01 3.182e-01 0
20230406.500 2460041.000 2460040.681227 0.0918 1363.0697 2.373e-01 6.800e-03 6.050e-02 2.449e-01 1361.8286 2.371e-01 6.800e-03 7.184e-02 2.477e-01 0
20230407.500 2460042.000 2460042.271386 0.1488 1363.2146 2.375e-01 6.800e-03 5.694e-02 2.442e-01 1360.7277 2.370e-01 6.800e-03 1.523e-01 2.817e-01 0
20230408.500 2460043.000 2460043.001969 0.2794 1363.0945 2.375e-01 6.800e-03 7.148e-02 2.480e-01 1360.0337 2.369e-01 6.800e-03 2.718e-01 3.606e-01 0
20230409.500 2460044.000 2460044.002105 0.2979 1362.9078 2.376e-01 6.800e-03 8.641e-02 2.528e-01 1359.0604 2.369e-01 6.800e-03 3.105e-01 3.906e-01 0
20230410.500 2460045.000 2460044.983046 0.2675 1362.7427 2.375e-01 6.800e-03 6.302e-02 2.457e-01 1358.1231 2.367e-01 6.800e-03 2.489e-01 3.435e-01 0
20230411.500 2460046.000 2460045.962614 0.2754 1362.7150 2.377e-01 6.800e-03 4.741e-02 2.423e-01 1357.3238 2.367e-01 6.800e-03 2.050e-01 3.131e-01 0
20230412.500 2460047.000 2460046.985127 0.2671 1362.7630 2.377e-01 6.800e-03 4.532e-02 2.419e-01 1356.5667 2.366e-01 6.800e-03 1.955e-01 3.069e-01 0
20230413.500 2460048.000 2460047.802195 0.1793 1362.8395 2.378e-01 6.800e-03 4.611e-02 2.422e-01 1356.0011 2.366e-01 6.800e-03 1.355e-01 2.727e-01 0
20230414.500 2460049.000 2460049.331665 0.0717 1362.7062 2.378e-01 6.800e-03 5.848e-02 2.449e-01 1354.6727 2.364e-01 6.800e-03 6.693e-02 2.457e-01 0
20230415.500 2460050.000 2460049.789058 0.1708 1362.7184 2.379e-01 6.800e-03 4.947e-02 2.430e-01 1354.3292 2.365e-01 6.800e-03 1.558e-01 2.832e-01 0
20230416.500 2460051.000 2460051.314549 0.0832 1362.6526 2.379e-01 6.800e-03 4.821e-02 2.428e-01 1353.0856 2.362e-01 6.800e-03 7.580e-02 2.481e-01 0
20230417.500 2460052.000 2460051.962798 0.2718 1362.6147 2.380e-01 6.800e-03 5.543e-02 2.444e-01 1352.5520 2.363e-01 6.800e-03 2.306e-01 3.302e-01 0
20230418.500 2460053.000 2460053.003462 0.2833 1362.5021 2.380e-01 6.800e-03 5.906e-02 2.452e-01 1351.6503 2.361e-01 6.800e-03 2.486e-01 3.429e-01 0
20230419.500 2460054.000 2460054.000000 0.0000    0.0000 0.000e+00 0.000e+00 0.000e+00 0.000e+00    0.0000 0.000e+00 0.000e+00 0.000e+00 0.000e+00 0
20230420.500 2460055.000 2460055.139662 0.1738 1362.4408 2.383e-01 6.800e-03 6.216e-02 2.463e-01 1349.9942 2.361e-01 6.800e-03 1.203e-01 2.650e-01 0
20230421.500 2460056.000 2460055.667381 0.0998 1362.5719 2.383e-01 6.800e-03 7.331e-02 2.493e-01 1349.7357 2.361e-01 6.800e-03 5.578e-02 2.426e-01 0
20230422.500 2460057.000 2460057.211510 0.1355 1362.8545 2.385e-01 6.800e-03 5.100e-02 2.439e-01 1348.8924 2.361e-01 6.800e-03 1.035e-01 2.578e-01 0
20230423.500 2460058.000 2460057.960482 0.2717 1362.8995 2.385e-01 6.800e-03 5.177e-02 2.441e-01 1348.3991 2.360e-01 6.800e-03 1.898e-01 3.028e-01 0
20230424.500 2460059.000 2460058.991973 0.2757 1362.8552 2.386e-01 6.800e-03 6.773e-02 2.481e-01 1347.6214 2.360e-01 6.800e-03 2.326e-01 3.313e-01 0
20230425.500 2460060.000 2460060.003845 0.2697 1362.7000 2.386e-01 6.800e-03 6.316e-02 2.468e-01 1346.7556 2.358e-01 6.800e-03 2.330e-01 3.315e-01 0
20230426.500 2460061.000 2460060.985753 0.2783 1362.5402 2.387e-01 6.800e-03 6.553e-02 2.475e-01 1345.9131 2.358e-01 6.800e-03 2.420e-01 3.379e-01 0
20230427.500 2460062.000 2460061.970972 0.2736 1362.3071 2.387e-01 6.800e-03 7.789e-02 2.511e-01 1345.0023 2.356e-01 6.800e-03 2.496e-01 3.432e-01 0
20230428.500 2460063.000 2460062.906319 0.2899 1362.1722 2.388e-01 6.800e-03 5.953e-02 2.461e-01 1344.2285 2.356e-01 6.800e-03 2.410e-01 3.370e-01 0
20230429.500 2460064.000 2460063.968642 0.2708 1362.0377 2.388e-01 6.800e-03 5.080e-02 2.441e-01 1343.3741 2.355e-01 6.800e-03 1.997e-01 3.088e-01 0
20230430.500 2460065.000 2460065.000000 0.0000    0.0000 0.000e+00 0.000e+00 0.000e+00 0.000e+00    0.0000 0.000e+00 0.000e+00 0.000e+00 0.000e+00 0
20230501.500 2460066.000 2460066.053029 0.2653 1362.5910 2.390e-01 6.800e-03 8.145e-02 2.525e-01 1342.5193 2.355e-01 6.800e-03 1.245e-01 2.664e-01 0
20230502.500 2460067.000 2460066.999094 0.2675 1362.7372 2.392e-01 6.800e-03 5.941e-02 2.464e-01 1342.0341 2.355e-01 6.800e-03 1.665e-01 2.884e-01 0
20230503.500 2460068.000 2460067.850609 0.2061 1362.6823 2.392e-01 6.800e-03 5.967e-02 2.465e-01 1341.4164 2.354e-01 6.800e-03 1.739e-01 2.927e-01 0
20230504.500 2460069.000 2460069.470729 0.0024 1362.3210 2.392e-01 6.800e-03 4.998e-02 2.444e-01 1339.9961 2.353e-01 6.800e-03 5.058e-02 2.407e-01 0
20230505.500 2460070.000 2460069.786660 0.1676 1362.3281 2.392e-01 6.800e-03 5.232e-02 2.449e-01 1339.7966 2.353e-01 6.800e-03 1.327e-01 2.701e-01 0
20230506.500 2460071.000 2460071.000000 0.0000    0.0000 0.000e+00 0.000e+00 0.000e+00 0.000e+00    0.0000 0.000e+00 0.000e+00 0.000e+00 0.000e+00 0
20230507.500 2460072.000 2460072.250279 0.1372 1361.9488 2.393e-01 6.800e-03 5.347e-02 2.452e-01 1337.8250 2.351e-01 6.800e-03 1.062e-01 2.579e-01 0
20230508.500 2460073.000 2460072.983099 0.2836 1361.9035 2.394e-01 6.800e-03 5.838e-02 2.464e-01 1337.3095 2.351e-01 6.800e-03 2.025e-01 3.103e-01 0
20230509.500 2460074.000 2460074.007548 0.2915 1362.0037 2.394e-01 6.800e-03 1.068e-01 2.622e-01 1336.7534 2.350e-01 6.800e-03 1.039e-01 2.569e-01 0
20230510.500 2460075.000 2460074.904049 0.2722 1362.3512 2.396e-01 6.800e-03 1.273e-01 2.713e-01 1336.5260 2.351e-01 6.800e-03 7.016e-02 2.453e-01 0
20230511.500 2460076.000 2460075.805537 0.2319 1362.7249 2.397e-01 6.800e-03 9.617e-02 2.583e-01 1336.3256 2.351e-01 6.800e-03 8.112e-02 2.487e-01 0
20230512.500 2460077.000 2460077.000000 0.0000    0.0000 0.000e+00 0.000e+00 0.000e+00 0.000e+00    0.0000 0.000e+00 0.000e+00 0.000e+00 0.000e+00 0
20230513.500 2460078.000 2460078.000000 0.0000    0.0000 0.000e+00 0.000e+00 0.000e+00 0.000e+00    0.0000 0.000e+00 0.000e+00 0.000e+00 0.000e+00 0
20230514.500 2460079.000 2460079.000000 0.0000    0.0000 0.000e+00 0.000e+00 0.000e+00 0.000e+00    0.0000 0.000e+00 0.000e+00 0.000e+00 0.000e+00 0
20230515.500 2460080.000 2460080.285818 0.1175 1362.5482 2.399e-01 6.800e-03 4.567e-02 2.443e-01 1333.4337 2.348e-01 6.800e-03 9.593e-02 2.537e-01 0
20230516.500 2460081.000 2460081.101596 0.2745 1362.5512 2.401e-01 6.800e-03 5.104e-02 2.454e-01 1332.9642 2.349e-01 6.800e-03 1.705e-01 2.902e-01 0
20230517.500 2460082.000 2460081.991937 0.2690 1362.5972 2.401e-01 6.800e-03 6.638e-02 2.491e-01 1332.5023 2.348e-01 6.800e-03 1.212e-01 2.642e-01 0
20230518.500 2460083.000 2460082.800288 0.1854 1362.6803 2.402e-01 6.800e-03 4.759e-02 2.449e-01 1332.1316 2.349e-01 6.800e-03 1.269e-01 2.669e-01 0
20230519.500 2460084.000 2460084.348000 0.0733 1362.6636 2.402e-01 6.800e-03 3.856e-02 2.433e-01 1331.2733 2.347e-01 6.800e-03 6.658e-02 2.440e-01 0
20230520.500 2460085.000 2460085.006014 0.2977 1362.5849 2.404e-01 6.800e-03 6.099e-02 2.480e-01 1330.8484 2.348e-01 6.800e-03 1.989e-01 3.077e-01 0
20230521.500 2460086.000 2460085.998435 0.2794 1362.3234 2.403e-01 6.800e-03 1.136e-01 2.658e-01 1330.0780 2.346e-01 6.800e-03 2.489e-01 3.420e-01 0
20230522.500 2460087.000 2460086.708907 0.1297 1361.9680 2.404e-01 6.800e-03 8.956e-02 2.565e-01 1329.3698 2.346e-01 6.800e-03 1.423e-01 2.744e-01 0
20230523.500 2460088.000 2460088.254074 0.0830 1361.5185 2.403e-01 6.800e-03 5.802e-02 2.472e-01 1328.1683 2.344e-01 6.800e-03 7.398e-02 2.458e-01 0
20230524.500 2460089.000 2460088.573940 0.0036 1361.5149 2.404e-01 6.800e-03 4.794e-02 2.452e-01 1328.0104 2.345e-01 6.800e-03 4.823e-02 2.394e-01 0
20230525.500 2460090.000 2460090.000000 0.0000    0.0000 0.000e+00 0.000e+00 0.000e+00 0.000e+00    0.0000 0.000e+00 0.000e+00 0.000e+00 0.000e+00 0
20230526.500 2460091.000 2460091.112066 0.2246 1361.7027 2.406e-01 6.800e-03 4.702e-02 2.452e-01 1327.0116 2.345e-01 6.800e-03 1.097e-01 2.589e-01 0
20230527.500 2460092.000 2460092.009933 0.2886 1361.6643 2.407e-01 6.800e-03 7.074e-02 2.509e-01 1326.5732 2.345e-01 6.800e-03 1.112e-01 2.595e-01 0
20230528.500 2460093.000 2460093.000831 0.2957 1361.9761 2.408e-01 6.800e-03 1.285e-01 2.729e-01 1326.4437 2.345e-01 6.800e-03 4.838e-02 2.395e-01 0
20230529.500 2460094.000 2460093.711363 0.1294 1362.1721 2.410e-01 6.800e-03 4.460e-02 2.451e-01 1326.3294 2.346e-01 6.800e-03 7.218e-02 2.455e-01 0
20230530.500 2460095.000 2460095.000000 0.0000    0.0000 0.000e+00 0.000e+00 0.000e+00 0.000e+00    0.0000 0.000e+00 0.000e+00 0.000e+00 0.000e+00 0
20230531.500 2460096.000 2460096.319369 0.0913 1362.3435 2.411e-01 6.800e-03 4.751e-02 2.458e-01 1325.4167 2.346e-01 6.800e-03 5.869e-02 2.418e-01 0
20230601.500 2460097.000 2460096.994911 0.2970 1362.3583 2.411e-01 6.800e-03 5.182e-02 2.466e-01 1325.1609 2.346e-01 6.800e-03 1.243e-01 2.654e-01 0
20230602.500 2460098.000 2460097.998765 0.2790 1362.2711 2.413e-01 6.800e-03 5.053e-02 2.465e-01 1324.6807 2.346e-01 6.800e-03 1.297e-01 2.681e-01 0
20230603.500 2460099.000 2460098.927751 0.2970 1362.2253 2.413e-01 6.800e-03 5.243e-02 2.469e-01 1324.2769 2.345e-01 6.800e-03 1.135e-01 2.606e-01 0
20230604.500 2460100.000 2460100.033473 0.2776 1362.3490 2.414e-01 6.800e-03 6.386e-02 2.497e-01 1323.9773 2.346e-01 6.800e-03 8.400e-02 2.492e-01 0
20230605.500 2460101.000 2460100.996471 0.3930 1362.4334 2.414e-01 6.800e-03 9.378e-02 2.590e-01 1323.7010 2.346e-01 6.800e-03 1.183e-01 2.627e-01 0
20230606.500 2460102.000 2460101.684387 0.0916 1362.5337 2.416e-01 6.800e-03 7.291e-02 2.523e-01 1323.5459 2.347e-01 6.800e-03 5.376e-02 2.407e-01 0
20230607.500 2460103.000 2460103.219744 0.1666 1362.7640 2.416e-01 6.800e-03 5.469e-02 2.477e-01 1323.2202 2.346e-01 6.800e-03 9.057e-02 2.515e-01 0
20230608.500 2460104.000 2460104.000175 0.2765 1362.7194 2.417e-01 6.800e-03 4.759e-02 2.464e-01 1322.9055 2.347e-01 6.800e-03 1.096e-01 2.590e-01 0
20230609.500 2460105.000 2460104.754342 0.1596 1362.6923 2.417e-01 6.800e-03 5.461e-02 2.478e-01 1322.6218 2.346e-01 6.800e-03 5.816e-02 2.417e-01 0
20230610.500 2460106.000 2460106.412738 0.0332 1362.7927 2.419e-01 6.800e-03 3.942e-02 2.451e-01 1322.1743 2.347e-01 6.800e-03 3.530e-02 2.373e-01 0
20230611.500 2460107.000 2460107.065755 0.2603 1362.8206 2.419e-01 6.800e-03 5.195e-02 2.474e-01 1321.9958 2.347e-01 6.800e-03 7.551e-02 2.465e-01 0
20230612.500 2460108.000 2460107.994542 0.2797 1362.8761 2.420e-01 6.800e-03 5.406e-02 2.480e-01 1321.7658 2.347e-01 6.800e-03 7.897e-02 2.477e-01 0
20230613.500 2460109.000 2460108.994098 0.2977 1362.9939 2.421e-01 6.800e-03 7.326e-02 2.529e-01 1321.5872 2.347e-01 6.800e-03 5.642e-02 2.414e-01 0
20230614.500 2460110.000 2460109.995391 0.2792 1363.1268 2.422e-01 6.800e-03 4.218e-02 2.459e-01 1321.4364 2.348e-01 6.800e-03 9.833e-02 2.546e-01 0
20230615.500 2460111.000 2460110.886466 0.3092 1363.0547 2.422e-01 6.800e-03 6.610e-02 2.511e-01 1321.1300 2.348e-01 6.800e-03 1.319e-01 2.693e-01 0
20230616.500 2460112.000 2460111.606501 0.0533 1362.9313 2.423e-01 6.800e-03 4.446e-02 2.464e-01 1320.8271 2.348e-01 6.800e-03 5.003e-02 2.401e-01 0
20230617.500 2460113.000 2460113.156909 0.2048 1362.5647 2.423e-01 6.800e-03 6.059e-02 2.497e-01 1320.1056 2.347e-01 6.800e-03 9.605e-02 2.536e-01 0
20230618.500 2460114.000 2460113.932056 0.2797 1362.4611 2.424e-01 6.800e-03 5.371e-02 2.483e-01 1319.8362 2.348e-01 6.800e-03 9.546e-02 2.535e-01 0
20230619.500 2460115.000 2460115.008922 0.2939 1362.5162 2.424e-01 6.800e-03 6.801e-02 2.518e-01 1319.6695 2.348e-01 6.800e-03 6.796e-02 2.444e-01 0
20230620.500 2460116.000 2460115.997407 0.2882 1362.5758 2.425e-01 6.800e-03 5.535e-02 2.488e-01 1319.5408 2.349e-01 6.800e-03 5.951e-02 2.423e-01 0
20230621.500 2460117.000 2460117.005770 0.2998 1362.6700 2.426e-01 6.800e-03 4.744e-02 2.472e-01 1319.4569 2.349e-01 6.800e-03 6.122e-02 2.427e-01 0
20230622.500 2460118.000 2460117.796414 0.1626 1362.7062 2.427e-01 6.800e-03 4.401e-02 2.467e-01 1319.3647 2.350e-01 6.800e-03 4.610e-02 2.395e-01 0
20230623.500 2460119.000 2460119.318946 0.1106 1362.9025 2.427e-01 6.800e-03 5.675e-02 2.493e-01 1319.3355 2.350e-01 6.800e-03 5.571e-02 2.415e-01 0
20230624.500 2460120.000 2460119.997459 0.2809 1362.9321 2.429e-01 6.800e-03 5.331e-02 2.487e-01 1319.2773 2.351e-01 6.800e-03 5.468e-02 2.414e-01 0
20230625.500 2460121.000 2460121.003124 0.2953 1362.8884 2.430e-01 6.800e-03 7.168e-02 2.534e-01 1319.1170 2.352e-01 6.800e-03 9.525e-02 2.538e-01 0
20230626.500 2460122.000 2460121.996699 0.2846 1362.7647 2.430e-01 6.800e-03 7.175e-02 2.534e-01 1318.8932 2.352e-01 6.800e-03 9.149e-02 2.523e-01 0
20230627.500 2460123.000 2460122.812547 0.1924 1362.5111 2.431e-01 6.800e-03 1.198e-01 2.710e-01 1318.5711 2.352e-01 6.800e-03 1.312e-01 2.694e-01 0
20230628.500 2460124.000 2460124.367610 0.0693 1361.9350 2.430e-01 6.800e-03 5.858e-02 2.499e-01 1317.8891 2.351e-01 6.800e-03 5.921e-02 2.425e-01 0
20230629.500 2460125.000 2460124.609466 0.0709 1361.8588 2.431e-01 6.800e-03 4.855e-02 2.479e-01 1317.7984 2.352e-01 6.800e-03 4.882e-02 2.402e-01 0
20230630.500 2460126.000 2460126.348832 0.0778 1362.0618 2.431e-01 6.800e-03 4.169e-02 2.467e-01 1317.8902 2.352e-01 6.800e-03 4.062e-02 2.387e-01 0
20230701.500 2460127.000 2460126.995320 0.2903 1362.2519 2.433e-01 6.800e-03 9.013e-02 2.595e-01 1318.0428 2.354e-01 6.800e-03 7.684e-02 2.476e-01 0
20230702.500 2460128.000 2460128.036402 0.2912 1362.4669 2.433e-01 6.800e-03 5.476e-02 2.494e-01 1318.2077 2.354e-01 6.800e-03 4.869e-02 2.404e-01 0
20230703.500 2460129.000 2460128.936180 0.3066 1362.6424 2.435e-01 6.800e-03 1.048e-01 2.651e-01 1318.3475 2.356e-01 6.800e-03 9.397e-02 2.536e-01 0
20230704.500 2460130.000 2460129.922085 0.2394 1362.8136 2.435e-01 6.800e-03 4.807e-02 2.482e-01 1318.4880 2.356e-01 6.800e-03 4.694e-02 2.402e-01 0
20230705.500 2460131.000 2460131.476345 0.0048 1362.6857 2.436e-01 6.800e-03 3.300e-02 2.459e-01 1318.3411 2.357e-01 6.800e-03 3.192e-02 2.379e-01 0
20230706.500 2460132.000 2460131.968363 0.2565 1362.5625 2.436e-01 6.800e-03 7.480e-02 2.548e-01 1318.2194 2.357e-01 6.800e-03 7.296e-02 2.467e-01 0
20230707.500 2460133.000 2460132.979429 0.3022 1362.3323 2.437e-01 6.800e-03 1.233e-01 2.731e-01 1317.9982 2.358e-01 6.800e-03 1.175e-01 2.634e-01 0
20230708.500 2460134.000 2460133.924249 0.2548 1362.1582 2.437e-01 6.800e-03 4.981e-02 2.487e-01 1317.8404 2.358e-01 6.800e-03 4.686e-02 2.404e-01 0
20230709.500 2460135.000 2460134.764951 0.1990 1361.9846 2.438e-01 6.800e-03 9.491e-02 2.616e-01 1317.6900 2.359e-01 6.800e-03 8.817e-02 2.518e-01 0
20230710.500 2460136.000 2460136.000000 0.0000    0.0000 0.000e+00 0.000e+00 0.000e+00 0.000e+00    0.0000 0.000e+00 0.000e+00 0.000e+00 0.000e+00 0
20230711.500 2460137.000 2460137.000000 0.0000    0.0000 0.000e+00 0.000e+00 0.000e+00 0.000e+00    0.0000 0.000e+00 0.000e+00 0.000e+00 0.000e+00 0
20230712.500 2460138.000 2460138.000000 0.0000    0.0000 0.000e+00 0.000e+00 0.000e+00 0.000e+00    0.0000 0.000e+00 0.000e+00 0.000e+00 0.000e+00 0
20230713.500 2460139.000 2460139.000000 0.0000    0.0000 0.000e+00 0.000e+00 0.000e+00 0.000e+00    0.0000 0.000e+00 0.000e+00 0.000e+00 0.000e+00 0
20230714.500 2460140.000 2460140.000000 0.0000    0.0000 0.000e+00 0.000e+00 0.000e+00 0.000e+00    0.0000 0.000e+00 0.000e+00 0.000e+00 0.000e+00 0
20230715.500 2460141.000 2460141.343966 0.1529 1361.8590 2.442e-01 6.800e-03 2.929e-02 2.459e-01 1318.0280 2.363e-01 6.800e-03 3.731e-02 2.392e-01 0
20230716.500 2460142.000 2460142.121473 0.2715 1361.9652 2.442e-01 6.800e-03 7.699e-02 2.560e-01 1318.2274 2.364e-01 6.800e-03 1.043e-01 2.583e-01 0
20230717.500 2460143.000 2460142.998475 0.2939 1362.0305 2.443e-01 6.800e-03 4.756e-02 2.489e-01 1318.4105 2.365e-01 6.800e-03 4.752e-02 2.412e-01 0
20230718.500 2460144.000 2460144.015004 0.2819 1361.8798 2.443e-01 6.800e-03 6.860e-02 2.538e-01 1318.4183 2.365e-01 6.800e-03 5.697e-02 2.433e-01 0
20230719.500 2460145.000 2460145.001175 0.2948 1361.8342 2.444e-01 6.800e-03 4.604e-02 2.487e-01 1318.5386 2.367e-01 6.800e-03 7.421e-02 2.480e-01 0
20230720.500 2460146.000 2460146.006013 0.2890 1361.8887 2.446e-01 6.800e-03 4.710e-02 2.491e-01 1318.7740 2.369e-01 6.800e-03 8.409e-02 2.513e-01 0
20230721.500 2460147.000 2460147.011557 0.2905 1362.0334 2.446e-01 6.800e-03 5.869e-02 2.516e-01 1319.1121 2.369e-01 6.800e-03 1.015e-01 2.577e-01 0
20230722.500 2460148.000 2460147.954791 0.2700 1362.1739 2.448e-01 6.800e-03 6.898e-02 2.543e-01 1319.4470 2.371e-01 6.800e-03 1.122e-01 2.623e-01 0
20230723.500 2460149.000 2460149.025808 0.2917 1362.3647 2.448e-01 6.800e-03 7.693e-02 2.566e-01 1319.8731 2.372e-01 6.800e-03 1.318e-01 2.713e-01 0
20230724.500 2460150.000 2460149.986031 0.2912 1362.4781 2.450e-01 6.800e-03 5.223e-02 2.505e-01 1320.2124 2.374e-01 6.800e-03 7.141e-02 2.479e-01 0
20230725.500 2460151.000 2460151.020993 0.2876 1362.3878 2.450e-01 6.800e-03 6.559e-02 2.536e-01 1320.3855 2.374e-01 6.800e-03 6.362e-02 2.458e-01 0
20230726.500 2460152.000 2460152.017123 0.2771 1362.4137 2.451e-01 6.800e-03 6.443e-02 2.534e-01 1320.6737 2.376e-01 6.800e-03 1.241e-01 2.680e-01 0
20230727.500 2460153.000 2460152.720746 0.1269 1362.4774 2.451e-01 6.800e-03 4.847e-02 2.499e-01 1320.9280 2.376e-01 6.800e-03 6.610e-02 2.467e-01 0
20230728.500 2460154.000 2460154.302060 0.1105 1362.4189 2.452e-01 6.800e-03 4.805e-02 2.499e-01 1321.3236 2.378e-01 6.800e-03 6.860e-02 2.475e-01 0
20230729.500 2460155.000 2460155.000808 0.2915 1362.5079 2.453e-01 6.800e-03 4.842e-02 2.500e-01 1321.6180 2.379e-01 6.800e-03 8.770e-02 2.535e-01 0
20230730.500 2460156.000 2460155.999106 0.2870 1362.4123 2.454e-01 6.800e-03 4.947e-02 2.503e-01 1321.8294 2.381e-01 6.800e-03 7.725e-02 2.503e-01 0
20230731.500 2460157.000 2460156.996837 0.2917 1362.2522 2.453e-01 6.800e-03 8.379e-02 2.593e-01 1321.9861 2.381e-01 6.800e-03 5.306e-02 2.439e-01 0
20230801.500 2460158.000 2460157.753130 0.2491 1362.1279 2.455e-01 6.800e-03 6.253e-02 2.533e-01 1322.1070 2.382e-01 6.800e-03 1.282e-01 2.706e-01 0
20230802.500 2460159.000 2460158.964776 0.2919 1362.2424 2.455e-01 6.800e-03 6.067e-02 2.529e-01 1322.6138 2.383e-01 6.800e-03 1.362e-01 2.745e-01 0
20230803.500 2460160.000 2460159.969193 0.2601 1362.4641 2.457e-01 6.800e-03 8.199e-02 2.590e-01 1323.1650 2.386e-01 6.800e-03 1.557e-01 2.849e-01 0
20230804.500 2460161.000 2460160.655243 0.0886 1362.6147 2.457e-01 6.800e-03 7.296e-02 2.563e-01 1323.5450 2.386e-01 6.800e-03 9.390e-02 2.564e-01 0
20230805.500 2460162.000 2460162.224331 0.1400 1362.7772 2.458e-01 6.800e-03 5.172e-02 2.512e-01 1324.2518 2.389e-01 6.800e-03 7.732e-02 2.511e-01 0
20230806.500 2460163.000 2460163.000000 0.0000    0.0000 0.000e+00 0.000e+00 0.000e+00 0.000e+00    0.0000 0.000e+00 0.000e+00 0.000e+00 0.000e+00 0
20230807.500 2460164.000 2460164.045627 0.2580 1362.9358 2.460e-01 6.800e-03 5.926e-02 2.530e-01 1325.0708 2.392e-01 6.800e-03 1.339e-01 2.741e-01 0
20230808.500 2460165.000 2460164.999911 0.2845 1362.9181 2.460e-01 6.800e-03 5.482e-02 2.520e-01 1325.4152 2.392e-01 6.800e-03 1.072e-01 2.621e-01 0
20230809.500 2460166.000 2460165.863964 0.2689 1362.8758 2.461e-01 6.800e-03 4.683e-02 2.506e-01 1325.7099 2.394e-01 6.800e-03 1.184e-01 2.671e-01 0
20230810.500 2460167.000 2460166.989977 0.2864 1362.8907 2.461e-01 6.800e-03 4.179e-02 2.497e-01 1326.1752 2.395e-01 6.800e-03 1.256e-01 2.704e-01 0
20230811.500 2460168.000 2460168.000000 0.0000    0.0000 0.000e+00 0.000e+00 0.000e+00 0.000e+00    0.0000 0.000e+00 0.000e+00 0.000e+00 0.000e+00 0
20230812.500 2460169.000 2460169.000000 0.0000    0.0000 0.000e+00 0.000e+00 0.000e+00 0.000e+00    0.0000 0.000e+00 0.000e+00 0.000e+00 0.000e+00 0
20230813.500 2460170.000 2460170.146463 0.2045 1363.1497 2.465e-01 6.800e-03 4.285e-02 2.502e-01 1327.7743 2.401e-01 6.800e-03 1.065e-01 2.626e-01 0
20230814.500 2460171.000 2460170.999956 0.2883 1363.1109 2.466e-01 6.800e-03 4.958e-02 2.515e-01 1328.1233 2.403e-01 6.800e-03 1.274e-01 2.720e-01 0
20230815.500 2460172.000 2460172.001391 0.2902 1362.9881 2.466e-01 6.800e-03 1.073e-01 2.689e-01 1328.4694 2.403e-01 6.800e-03 7.259e-02 2.510e-01 0
20230816.500 2460173.000 2460173.006373 0.2865 1362.6470 2.466e-01 6.800e-03 8.352e-02 2.604e-01 1328.6177 2.405e-01 6.800e-03 8.044e-02 2.536e-01 0
20230817.500 2460174.000 2460173.609460 0.0687 1362.5750 2.466e-01 6.800e-03 5.145e-02 2.519e-01 1328.8418 2.405e-01 6.800e-03 5.465e-02 2.467e-01 0
20230818.500 2460175.000 2460175.000000 0.0000    0.0000 0.000e+00 0.000e+00 0.000e+00 0.000e+00    0.0000 0.000e+00 0.000e+00 0.000e+00 0.000e+00 0
20230819.500 2460176.000 2460176.161862 0.1998 1362.8371 2.468e-01 6.800e-03 5.159e-02 2.521e-01 1330.3983 2.409e-01 6.800e-03 1.285e-01 2.731e-01 0
20230820.500 2460177.000 2460176.934729 0.2842 1362.8765 2.470e-01 6.800e-03 5.825e-02 2.537e-01 1330.8470 2.411e-01 6.800e-03 1.399e-01 2.788e-01 0
20230821.500 2460178.000 2460178.000000 0.0000    0.0000 0.000e+00 0.000e+00 0.000e+00 0.000e+00    0.0000 0.000e+00 0.000e+00 0.000e+00 0.000e+00 0
20230822.500 2460179.000 2460179.006421 0.2934 1362.6966 2.471e-01 6.800e-03 5.980e-02 2.542e-01 1331.8046 2.415e-01 6.800e-03 1.369e-01 2.776e-01 0
20230823.500 2460180.000 2460180.049792 0.2916 1362.5143 2.470e-01 6.800e-03 6.969e-02 2.567e-01 1332.2149 2.415e-01 6.800e-03 1.265e-01 2.726e-01 0
20230824.500 2460181.000 2460180.752307 0.1561 1362.4324 2.471e-01 6.800e-03 6.073e-02 2.545e-01 1332.5366 2.417e-01 6.800e-03 8.868e-02 2.575e-01 0
20230825.500 2460182.000 2460182.000000 0.0000    0.0000 0.000e+00 0.000e+00 0.000e+00 0.000e+00    0.0000 0.000e+00 0.000e+00 0.000e+00 0.000e+00 0
20230826.500 2460183.000 2460183.000000 0.0000    0.0000 0.000e+00 0.000e+00 0.000e+00 0.000e+00    0.0000 0.000e+00 0.000e+00 0.000e+00 0.000e+00 0
20230827.500 2460184.000 2460183.736946 0.1110 1362.3173 2.473e-01 6.800e-03 5.186e-02 2.526e-01 1334.1793 2.422e-01 6.800e-03 9.243e-02 2.592e-01 0
20230828.500 2460185.000 2460185.258113 0.1314 1362.3491 2.474e-01 6.800e-03 4.093e-02 2.508e-01 1335.1281 2.425e-01 6.800e-03 9.472e-02 2.603e-01 0
20230829.500 2460186.000 2460186.010628 0.2929 1362.4310 2.474e-01 6.800e-03 6.184e-02 2.550e-01 1335.6668 2.426e-01 6.800e-03 2.215e-01 3.285e-01 0
20230830.500 2460187.000 2460186.885746 0.2374 1362.5825 2.476e-01 6.800e-03 5.085e-02 2.527e-01 1336.3513 2.428e-01 6.800e-03 1.792e-01 3.018e-01 0
20230831.500 2460188.000 2460187.930921 0.2690 1362.7383 2.476e-01 6.800e-03 6.116e-02 2.550e-01 1337.1482 2.430e-01 6.800e-03 1.992e-01 3.142e-01 0
20230901.500 2460189.000 2460188.712929 0.1111 1362.8642 2.478e-01 6.800e-03 4.937e-02 2.526e-01 1337.7563 2.432e-01 6.800e-03 1.086e-01 2.664e-01 0
20230902.500 2460190.000 2460190.384337 0.0718 1362.9409 2.479e-01 6.800e-03 5.468e-02 2.539e-01 1338.8752 2.435e-01 6.800e-03 8.554e-02 2.581e-01 0
20230903.500 2460191.000 2460190.689122 0.1069 1362.9359 2.479e-01 6.800e-03 6.107e-02 2.553e-01 1339.0619 2.436e-01 6.800e-03 8.336e-02 2.574e-01 0
20230904.500 2460192.000 2460192.252706 0.1491 1362.8057 2.480e-01 6.800e-03 4.770e-02 2.526e-01 1339.9236 2.439e-01 6.800e-03 1.125e-01 2.686e-01 0
20230905.500 2460193.000 2460192.994318 0.2796 1362.8139 2.480e-01 6.800e-03 4.488e-02 2.521e-01 1340.4058 2.440e-01 6.800e-03 1.907e-01 3.096e-01 0
20230906.500 2460194.000 2460193.992435 0.2969 1362.7736 2.482e-01 6.800e-03 5.885e-02 2.550e-01 1341.0093 2.442e-01 6.800e-03 1.561e-01 2.898e-01 0
20230907.500 2460195.000 2460194.990281 0.2794 1362.7989 2.482e-01 6.800e-03 8.054e-02 2.609e-01 1341.6838 2.443e-01 6.800e-03 2.498e-01 3.494e-01 0
20230908.500 2460196.000 2460195.855882 0.2140 1362.9276 2.483e-01 6.800e-03 5.294e-02 2.539e-01 1342.3796 2.446e-01 6.800e-03 1.656e-01 2.954e-01 0
20230909.500 2460197.000 2460197.410001 0.0429 1362.7105 2.484e-01 6.800e-03 4.304e-02 2.521e-01 1343.2021 2.449e-01 6.800e-03 4.242e-02 2.485e-01 0
20230910.500 2460198.000 2460198.003112 0.3019 1362.6437 2.484e-01 6.800e-03 5.835e-02 2.552e-01 1343.5373 2.449e-01 6.800e-03 1.901e-01 3.100e-01 0
20230911.500 2460199.000 2460199.003187 0.2774 1362.5402 2.484e-01 6.800e-03 4.858e-02 2.531e-01 1344.1174 2.450e-01 6.800e-03 1.858e-01 3.075e-01 0
20230912.500 2460200.000 2460200.018688 0.2905 1362.6210 2.485e-01 6.800e-03 7.467e-02 2.595e-01 1344.8987 2.453e-01 6.800e-03 2.657e-01 3.617e-01 0
20230913.500 2460201.000 2460201.014572 0.2774 1362.8192 2.486e-01 6.800e-03 6.938e-02 2.581e-01 1345.7912 2.455e-01 6.800e-03 2.450e-01 3.468e-01 0
20230914.500 2460202.000 2460202.013005 0.2985 1362.8972 2.487e-01 6.800e-03 6.091e-02 2.561e-01 1346.5758 2.458e-01 6.800e-03 2.520e-01 3.520e-01 0
20230915.500 2460203.000 2460202.619358 0.0529 1363.0005 2.487e-01 6.800e-03 5.841e-02 2.555e-01 1347.1114 2.458e-01 6.800e-03 8.201e-02 2.592e-01 0
20230916.500 2460204.000 2460204.000000 0.0000    0.0000 0.000e+00 0.000e+00 0.000e+00 0.000e+00    0.0000 0.000e+00 0.000e+00 0.000e+00 0.000e+00 0
20230917.500 2460205.000 2460205.171801 0.1861 1363.0081 2.489e-01 6.800e-03 5.498e-02 2.549e-01 1348.9804 2.463e-01 6.800e-03 1.212e-01 2.745e-01 0
20230918.500 2460206.000 2460205.988357 0.2944 1362.8499 2.490e-01 6.800e-03 1.100e-01 2.722e-01 1349.4305 2.465e-01 6.800e-03 1.328e-01 2.800e-01 0
20230919.500 2460207.000 2460206.736914 0.1094 1362.6442 2.490e-01 6.800e-03 4.363e-02 2.527e-01 1349.7870 2.466e-01 6.800e-03 8.091e-02 2.595e-01 0
20230920.500 2460208.000 2460207.870973 0.2000 1362.6106 2.491e-01 6.800e-03 4.799e-02 2.537e-01 1350.6101 2.469e-01 6.800e-03 1.763e-01 3.034e-01 0
20230921.500 2460209.000 2460209.113037 0.2309 1362.4020 2.492e-01 6.800e-03 9.474e-02 2.666e-01 1351.3502 2.472e-01 6.800e-03 1.079e-01 2.697e-01 0
20230922.500 2460210.000 2460209.723749 0.1402 1362.2383 2.492e-01 6.800e-03 6.245e-02 2.569e-01 1351.6562 2.472e-01 6.800e-03 8.413e-02 2.611e-01 0
20230923.500 2460211.000 2460211.268249 0.1383 1362.1626 2.493e-01 6.800e-03 6.482e-02 2.576e-01 1352.7727 2.476e-01 6.800e-03 1.228e-01 2.763e-01 0
20230924.500 2460212.000 2460211.998235 0.2902 1362.1932 2.493e-01 6.800e-03 9.229e-02 2.658e-01 1353.3690 2.477e-01 6.800e-03 2.982e-01 3.876e-01 0
20230925.500 2460213.000 2460213.002002 0.2857 1362.4649 2.495e-01 6.800e-03 9.063e-02 2.654e-01 1354.4187 2.480e-01 6.800e-03 3.007e-01 3.898e-01 0
20230926.500 2460214.000 2460213.997398 0.2983 1362.6862 2.495e-01 6.800e-03 5.748e-02 2.560e-01 1355.4127 2.482e-01 6.800e-03 2.682e-01 3.654e-01 0
20230927.500 2460215.000 2460214.630511 0.0753 1362.7878 2.497e-01 6.800e-03 5.052e-02 2.547e-01 1356.0062 2.484e-01 6.800e-03 9.498e-02 2.660e-01 0
20230928.500 2460216.000 2460216.047883 0.0995 1363.1038 2.497e-01 6.800e-03 5.521e-02 2.558e-01 1357.4218 2.487e-01 6.800e-03 1.035e-01 2.694e-01 0
20230929.500 2460217.000 2460217.000000 0.0000    0.0000 0.000e+00 0.000e+00 0.000e+00 0.000e+00    0.0000 0.000e+00 0.000e+00 0.000e+00 0.000e+00 0
20230930.500 2460218.000 2460218.000000 0.0000    0.0000 0.000e+00 0.000e+00 0.000e+00 0.000e+00    0.0000 0.000e+00 0.000e+00 0.000e+00 0.000e+00 0
20231001.500 2460219.000 2460219.000000 0.0000    0.0000 0.000e+00 0.000e+00 0.000e+00 0.000e+00    0.0000 0.000e+00 0.000e+00 0.000e+00 0.000e+00 0
20231002.500 2460220.000 2460220.000000 0.0000    0.0000 0.000e+00 0.000e+00 0.000e+00 0.000e+00    0.0000 0.000e+00 0.000e+00 0.000e+00 0.000e+00 0
20231003.500 2460221.000 2460221.000000 0.0000    0.0000 0.000e+00 0.000e+00 0.000e+00 0.000e+00    0.0000 0.000e+00 0.000e+00 0.000e+00 0.000e+00 0
20231004.500 2460222.000 2460222.383865 0.0635 1363.0023 2.502e-01 6.800e-03 6.933e-02 2.597e-01 1362.2016 2.501e-01 6.800e-03 9.872e-02 2.689e-01 0
20231005.500 2460223.000 2460223.010258 0.2860 1363.1227 2.503e-01 6.800e-03 6.836e-02 2.594e-01 1362.8024 2.502e-01 6.800e-03 2.745e-01 3.714e-01 0
20231006.500 2460224.000 2460223.992673 0.2865 1363.2524 2.503e-01 6.800e-03 4.035e-02 2.535e-01 1363.6858 2.504e-01 6.800e-03 2.357e-01 3.438e-01 0
20231007.500 2460225.000 2460224.813703 0.2666 1363.2933 2.504e-01 6.800e-03 5.574e-02 2.566e-01 1364.3573 2.506e-01 6.800e-03 1.826e-01 3.101e-01 0
20231008.500 2460226.000 2460225.819843 0.2173 1363.1768 2.504e-01 6.800e-03 3.323e-02 2.526e-01 1365.0143 2.508e-01 6.800e-03 1.670e-01 3.012e-01 0
20231009.500 2460227.000 2460227.000000 0.0000    0.0000 0.000e+00 0.000e+00 0.000e+00 0.000e+00    0.0000 0.000e+00 0.000e+00 0.000e+00 0.000e+00 0
20231010.500 2460228.000 2460228.000000 0.0000    0.0000 0.000e+00 0.000e+00 0.000e+00 0.000e+00    0.0000 0.000e+00 0.000e+00 0.000e+00 0.000e+00 0
20231011.500 2460229.000 2460229.000000 0.0000    0.0000 0.000e+00 0.000e+00 0.000e+00 0.000e+00    0.0000 0.000e+00 0.000e+00 0.000e+00 0.000e+00 0
20231012.500 2460230.000 2460230.000000 0.0000    0.0000 0.000e+00 0.000e+00 0.000e+00 0.000e+00    0.0000 0.000e+00 0.000e+00 0.000e+00 0.000e+00 0
20231013.500 2460231.000 2460231.000000 0.0000    0.0000 0.000e+00 0.000e+00 0.000e+00 0.000e+00    0.0000 0.000e+00 0.000e+00 0.000e+00 0.000e+00 0
20231014.500 2460232.000 2460232.000000 0.0000    0.0000 0.000e+00 0.000e+00 0.000e+00 0.000e+00    0.0000 0.000e+00 0.000e+00 0.000e+00 0.000e+00 0
20231015.500 2460233.000 2460233.000000 0.0000    0.0000 0.000e+00 0.000e+00 0.000e+00 0.000e+00    0.0000 0.000e+00 0.000e+00 0.000e+00 0.000e+00 0
20231016.500 2460234.000 2460234.000000 0.0000    0.0000 0.000e+00 0.000e+00 0.000e+00 0.000e+00    0.0000 0.000e+00 0.000e+00 0.000e+00 0.000e+00 0
20231017.500 2460235.000 2460235.000000 0.0000    0.0000 0.000e+00 0.000e+00 0.000e+00 0.000e+00    0.0000 0.000e+00 0.000e+00 0.000e+00 0.000e+00 0
20231018.500 2460236.000 2460236.000000 0.0000    0.0000 0.000e+00 0.000e+00 0.000e+00 0.000e+00    0.0000 0.000e+00 0.000e+00 0.000e+00 0.000e+00 0
20231019.500 2460237.000 2460237.000000 0.0000    0.0000 0.000e+00 0.000e+00 0.000e+00 0.000e+00    0.0000 0.000e+00 0.000e+00 0.000e+00 0.000e+00 0
20231020.500 2460238.000 2460238.109453 0.2310 1362.8761 2.513e-01 6.800e-03 6.134e-02 2.587e-01 1374.3202 2.534e-01 6.800e-03 1.659e-01 3.029e-01 0
20231021.500 2460239.000 2460238.917456 0.3101 1362.7789 2.513e-01 6.800e-03 3.850e-02 2.542e-01 1374.8594 2.535e-01 6.800e-03 2.433e-01 3.514e-01 0
20231022.500 2460240.000 2460240.009878 0.3347 1362.7719 2.514e-01 6.800e-03 5.480e-02 2.573e-01 1375.7117 2.538e-01 6.800e-03 2.576e-01 3.616e-01 0
20231023.500 2460241.000 2460240.763550 0.2678 1362.7800 2.514e-01 6.800e-03 5.252e-02 2.569e-01 1376.3105 2.539e-01 6.800e-03 2.433e-01 3.517e-01 0
20231024.500 2460242.000 2460241.989613 0.2863 1362.8630 2.516e-01 6.800e-03 5.664e-02 2.579e-01 1377.3498 2.543e-01 6.800e-03 2.574e-01 3.618e-01 0
20231025.500 2460243.000 2460242.885461 0.2075 1362.9680 2.516e-01 6.800e-03 7.323e-02 2.620e-01 1378.1490 2.544e-01 6.800e-03 2.170e-01 3.344e-01 0
20231026.500 2460244.000 2460244.000000 0.0000    0.0000 0.000e+00 0.000e+00 0.000e+00 0.000e+00    0.0000 0.000e+00 0.000e+00 0.000e+00 0.000e+00 0
20231027.500 2460245.000 2460245.091289 0.2518 1363.2425 2.519e-01 6.800e-03 5.464e-02 2.578e-01 1380.1085 2.550e-01 6.800e-03 2.130e-01 3.323e-01 0
20231028.500 2460246.000 2460246.111290 0.2555 1363.2582 2.519e-01 6.800e-03 5.973e-02 2.589e-01 1380.8889 2.552e-01 6.800e-03 2.024e-01 3.257e-01 0
20231029.500 2460247.000 2460246.996025 0.2951 1363.1322 2.520e-01 6.800e-03 8.960e-02 2.675e-01 1381.4168 2.554e-01 6.800e-03 1.486e-01 2.955e-01 0
20231030.500 2460248.000 2460248.025967 0.3047 1362.7788 2.520e-01 6.800e-03 1.399e-01 2.882e-01 1381.8130 2.555e-01 6.800e-03 9.916e-02 2.741e-01 0
20231031.500 2460249.000 2460249.007251 0.2947 1362.6843 2.521e-01 6.800e-03 5.659e-02 2.584e-01 1382.4272 2.557e-01 6.800e-03 2.488e-01 3.568e-01 0
20231101.500 2460250.000 2460249.920544 0.3158 1362.8083 2.521e-01 6.800e-03 6.344e-02 2.600e-01 1383.2065 2.559e-01 6.800e-03 2.693e-01 3.715e-01 0
20231102.500 2460251.000 2460250.963813 0.2771 1363.0197 2.523e-01 6.800e-03 9.195e-02 2.685e-01 1384.1596 2.562e-01 6.800e-03 2.782e-01 3.782e-01 0
20231103.500 2460252.000 2460252.001942 0.2697 1363.2593 2.523e-01 6.800e-03 5.361e-02 2.580e-01 1385.1295 2.564e-01 6.800e-03 2.195e-01 3.375e-01 0
20231104.500 2460253.000 2460252.948887 0.3054 1363.2636 2.525e-01 6.800e-03 7.180e-02 2.625e-01 1385.7897 2.566e-01 6.800e-03 1.770e-01 3.118e-01 0
20231105.500 2460254.000 2460254.038012 0.2731 1363.0019 2.524e-01 6.800e-03 8.699e-02 2.670e-01 1386.2706 2.567e-01 6.800e-03 1.207e-01 2.837e-01 0
20231106.500 2460255.000 2460254.721362 0.1449 1362.8432 2.525e-01 6.800e-03 5.830e-02 2.592e-01 1386.5741 2.569e-01 6.800e-03 8.954e-02 2.721e-01 0
20231107.500 2460256.000 2460256.000000 0.0000    0.0000 0.000e+00 0.000e+00 0.000e+00 0.000e+00    0.0000 0.000e+00 0.000e+00 0.000e+00 0.000e+00 0
20231108.500 2460257.000 2460257.000000 0.0000    0.0000 0.000e+00 0.000e+00 0.000e+00 0.000e+00    0.0000 0.000e+00 0.000e+00 0.000e+00 0.000e+00 0
20231109.500 2460258.000 2460258.000000 0.0000    0.0000 0.000e+00 0.000e+00 0.000e+00 0.000e+00    0.0000 0.000e+00 0.000e+00 0.000e+00 0.000e+00 0
20231110.500 2460259.000 2460259.000000 0.0000    0.0000 0.000e+00 0.000e+00 0.000e+00 0.000e+00    0.0000 0.000e+00 0.000e+00 0.000e+00 0.000e+00 0
20231111.500 2460260.000 2460260.000000 0.0000    0.0000 0.000e+00 0.000e+00 0.000e+00 0.000e+00    0.0000 0.000e+00 0.000e+00 0.000e+00 0.000e+00 0
20231112.500 2460261.000 2460261.000000 0.0000    0.0000 0.000e+00 0.000e+00 0.000e+00 0.000e+00    0.0000 0.000e+00 0.000e+00 0.000e+00 0.000e+00 0
20231113.500 2460262.000 2460262.287535 0.1211 1362.7300 2.531e-01 6.800e-03 4.565e-02 2.571e-01 1391.4399 2.584e-01 6.800e-03 8.155e-02 2.710e-01 0
20231114.500 2460263.000 2460262.695984 0.1079 1362.6869 2.531e-01 6.800e-03 4.970e-02 2.579e-01 1391.6574 2.584e-01 6.800e-03 9.900e-02 2.767e-01 0
20231115.500 2460264.000 2460264.000000 0.0000    0.0000 0.000e+00 0.000e+00 0.000e+00 0.000e+00    0.0000 0.000e+00 0.000e+00 0.000e+00 0.000e+00 0
20231116.500 2460265.000 2460265.497861 0.0014 1362.6549 2.533e-01 6.800e-03 3.273e-02 2.554e-01 1393.3967 2.590e-01 6.800e-03 3.417e-02 2.613e-01 0
20231117.500 2460266.000 2460266.001575 0.2762 1362.6409 2.533e-01 6.800e-03 4.656e-02 2.576e-01 1393.6961 2.591e-01 6.800e-03 1.690e-01 3.093e-01 0
20231118.500 2460267.000 2460266.972551 0.2759 1362.6241 2.533e-01 6.800e-03 4.926e-02 2.581e-01 1394.2794 2.592e-01 6.800e-03 1.742e-01 3.123e-01 0
20231119.500 2460268.000 2460267.998713 0.2827 1362.7323 2.535e-01 6.800e-03 5.224e-02 2.588e-01 1395.0171 2.595e-01 6.800e-03 1.888e-01 3.209e-01 0
20231120.500 2460269.000 2460268.985909 0.2866 1362.8052 2.535e-01 6.800e-03 4.918e-02 2.582e-01 1395.6864 2.596e-01 6.800e-03 1.843e-01 3.184e-01 0
20231121.500 2460270.000 2460270.026632 0.2904 1362.8446 2.536e-01 6.800e-03 5.382e-02 2.593e-01 1396.3434 2.599e-01 6.800e-03 1.972e-01 3.262e-01 0
20231122.500 2460271.000 2460270.974666 0.2808 1362.7426 2.536e-01 6.800e-03 1.085e-01 2.759e-01 1396.7904 2.599e-01 6.800e-03 9.290e-02 2.760e-01 0
20231123.500 2460272.000 2460271.990749 0.2792 1362.5263 2.537e-01 6.800e-03 4.987e-02 2.586e-01 1397.1476 2.601e-01 6.800e-03 1.445e-01 2.976e-01 0
20231124.500 2460273.000 2460272.943771 0.2788 1362.4151 2.537e-01 6.800e-03 6.470e-02 2.618e-01 1397.5644 2.602e-01 6.800e-03 1.269e-01 2.895e-01 0
20231125.500 2460274.000 2460273.711949 0.1159 1362.3311 2.538e-01 6.800e-03 4.232e-02 2.573e-01 1397.8975 2.604e-01 6.800e-03 7.575e-02 2.712e-01 0
20231126.500 2460275.000 2460275.276163 0.1132 1362.4835 2.540e-01 6.800e-03 3.848e-02 2.569e-01 1398.8803 2.608e-01 6.800e-03 5.859e-02 2.673e-01 0
20231127.500 2460276.000 2460275.984130 0.2817 1362.5818 2.540e-01 6.800e-03 7.065e-02 2.636e-01 1399.3428 2.608e-01 6.800e-03 2.022e-01 3.300e-01 0
20231128.500 2460277.000 2460276.967566 0.2762 1362.7123 2.541e-01 6.800e-03 6.059e-02 2.613e-01 1399.9674 2.611e-01 6.800e-03 1.757e-01 3.147e-01 0
20231129.500 2460278.000 2460277.651741 0.0760 1362.8370 2.542e-01 6.800e-03 6.463e-02 2.623e-01 1400.4288 2.612e-01 6.800e-03 7.963e-02 2.731e-01 0
20231130.500 2460279.000 2460279.172327 0.1645 1363.0089 2.543e-01 6.800e-03 4.965e-02 2.591e-01 1401.3200 2.615e-01 6.800e-03 1.039e-01 2.814e-01 0
20231201.500 2460280.000 2460279.995116 0.2737 1362.9553 2.543e-01 6.800e-03 6.198e-02 2.618e-01 1401.6373 2.615e-01 6.800e-03 9.733e-02 2.791e-01 0
20231202.500 2460281.000 2460281.000222 0.3003 1362.8265 2.544e-01 6.800e-03 7.148e-02 2.643e-01 1401.9471 2.617e-01 6.800e-03 9.033e-02 2.769e-01 0
20231203.500 2460282.000 2460281.689058 0.0967 1362.7479 2.544e-01 6.800e-03 5.600e-02 2.605e-01 1402.1620 2.618e-01 6.800e-03 7.020e-02 2.710e-01 0
20231204.500 2460283.000 2460283.268630 0.1497 1362.2488 2.545e-01 6.800e-03 5.631e-02 2.606e-01 1402.3012 2.619e-01 6.800e-03 4.438e-02 2.657e-01 0
20231205.500 2460284.000 2460284.000450 0.2797 1362.0905 2.544e-01 6.800e-03 5.529e-02 2.604e-01 1402.4298 2.620e-01 6.800e-03 9.090e-02 2.773e-01 0
20231206.500 2460285.000 2460284.811118 0.1866 1362.0885 2.546e-01 6.800e-03 4.672e-02 2.588e-01 1402.7434 2.622e-01 6.800e-03 8.409e-02 2.753e-01 0
20231207.500 2460286.000 2460286.360339 0.0765 1362.2868 2.546e-01 6.800e-03 5.510e-02 2.605e-01 1403.5297 2.623e-01 6.800e-03 7.876e-02 2.739e-01 0
20231208.500 2460287.000 2460286.956059 0.2707 1362.3697 2.548e-01 6.800e-03 5.144e-02 2.599e-01 1403.8314 2.625e-01 6.800e-03 1.247e-01 2.906e-01 0
20231209.500 2460288.000 2460288.000000 0.0000    0.0000 0.000e+00 0.000e+00 0.000e+00 0.000e+00    0.0000 0.000e+00 0.000e+00 0.000e+00 0.000e+00 0
20231210.500 2460289.000 2460289.000000 0.0000    0.0000 0.000e+00 0.000e+00 0.000e+00 0.000e+00    0.0000 0.000e+00 0.000e+00 0.000e+00 0.000e+00 0
20231211.500 2460290.000 2460290.000000 0.0000    0.0000 0.000e+00 0.000e+00 0.000e+00 0.000e+00    0.0000 0.000e+00 0.000e+00 0.000e+00 0.000e+00 0
20231212.500 2460291.000 2460291.000000 0.0000    0.0000 0.000e+00 0.000e+00 0.000e+00 0.000e+00    0.0000 0.000e+00 0.000e+00 0.000e+00 0.000e+00 0
20231213.500 2460292.000 2460292.000000 0.0000    0.0000 0.000e+00 0.000e+00 0.000e+00 0.000e+00    0.0000 0.000e+00 0.000e+00 0.000e+00 0.000e+00 0
20231214.500 2460293.000 2460293.000000 0.0000    0.0000 0.000e+00 0.000e+00 0.000e+00 0.000e+00    0.0000 0.000e+00 0.000e+00 0.000e+00 0.000e+00 0
20231215.500 2460294.000 2460294.038143 0.2747 1362.4423 2.553e-01 6.800e-03 1.218e-01 2.829e-01 1406.2144 2.635e-01 6.800e-03 2.010e-01 3.315e-01 0
20231216.500 2460295.000 2460294.972874 0.3312 1362.7356 2.554e-01 6.800e-03 8.132e-02 2.680e-01 1406.7858 2.636e-01 6.800e-03 1.676e-01 3.124e-01 0
20231217.500 2460296.000 2460295.934490 0.2592 1362.9227 2.555e-01 6.800e-03 7.604e-02 2.666e-01 1407.2462 2.639e-01 6.800e-03 1.404e-01 2.989e-01 0
20231218.500 2460297.000 2460296.999375 0.2796 1363.0636 2.556e-01 6.800e-03 7.109e-02 2.653e-01 1407.6746 2.639e-01 6.800e-03 1.360e-01 2.969e-01 0
20231219.500 2460298.000 2460297.929102 0.2592 1363.0717 2.557e-01 6.800e-03 7.950e-02 2.678e-01 1407.9186 2.641e-01 6.800e-03 7.001e-02 2.732e-01 0
20231220.500 2460299.000 2460299.000000 0.0000    0.0000 0.000e+00 0.000e+00 0.000e+00 0.000e+00    0.0000 0.000e+00 0.000e+00 0.000e+00 0.000e+00 0
20231221.500 2460300.000 2460300.000000 0.0000    0.0000 0.000e+00 0.000e+00 0.000e+00 0.000e+00    0.0000 0.000e+00 0.000e+00 0.000e+00 0.000e+00 0
20231222.500 2460301.000 2460301.000000 0.0000    0.0000 0.000e+00 0.000e+00 0.000e+00 0.000e+00    0.0000 0.000e+00 0.000e+00 0.000e+00 0.000e+00 0
20231223.500 2460302.000 2460302.000000 0.0000    0.0000 0.000e+00 0.000e+00 0.000e+00 0.000e+00    0.0000 0.000e+00 0.000e+00 0.000e+00 0.000e+00 0
20231224.500 2460303.000 2460303.053495 0.2435 1362.5817 2.559e-01 6.800e-03 6.239e-02 2.634e-01 1408.4771 2.645e-01 6.800e-03 8.852e-02 2.789e-01 0
20231225.500 2460304.000 2460303.887293 0.2785 1362.7527 2.561e-01 6.800e-03 7.886e-02 2.679e-01 1408.7849 2.647e-01 6.800e-03 1.164e-01 2.892e-01 0
20231226.500 2460305.000 2460304.611282 0.0546 1362.8880 2.562e-01 6.800e-03 2.780e-02 2.577e-01 1409.0292 2.649e-01 6.800e-03 2.743e-02 2.663e-01 0
20231227.500 2460306.000 2460306.000000 0.0000    0.0000 0.000e+00 0.000e+00 0.000e+00 0.000e+00    0.0000 0.000e+00 0.000e+00 0.000e+00 0.000e+00 0
20231228.500 2460307.000 2460307.042425 0.2194 1363.1005 2.564e-01 6.800e-03 6.649e-02 2.649e-01 1409.5271 2.651e-01 6.800e-03 5.462e-02 2.707e-01 0
20231229.500 2460308.000 2460308.039707 0.2777 1362.9956 2.564e-01 6.800e-03 4.533e-02 2.604e-01 1409.5018 2.651e-01 6.800e-03 4.813e-02 2.695e-01 0
20231230.500 2460309.000 2460308.997321 0.2811 1362.8807 2.565e-01 6.800e-03 7.307e-02 2.667e-01 1409.4464 2.653e-01 6.800e-03 6.505e-02 2.731e-01 0
20231231.500 2460310.000 2460310.024307 0.2992 1362.7880 2.565e-01 6.800e-03 5.183e-02 2.617e-01 1409.4008 2.652e-01 6.800e-03 5.488e-02 2.709e-01 0
20240101.500 2460311.000 2460311.000054 0.2797 1362.7948 2.566e-01 6.800e-03 5.157e-02 2.617e-01 1409.4395 2.654e-01 6.800e-03 5.492e-02 2.710e-01 0
20240102.500 2460312.000 2460311.930359 0.3123 1362.7993 2.566e-01 6.800e-03 5.051e-02 2.615e-01 1409.4595 2.654e-01 6.800e-03 5.083e-02 2.702e-01 0
20240103.500 2460313.000 2460312.959972 0.3005 1362.7692 2.567e-01 6.800e-03 4.605e-02 2.608e-01 1409.4296 2.655e-01 6.800e-03 4.785e-02 2.698e-01 0
20240104.500 2460314.000 2460313.995093 0.3015 1362.6725 2.567e-01 6.800e-03 7.768e-02 2.682e-01 1409.3147 2.655e-01 6.800e-03 8.514e-02 2.788e-01 0
20240105.500 2460315.000 2460314.863773 0.2086 1362.6288 2.569e-01 6.800e-03 4.472e-02 2.607e-01 1409.2454 2.656e-01 6.800e-03 4.387e-02 2.692e-01 0
20240106.500 2460316.000 2460315.520655 0.0006 1362.6300 2.569e-01 6.800e-03 8.590e-03 2.570e-01 1409.2215 2.656e-01 6.800e-03 8.859e-03 2.658e-01 0
20240107.500 2460317.000 2460317.000000 0.0000    0.0000 0.000e+00 0.000e+00 0.000e+00 0.000e+00    0.0000 0.000e+00 0.000e+00 0.000e+00 0.000e+00 0
20240108.500 2460318.000 2460318.000000 0.0000    0.0000 0.000e+00 0.000e+00 0.000e+00 0.000e+00    0.0000 0.000e+00 0.000e+00 0.000e+00 0.000e+00 0
20240109.500 2460319.000 2460319.000000 0.0000    0.0000 0.000e+00 0.000e+00 0.000e+00 0.000e+00    0.0000 0.000e+00 0.000e+00 0.000e+00 0.000e+00 0
20240110.500 2460320.000 2460320.000000 0.0000    0.0000 0.000e+00 0.000e+00 0.000e+00 0.000e+00    0.0000 0.000e+00 0.000e+00 0.000e+00 0.000e+00 0
20240111.500 2460321.000 2460321.000000 0.0000    0.0000 0.000e+00 0.000e+00 0.000e+00 0.000e+00    0.0000 0.000e+00 0.000e+00 0.000e+00 0.000e+00 0
20240112.500 2460322.000 2460322.000000 0.0000    0.0000 0.000e+00 0.000e+00 0.000e+00 0.000e+00    0.0000 0.000e+00 0.000e+00 0.000e+00 0.000e+00 0
20240113.500 2460323.000 2460323.000000 0.0000    0.0000 0.000e+00 0.000e+00 0.000e+00 0.000e+00    0.0000 0.000e+00 0.000e+00 0.000e+00 0.000e+00 0
20240114.500 2460324.000 2460324.000000 0.0000    0.0000 0.000e+00 0.000e+00 0.000e+00 0.000e+00    0.0000 0.000e+00 0.000e+00 0.000e+00 0.000e+00 0
20240115.500 2460325.000 2460325.324146 0.0931 1362.8692 2.576e-01 6.800e-03 6.226e-02 2.650e-01 1408.4995 2.662e-01 6.800e-03 5.661e-02 2.722e-01 0
20240116.500 2460326.000 2460326.038309 0.3231 1362.8701 2.577e-01 6.800e-03 5.217e-02 2.629e-01 1408.3883 2.663e-01 6.800e-03 8.927e-02 2.809e-01 0
20240117.500 2460327.000 2460327.008125 0.2788 1362.8556 2.577e-01 6.800e-03 5.004e-02 2.625e-01 1408.2116 2.663e-01 6.800e-03 7.095e-02 2.756e-01 0
20240118.500 2460328.000 2460328.012120 0.3052 1362.8382 2.578e-01 6.800e-03 6.165e-02 2.651e-01 1408.0125 2.664e-01 6.800e-03 8.648e-02 2.801e-01 0
20240119.500 2460329.000 2460329.036354 0.2931 1362.8381 2.578e-01 6.800e-03 4.367e-02 2.615e-01 1407.8128 2.664e-01 6.800e-03 8.082e-02 2.784e-01 0
20240120.500 2460330.000 2460329.645871 0.0939 1362.7998 2.580e-01 6.800e-03 4.140e-02 2.613e-01 1407.6475 2.665e-01 6.800e-03 4.937e-02 2.710e-01 0
20240121.500 2460331.000 2460331.226142 0.1488 1362.3927 2.579e-01 6.800e-03 5.878e-02 2.645e-01 1406.8720 2.663e-01 6.800e-03 8.085e-02 2.783e-01 0
20240122.500 2460332.000 2460332.004782 0.2972 1362.2660 2.580e-01 6.800e-03 7.122e-02 2.677e-01 1406.5508 2.664e-01 6.800e-03 1.375e-01 2.998e-01 0
20240123.500 2460333.000 2460333.001526 0.2807 1362.1791 2.581e-01 6.800e-03 5.883e-02 2.648e-01 1406.2032 2.665e-01 6.800e-03 6.273e-02 2.738e-01 0
20240124.500 2460334.000 2460333.960434 0.3119 1362.3783 2.582e-01 6.800e-03 1.058e-01 2.790e-01 1406.1446 2.665e-01 6.800e-03 5.645e-02 2.724e-01 0
20240125.500 2460335.000 2460334.997883 0.2818 1362.6397 2.584e-01 6.800e-03 7.920e-02 2.702e-01 1406.1110 2.666e-01 6.800e-03 5.543e-02 2.723e-01 0
20240126.500 2460336.000 2460336.002766 0.2959 1362.8436 2.584e-01 6.800e-03 5.766e-02 2.648e-01 1406.0100 2.666e-01 6.800e-03 7.877e-02 2.780e-01 0
20240127.500 2460337.000 2460336.743663 0.1259 1362.9831 2.586e-01 6.800e-03 5.049e-02 2.634e-01 1405.9139 2.667e-01 6.800e-03 3.714e-02 2.693e-01 0
20240128.500 2460338.000 2460338.262760 0.1476 1363.1495 2.586e-01 6.800e-03 4.497e-02 2.625e-01 1405.5639 2.666e-01 6.800e-03 7.556e-02 2.771e-01 0
20240129.500 2460339.000 2460339.013116 0.2798 1363.0737 2.587e-01 6.800e-03 7.553e-02 2.695e-01 1405.2140 2.667e-01 6.800e-03 1.669e-01 3.146e-01 0
20240130.500 2460340.000 2460340.006648 0.3088 1362.8743 2.587e-01 6.800e-03 6.773e-02 2.674e-01 1404.6357 2.666e-01 6.800e-03 1.740e-01 3.184e-01 0
20240131.500 2460341.000 2460340.829584 0.1863 1362.7685 2.588e-01 6.800e-03 5.328e-02 2.642e-01 1404.2072 2.667e-01 6.800e-03 9.421e-02 2.828e-01 0
20240201.500 2460342.000 2460342.000000 0.0000    0.0000 0.000e+00 0.000e+00 0.000e+00 0.000e+00    0.0000 0.000e+00 0.000e+00 0.000e+00 0.000e+00 0
20240202.500 2460343.000 2460343.228019 0.1482 1362.7534 2.589e-01 6.800e-03 4.843e-02 2.634e-01 1403.2054 2.666e-01 6.800e-03 8.357e-02 2.794e-01 0
20240203.500 2460344.000 2460344.015632 0.3052 1362.5797 2.589e-01 6.800e-03 8.589e-02 2.728e-01 1402.6860 2.665e-01 6.800e-03 2.104e-01 3.395e-01 0
20240204.500 2460345.000 2460345.000109 0.2793 1362.5125 2.590e-01 6.800e-03 7.110e-02 2.686e-01 1402.1814 2.666e-01 6.800e-03 8.740e-02 2.805e-01 0
20240205.500 2460346.000 2460345.991662 0.2872 1362.6506 2.592e-01 6.800e-03 5.200e-02 2.643e-01 1401.8743 2.666e-01 6.800e-03 1.116e-01 2.891e-01 0
20240206.500 2460347.000 2460346.983880 0.3179 1362.6657 2.592e-01 6.800e-03 5.047e-02 2.640e-01 1401.4304 2.666e-01 6.800e-03 1.830e-01 3.234e-01 0
20240207.500 2460348.000 2460347.749264 0.1429 1362.5140 2.593e-01 6.800e-03 5.542e-02 2.651e-01 1400.9144 2.666e-01 6.800e-03 1.117e-01 2.891e-01 0
20240208.500 2460349.000 2460349.302258 0.1111 1362.0970 2.592e-01 6.800e-03 4.106e-02 2.624e-01 1399.7404 2.664e-01 6.800e-03 7.319e-02 2.762e-01 0
20240209.500 2460350.000 2460349.592942 0.0531 1362.0482 2.593e-01 6.800e-03 4.749e-02 2.636e-01 1399.5488 2.665e-01 6.800e-03 5.067e-02 2.712e-01 0
20240210.500 2460351.000 2460351.186225 0.1841 1362.0844 2.593e-01 6.800e-03 7.058e-02 2.688e-01 1398.8002 2.663e-01 6.800e-03 7.506e-02 2.767e-01 0
20240211.500 2460352.000 2460351.998804 0.2867 1362.2341 2.595e-01 6.800e-03 5.967e-02 2.663e-01 1398.5466 2.664e-01 6.800e-03 1.360e-01 2.991e-01 0
20240212.500 2460353.000 2460353.006129 0.3128 1362.2867 2.595e-01 6.800e-03 7.342e-02 2.697e-01 1398.0897 2.663e-01 6.800e-03 1.361e-01 2.991e-01 0
20240213.500 2460354.000 2460353.535667 0.0036 1362.3621 2.597e-01 6.800e-03 4.105e-02 2.629e-01 1397.8961 2.664e-01 6.800e-03 4.054e-02 2.695e-01 0
20240214.500 2460355.000 2460355.035830 0.2640 1362.7736 2.597e-01 6.800e-03 9.368e-02 2.761e-01 1397.5374 2.664e-01 6.800e-03 6.968e-02 2.753e-01 0
20240215.500 2460356.000 2460355.996808 0.2925 1362.9958 2.599e-01 6.800e-03 6.433e-02 2.678e-01 1397.2551 2.665e-01 6.800e-03 1.297e-01 2.963e-01 0
20240216.500 2460357.000 2460356.989246 0.3010 1363.0911 2.601e-01 6.800e-03 5.343e-02 2.655e-01 1396.8171 2.665e-01 6.800e-03 1.801e-01 3.216e-01 0
20240217.500 2460358.000 2460357.589095 0.0472 1363.0775 2.601e-01 6.800e-03 4.188e-02 2.634e-01 1396.4752 2.664e-01 6.800e-03 5.244e-02 2.716e-01 0
20240218.500 2460359.000 2460359.148750 0.2035 1362.8085 2.602e-01 6.800e-03 5.123e-02 2.652e-01 1395.3279 2.664e-01 6.800e-03 1.415e-01 3.016e-01 0
20240219.500 2460360.000 2460359.966019 0.3024 1362.8149 2.602e-01 6.800e-03 4.953e-02 2.648e-01 1394.8669 2.663e-01 6.800e-03 1.937e-01 3.293e-01 0
20240220.500 2460361.000 2460360.983318 0.2805 1362.7111 2.603e-01 6.800e-03 8.169e-02 2.728e-01 1394.1684 2.663e-01 6.800e-03 2.375e-01 3.568e-01 0
20240221.500 2460362.000 2460361.973418 0.2795 1362.4045 2.602e-01 6.800e-03 1.210e-01 2.870e-01 1393.2666 2.661e-01 6.800e-03 2.858e-01 3.905e-01 0
20240222.500 2460363.000 2460362.976731 0.3025 1362.1011 2.603e-01 6.800e-03 7.661e-02 2.713e-01 1392.3485 2.661e-01 6.800e-03 2.525e-01 3.668e-01 0
20240223.500 2460364.000 2460364.002298 0.2849 1361.8272 2.602e-01 6.800e-03 9.595e-02 2.774e-01 1391.4352 2.659e-01 6.800e-03 2.647e-01 3.752e-01 0
20240224.500 2460365.000 2460365.000000 0.0000    0.0000 0.000e+00 0.000e+00 0.000e+00 0.000e+00    0.0000 0.000e+00 0.000e+00 0.000e+00 0.000e+00 0
20240225.500 2460366.000 2460366.035333 0.2632 1361.4054 2.603e-01 6.800e-03 5.728e-02 2.665e-01 1389.7120 2.657e-01 6.800e-03 1.886e-01 3.259e-01 0
20240226.500 2460367.000 2460367.002083 0.2892 1361.4803 2.605e-01 6.800e-03 9.057e-02 2.757e-01 1389.1572 2.657e-01 6.800e-03 1.252e-01 2.938e-01 0
20240227.500 2460368.000 2460368.023229 0.2863 1361.7370 2.605e-01 6.800e-03 7.783e-02 2.719e-01 1388.7410 2.657e-01 6.800e-03 1.376e-01 2.992e-01 0
20240228.500 2460369.000 2460369.000687 0.2945 1361.9225 2.607e-01 6.800e-03 6.153e-02 2.678e-01 1388.2707 2.657e-01 6.800e-03 1.884e-01 3.257e-01 0
20240229.500 2460370.000 2460369.912370 0.2907 1362.0979 2.608e-01 6.800e-03 7.176e-02 2.705e-01 1387.8258 2.658e-01 6.800e-03 1.540e-01 3.072e-01 0
20240301.500 2460371.000 2460370.963302 0.3052 1362.2459 2.609e-01 6.800e-03 8.059e-02 2.730e-01 1387.2478 2.657e-01 6.800e-03 1.649e-01 3.127e-01 0
20240302.500 2460372.000 2460372.044830 0.3078 1362.5029 2.611e-01 6.800e-03 9.876e-02 2.791e-01 1386.7498 2.657e-01 6.800e-03 1.339e-01 2.976e-01 0
20240303.500 2460373.000 2460372.619943 0.0884 1362.6530 2.611e-01 6.800e-03 5.065e-02 2.660e-01 1386.4951 2.657e-01 6.800e-03 4.533e-02 2.695e-01 0
20240304.500 2460374.000 2460373.895774 0.0345 1363.0416 2.613e-01 6.800e-03 4.220e-02 2.647e-01 1385.9778 2.657e-01 6.800e-03 5.483e-02 2.713e-01 0
20240305.500 2460375.000 2460374.715331 0.0007 1363.0117 2.613e-01 6.800e-03 2.116e-02 2.621e-01 1385.3560 2.656e-01 6.800e-03 2.205e-02 2.665e-01 0
20240306.500 2460376.000 2460376.213783 0.1843 1362.6558 2.614e-01 6.800e-03 7.945e-02 2.732e-01 1383.9056 2.654e-01 6.800e-03 2.029e-01 3.341e-01 0
20240307.500 2460377.000 2460376.951518 0.2909 1362.5218 2.613e-01 6.800e-03 6.483e-02 2.693e-01 1383.2307 2.653e-01 6.800e-03 2.308e-01 3.517e-01 0
20240308.500 2460378.000 2460377.967935 0.3083 1362.5828 2.615e-01 6.800e-03 5.293e-02 2.668e-01 1382.5485 2.653e-01 6.800e-03 2.168e-01 3.426e-01 0
20240309.500 2460379.000 2460378.994104 0.2984 1362.6783 2.615e-01 6.800e-03 6.956e-02 2.706e-01 1381.8926 2.652e-01 6.800e-03 1.776e-01 3.192e-01 0
20240310.500 2460380.000 2460379.840731 0.1860 1362.7938 2.617e-01 6.800e-03 5.433e-02 2.672e-01 1381.3881 2.652e-01 6.800e-03 1.285e-01 2.947e-01 0
20240311.500 2460381.000 2460381.000000 0.0000    0.0000 0.000e+00 0.000e+00 0.000e+00 0.000e+00    0.0000 0.000e+00 0.000e+00 0.000e+00 0.000e+00 0
20240312.500 2460382.000 2460382.325448 0.0865 1363.0238 2.618e-01 6.800e-03 4.763e-02 2.661e-01 1379.7950 2.651e-01 6.800e-03 8.783e-02 2.792e-01 0
20240313.500 2460383.000 2460383.040065 0.2741 1363.0547 2.620e-01 6.800e-03 5.867e-02 2.685e-01 1379.3004 2.651e-01 6.800e-03 2.347e-01 3.541e-01 0
20240314.500 2460384.000 2460383.784220 0.1773 1362.9999 2.620e-01 6.800e-03 7.315e-02 2.720e-01 1378.6969 2.650e-01 6.800e-03 1.926e-01 3.276e-01 0
20240315.500 2460385.000 2460385.266428 0.1932 1362.8226 2.621e-01 6.800e-03 2.767e-02 2.635e-01 1377.4231 2.649e-01 6.800e-03 1.377e-01 2.985e-01 0
20240316.500 2460386.000 2460385.973462 0.2624 1362.7129 2.620e-01 6.800e-03 7.105e-02 2.715e-01 1376.7885 2.648e-01 6.800e-03 2.465e-01 3.617e-01 0
20240317.500 2460387.000 2460386.970415 0.3065 1362.7295 2.622e-01 6.800e-03 6.255e-02 2.695e-01 1376.0641 2.648e-01 6.800e-03 1.850e-01 3.230e-01 0
20240318.500 2460388.000 2460388.050350 0.2844 1362.9118 2.622e-01 6.800e-03 6.313e-02 2.697e-01 1375.4414 2.646e-01 6.800e-03 1.861e-01 3.235e-01 0
20240319.500 2460389.000 2460389.056308 0.2979 1362.9712 2.624e-01 6.800e-03 5.164e-02 2.674e-01 1374.7456 2.646e-01 6.800e-03 2.033e-01 3.337e-01 0
20240320.500 2460390.000 2460389.946885 0.2919 1362.9277 2.624e-01 6.800e-03 5.778e-02 2.687e-01 1374.0291 2.645e-01 6.800e-03 2.539e-01 3.667e-01 0
20240321.500 2460391.000 2460390.558751 0.0324 1362.8607 2.625e-01 6.800e-03 3.962e-02 2.655e-01 1373.4975 2.645e-01 6.800e-03 4.475e-02 2.683e-01 0
20240322.500 2460392.000 2460392.000000 0.0000    0.0000 0.000e+00 0.000e+00 0.000e+00 0.000e+00    0.0000 0.000e+00 0.000e+00 0.000e+00 0.000e+00 0
20240323.500 2460393.000 2460392.805538 0.0352 1361.8336 2.624e-01 6.800e-03 5.152e-02 2.674e-01 1370.7436 2.641e-01 6.800e-03 7.244e-02 2.739e-01 0
20240324.500 2460394.000 2460394.259470 0.1418 1361.5445 2.625e-01 6.800e-03 4.496e-02 2.663e-01 1369.3274 2.640e-01 6.800e-03 1.243e-01 2.918e-01 0
20240325.500 2460395.000 2460394.529861 0.0076 1361.5364 2.625e-01 6.800e-03 3.875e-02 2.653e-01 1369.1089 2.640e-01 6.800e-03 3.785e-02 2.667e-01 0
20240326.500 2460396.000 2460396.000000 0.0000    0.0000 0.000e+00 0.000e+00 0.000e+00 0.000e+00    0.0000 0.000e+00 0.000e+00 0.000e+00 0.000e+00 0
20240327.500 2460397.000 2460397.102906 0.2345 1362.2560 2.628e-01 6.800e-03 6.958e-02 2.718e-01 1367.8127 2.639e-01 6.800e-03 1.486e-01 3.028e-01 0
20240328.500 2460398.000 2460398.011260 0.2916 1362.4433 2.630e-01 6.800e-03 9.610e-02 2.800e-01 1367.2811 2.639e-01 6.800e-03 1.576e-01 3.074e-01 0
20240329.500 2460399.000 2460398.654932 0.1004 1362.6299 2.630e-01 6.800e-03 5.654e-02 2.690e-01 1366.9567 2.638e-01 6.800e-03 6.024e-02 2.706e-01 0
20240330.500 2460400.000 2460400.251868 0.1462 1362.8744 2.632e-01 6.800e-03 4.886e-02 2.677e-01 1365.9274 2.638e-01 6.800e-03 1.100e-01 2.858e-01 0
20240331.500 2460401.000 2460400.929620 0.3168 1362.9214 2.632e-01 6.800e-03 4.329e-02 2.667e-01 1365.4318 2.637e-01 6.800e-03 2.622e-01 3.719e-01 0
20240401.500 2460402.000 2460401.689988 0.0982 1362.9002 2.633e-01 6.800e-03 4.446e-02 2.670e-01 1364.8013 2.637e-01 6.800e-03 7.880e-02 2.752e-01 0
20240402.500 2460403.000 2460403.210025 0.1783 1362.8336 2.633e-01 6.800e-03 5.246e-02 2.685e-01 1363.5163 2.634e-01 6.800e-03 1.553e-01 3.058e-01 0
20240403.500 2460404.000 2460404.001300 0.2860 1362.7988 2.634e-01 6.800e-03 5.379e-02 2.689e-01 1362.8482 2.634e-01 6.800e-03 2.495e-01 3.628e-01 0
20240404.500 2460405.000 2460404.982181 0.2864 1362.7043 2.635e-01 6.800e-03 6.934e-02 2.725e-01 1361.9706 2.634e-01 6.800e-03 2.782e-01 3.831e-01 0
20240405.500 2460406.000 2460405.997148 0.2842 1362.5463 2.635e-01 6.800e-03 6.000e-02 2.703e-01 1361.0057 2.632e-01 6.800e-03 2.567e-01 3.677e-01 0
20240406.500 2460407.000 2460406.567605 0.0326 1362.6071 2.637e-01 6.800e-03 5.305e-02 2.689e-01 1360.6145 2.633e-01 6.800e-03 4.372e-02 2.669e-01 0
20240407.500 2460408.000 2460408.106926 0.2255 1362.6576 2.637e-01 6.800e-03 4.741e-02 2.679e-01 1359.4545 2.631e-01 6.800e-03 1.670e-01 3.116e-01 0
20240408.500 2460409.000 2460408.948405 0.2712 1362.6743 2.638e-01 6.800e-03 4.510e-02 2.676e-01 1358.8154 2.631e-01 6.800e-03 2.266e-01 3.472e-01 0
20240409.500 2460410.000 2460409.940886 0.3364 1362.6067 2.638e-01 6.800e-03 6.861e-02 2.726e-01 1357.9805 2.629e-01 6.800e-03 3.107e-01 4.070e-01 0
20240410.500 2460411.000 2460410.956559 0.2663 1362.4954 2.639e-01 6.800e-03 4.975e-02 2.686e-01 1357.0904 2.629e-01 6.800e-03 2.226e-01 3.444e-01 0
20240411.500 2460412.000 2460411.982627 0.2823 1362.4110 2.639e-01 6.800e-03 6.090e-02 2.708e-01 1356.2260 2.627e-01 6.800e-03 2.586e-01 3.687e-01 0
20240412.500 2460413.000 2460412.968902 0.2802 1362.4266 2.640e-01 6.800e-03 5.282e-02 2.693e-01 1355.4973 2.627e-01 6.800e-03 1.900e-01 3.242e-01 0
20240413.500 2460414.000 2460413.968711 0.2762 1362.5956 2.641e-01 6.800e-03 8.190e-02 2.765e-01 1354.9161 2.626e-01 6.800e-03 1.609e-01 3.080e-01 0
20240414.500 2460415.000 2460414.987012 0.2717 1362.8645 2.643e-01 6.800e-03 5.955e-02 2.709e-01 1354.4252 2.626e-01 6.800e-03 1.693e-01 3.125e-01 0
20240415.500 2460416.000 2460416.003483 0.2837 1363.0359 2.644e-01 6.800e-03 6.437e-02 2.722e-01 1353.8428 2.626e-01 6.800e-03 1.836e-01 3.205e-01 0
20240416.500 2460417.000 2460416.985887 0.2773 1363.0560 2.644e-01 6.800e-03 5.292e-02 2.697e-01 1353.1388 2.625e-01 6.800e-03 2.246e-01 3.455e-01 0
20240417.500 2460418.000 2460417.948655 0.2853 1362.9493 2.645e-01 6.800e-03 1.032e-01 2.840e-01 1352.3266 2.625e-01 6.800e-03 2.984e-01 3.975e-01 0
20240418.500 2460419.000 2460418.972673 0.3029 1362.5916 2.645e-01 6.800e-03 1.021e-01 2.835e-01 1351.2234 2.623e-01 6.800e-03 3.103e-01 4.063e-01 0
20240419.500 2460420.000 2460419.990192 0.2706 1362.2463 2.645e-01 6.800e-03 1.131e-01 2.877e-01 1350.1401 2.622e-01 6.800e-03 3.027e-01 4.005e-01 0
20240420.500 2460421.000 2460420.963237 0.2794 1362.2339 2.645e-01 6.800e-03 9.912e-02 2.825e-01 1349.4215 2.621e-01 6.800e-03 1.348e-01 2.947e-01 0
20240421.500 2460422.000 2460422.001629 0.2675 1362.6168 2.648e-01 6.800e-03 1.202e-01 2.908e-01 1349.0488 2.621e-01 6.800e-03 9.862e-02 2.801e-01 0
20240422.500 2460423.000 2460423.012629 0.2973 1362.8447 2.648e-01 6.800e-03 4.856e-02 2.692e-01 1348.5439 2.620e-01 6.800e-03 1.968e-01 3.277e-01 0
20240423.500 2460424.000 2460424.011622 0.2751 1362.9724 2.650e-01 6.800e-03 9.472e-02 2.814e-01 1347.9502 2.620e-01 6.800e-03 1.344e-01 2.945e-01 0
20240424.500 2460425.000 2460424.983278 0.2785 1363.1671 2.650e-01 6.800e-03 5.336e-02 2.703e-01 1347.4439 2.619e-01 6.800e-03 1.867e-01 3.217e-01 0
20240425.500 2460426.000 2460425.768362 0.1488 1363.1517 2.651e-01 6.800e-03 5.583e-02 2.709e-01 1346.8653 2.620e-01 6.800e-03 1.355e-01 2.949e-01 0
20240426.500 2460427.000 2460427.000000 0.0000    0.0000 0.000e+00 0.000e+00 0.000e+00 0.000e+00    0.0000 0.000e+00 0.000e+00 0.000e+00 0.000e+00 0
20240427.500 2460428.000 2460428.086985 0.2409 1362.4849 2.651e-01 6.800e-03 1.065e-01 2.857e-01 1344.5519 2.616e-01 6.800e-03 2.655e-01 3.727e-01 0
20240428.500 2460429.000 2460428.769125 0.1639 1362.3149 2.652e-01 6.800e-03 7.533e-02 2.757e-01 1343.9003 2.617e-01 6.800e-03 1.766e-01 3.157e-01 0
20240429.500 2460430.000 2460430.396143 0.0542 1362.3514 2.654e-01 6.800e-03 4.906e-02 2.699e-01 1342.7896 2.616e-01 6.800e-03 4.171e-02 2.649e-01 0
20240430.500 2460431.000 2460431.041969 0.3087 1362.5298 2.654e-01 6.800e-03 8.844e-02 2.798e-01 1342.5140 2.615e-01 6.800e-03 1.603e-01 3.067e-01 0
20240501.500 2460432.000 2460431.978177 0.2778 1362.6997 2.655e-01 6.800e-03 6.649e-02 2.737e-01 1342.0308 2.614e-01 6.800e-03 1.864e-01 3.211e-01 0
20240502.500 2460433.000 2460432.744085 0.1252 1362.6295 2.656e-01 6.800e-03 5.629e-02 2.715e-01 1341.4334 2.614e-01 6.800e-03 1.290e-01 2.915e-01 0
20240503.500 2460434.000 2460434.306819 0.1102 1361.9988 2.655e-01 6.800e-03 5.637e-02 2.714e-01 1339.7499 2.611e-01 6.800e-03 1.173e-01 2.863e-01 0
20240504.500 2460435.000 2460434.984823 0.2811 1361.5946 2.655e-01 6.800e-03 1.520e-01 3.059e-01 1338.8984 2.611e-01 6.800e-03 3.315e-01 4.220e-01 0
20240505.500 2460436.000 2460436.014505 0.3001 1361.3861 2.655e-01 6.800e-03 5.347e-02 2.708e-01 1338.0125 2.609e-01 6.800e-03 1.950e-01 3.257e-01 0
20240506.500 2460437.000 2460436.983353 0.2969 1361.4188 2.656e-01 6.800e-03 6.024e-02 2.724e-01 1337.4143 2.609e-01 6.800e-03 1.831e-01 3.188e-01 0
20240507.500 2460438.000 2460438.008703 0.2926 1361.1403 2.657e-01 6.800e-03 1.719e-01 3.164e-01 1336.4854 2.609e-01 6.800e-03 3.504e-01 4.369e-01 0
20240508.500 2460439.000 2460438.993484 0.3775 1360.7327 2.656e-01 6.800e-03 1.143e-01 2.891e-01 1335.4678 2.607e-01 6.800e-03 3.412e-01 4.294e-01 0
20240509.500 2460440.000 2460439.743718 0.2476 1360.5872 2.657e-01 6.800e-03 7.359e-02 2.757e-01 1334.8617 2.607e-01 6.800e-03 9.905e-02 2.789e-01 0
20240510.500 2460441.000 2460441.000000 0.0000    0.0000 0.000e+00 0.000e+00 0.000e+00 0.000e+00    0.0000 0.000e+00 0.000e+00 0.000e+00 0.000e+00 0
20240511.500 2460442.000 2460442.000000 0.0000    0.0000 0.000e+00 0.000e+00 0.000e+00 0.000e+00    0.0000 0.000e+00 0.000e+00 0.000e+00 0.000e+00 0
20240512.500 2460443.000 2460443.000000 0.0000    0.0000 0.000e+00 0.000e+00 0.000e+00 0.000e+00    0.0000 0.000e+00 0.000e+00 0.000e+00 0.000e+00 0
20240513.500 2460444.000 2460444.000000 0.0000    0.0000 0.000e+00 0.000e+00 0.000e+00 0.000e+00    0.0000 0.000e+00 0.000e+00 0.000e+00 0.000e+00 0
20240514.500 2460445.000 2460445.000000 0.0000    0.0000 0.000e+00 0.000e+00 0.000e+00 0.000e+00    0.0000 0.000e+00 0.000e+00 0.000e+00 0.000e+00 0
20240515.500 2460446.000 2460446.000000 0.0000    0.0000 0.000e+00 0.000e+00 0.000e+00 0.000e+00    0.0000 0.000e+00 0.000e+00 0.000e+00 0.000e+00 0
20240516.500 2460447.000 2460447.000000 0.0000    0.0000 0.000e+00 0.000e+00 0.000e+00 0.000e+00    0.0000 0.000e+00 0.000e+00 0.000e+00 0.000e+00 0
20240517.500 2460448.000 2460448.000000 0.0000    0.0000 0.000e+00 0.000e+00 0.000e+00 0.000e+00    0.0000 0.000e+00 0.000e+00 0.000e+00 0.000e+00 0
20240518.500 2460449.000 2460449.180883 0.1460 1363.1389 2.669e-01 6.800e-03 6.566e-02 2.749e-01 1332.0369 2.608e-01 6.800e-03 1.193e-01 2.868e-01 0
20240519.500 2460450.000 2460450.042053 0.3069 1363.0339 2.669e-01 6.800e-03 5.318e-02 2.721e-01 1331.4870 2.607e-01 6.800e-03 1.907e-01 3.230e-01 0
20240520.500 2460451.000 2460451.014596 0.2840 1362.8954 2.670e-01 6.800e-03 6.776e-02 2.755e-01 1330.8525 2.607e-01 6.800e-03 1.915e-01 3.235e-01 0
20240521.500 2460452.000 2460451.978246 0.3214 1362.6560 2.669e-01 6.800e-03 1.165e-01 2.913e-01 1330.1307 2.606e-01 6.800e-03 2.692e-01 3.746e-01 0
20240522.500 2460453.000 2460453.006870 0.2740 1362.3821 2.670e-01 6.800e-03 5.923e-02 2.735e-01 1329.3489 2.606e-01 6.800e-03 1.637e-01 3.077e-01 0
20240523.500 2460454.000 2460453.708282 0.1189 1362.4191 2.670e-01 6.800e-03 5.697e-02 2.730e-01 1329.0378 2.605e-01 6.800e-03 6.269e-02 2.679e-01 0
20240524.500 2460455.000 2460455.000000 0.0000    0.0000 0.000e+00 0.000e+00 0.000e+00 0.000e+00    0.0000 0.000e+00 0.000e+00 0.000e+00 0.000e+00 0
20240525.500 2460456.000 2460456.000000 0.0000    0.0000 0.000e+00 0.000e+00 0.000e+00 0.000e+00    0.0000 0.000e+00 0.000e+00 0.000e+00 0.000e+00 0
20240526.500 2460457.000 2460457.180809 0.1771 1362.6229 2.673e-01 6.800e-03 4.689e-02 2.714e-01 1327.5659 2.605e-01 6.800e-03 1.106e-01 2.830e-01 0
20240527.500 2460458.000 2460458.017185 0.2894 1362.5487 2.673e-01 6.800e-03 5.327e-02 2.726e-01 1327.1040 2.604e-01 6.800e-03 1.564e-01 3.038e-01 0
20240528.500 2460459.000 2460458.658327 0.0911 1362.5112 2.675e-01 6.800e-03 4.270e-02 2.708e-01 1326.7719 2.604e-01 6.800e-03 7.030e-02 2.698e-01 0
20240529.500 2460460.000 2460460.208346 0.1663 1362.4622 2.676e-01 6.800e-03 5.777e-02 2.738e-01 1326.0250 2.604e-01 6.800e-03 7.725e-02 2.716e-01 0
20240530.500 2460461.000 2460461.002582 0.2900 1362.5673 2.676e-01 6.800e-03 6.361e-02 2.751e-01 1325.7781 2.604e-01 6.800e-03 1.044e-01 2.805e-01 0
20240531.500 2460462.000 2460461.973349 0.2692 1362.5748 2.677e-01 6.800e-03 7.457e-02 2.779e-01 1325.3671 2.604e-01 6.800e-03 1.721e-01 3.121e-01 0
20240601.500 2460463.000 2460463.000000 0.0000    0.0000 0.000e+00 0.000e+00 0.000e+00 0.000e+00    0.0000 0.000e+00 0.000e+00 0.000e+00 0.000e+00 0
20240602.500 2460464.000 2460464.000000 0.0000    0.0000 0.000e+00 0.000e+00 0.000e+00 0.000e+00    0.0000 0.000e+00 0.000e+00 0.000e+00 0.000e+00 0
20240603.500 2460465.000 2460465.058077 0.2789 1362.4548 2.679e-01 6.800e-03 7.445e-02 2.780e-01 1323.9975 2.603e-01 6.800e-03 7.728e-02 2.715e-01 0
20240604.500 2460466.000 2460466.015364 0.2924 1362.5032 2.680e-01 6.800e-03 5.500e-02 2.736e-01 1323.6819 2.604e-01 6.800e-03 9.330e-02 2.766e-01 0
20240605.500 2460467.000 2460466.891666 0.2269 1362.6061 2.680e-01 6.800e-03 6.025e-02 2.747e-01 1323.4615 2.603e-01 6.800e-03 6.178e-02 2.676e-01 0
20240606.500 2460468.000 2460467.721799 0.0425 1362.6999 2.682e-01 6.800e-03 5.478e-02 2.737e-01 1323.2594 2.604e-01 6.800e-03 4.730e-02 2.647e-01 0
20240607.500 2460469.000 2460469.351689 0.0848 1363.0778 2.684e-01 6.800e-03 4.304e-02 2.718e-01 1323.0816 2.605e-01 6.800e-03 5.094e-02 2.654e-01 0
20240608.500 2460470.000 2460470.000000 0.0000    0.0000 0.000e+00 0.000e+00 0.000e+00 0.000e+00    0.0000 0.000e+00 0.000e+00 0.000e+00 0.000e+00 0
20240609.500 2460471.000 2460471.000000 0.0000    0.0000 0.000e+00 0.000e+00 0.000e+00 0.000e+00    0.0000 0.000e+00 0.000e+00 0.000e+00 0.000e+00 0
20240610.500 2460472.000 2460472.008773 0.2795 1363.1891 2.685e-01 6.800e-03 6.462e-02 2.762e-01 1322.3860 2.605e-01 6.800e-03 1.279e-01 2.902e-01 0
20240611.500 2460473.000 2460472.997637 0.2899 1363.0958 2.687e-01 6.800e-03 5.023e-02 2.733e-01 1322.0215 2.606e-01 6.800e-03 8.867e-02 2.752e-01 0
20240612.500 2460474.000 2460474.002917 0.2860 1363.0629 2.687e-01 6.800e-03 5.636e-02 2.745e-01 1321.7244 2.605e-01 6.800e-03 9.242e-02 2.764e-01 0
20240613.500 2460475.000 2460474.955936 0.3317 1362.9863 2.688e-01 6.800e-03 8.174e-02 2.809e-01 1321.4108 2.606e-01 6.800e-03 1.525e-01 3.019e-01 0
20240614.500 2460476.000 2460476.021498 0.2937 1362.5915 2.687e-01 6.800e-03 1.347e-01 3.006e-01 1320.7732 2.605e-01 6.800e-03 1.956e-01 3.258e-01 0
20240615.500 2460477.000 2460476.559162 0.0331 1362.3766 2.688e-01 6.800e-03 4.391e-02 2.724e-01 1320.4410 2.605e-01 6.800e-03 4.638e-02 2.646e-01 0
20240616.500 2460478.000 2460478.417476 0.0270 1361.9140 2.688e-01 6.800e-03 5.936e-02 2.753e-01 1319.5908 2.605e-01 6.800e-03 6.142e-02 2.676e-01 0
20240617.500 2460479.000 2460478.965414 0.2571 1361.7362 2.688e-01 6.800e-03 1.091e-01 2.901e-01 1319.3075 2.604e-01 6.800e-03 1.533e-01 3.022e-01 0
20240618.500 2460480.000 2460480.014535 0.2872 1361.4779 2.689e-01 6.800e-03 6.483e-02 2.766e-01 1318.8521 2.605e-01 6.800e-03 1.046e-01 2.807e-01 0
20240619.500 2460481.000 2460480.997072 0.2834 1361.1650 2.688e-01 6.800e-03 8.556e-02 2.821e-01 1318.3663 2.604e-01 6.800e-03 1.256e-01 2.891e-01 0
20240620.500 2460482.000 2460482.018815 0.2714 1361.2019 2.690e-01 6.800e-03 1.219e-01 2.953e-01 1318.2214 2.605e-01 6.800e-03 8.019e-02 2.725e-01 0
20240621.500 2460483.000 2460483.021107 0.2858 1361.7656 2.691e-01 6.800e-03 1.990e-01 3.347e-01 1318.5988 2.606e-01 6.800e-03 1.480e-01 2.996e-01 0
20240622.500 2460484.000 2460484.006815 0.2875 1362.3539 2.693e-01 6.800e-03 1.732e-01 3.202e-01 1319.0111 2.608e-01 6.800e-03 1.260e-01 2.896e-01 0
20240623.500 2460485.000 2460485.000257 0.2892 1362.6526 2.694e-01 6.800e-03 5.032e-02 2.741e-01 1319.1499 2.608e-01 6.800e-03 5.647e-02 2.668e-01 0
20240624.500 2460486.000 2460485.940368 0.3333 1362.5711 2.695e-01 6.800e-03 5.519e-02 2.751e-01 1318.9366 2.609e-01 6.800e-03 7.983e-02 2.728e-01 0
20240625.500 2460487.000 2460486.957771 0.2678 1362.6202 2.695e-01 6.800e-03 7.127e-02 2.788e-01 1318.8473 2.609e-01 6.800e-03 5.272e-02 2.661e-01 0
20240626.500 2460488.000 2460488.068021 0.2470 1362.7168 2.697e-01 6.800e-03 5.463e-02 2.752e-01 1318.8028 2.610e-01 6.800e-03 5.043e-02 2.658e-01 0
20240627.500 2460489.000 2460488.943095 0.2828 1362.7624 2.698e-01 6.800e-03 5.109e-02 2.746e-01 1318.7471 2.611e-01 6.800e-03 5.973e-02 2.679e-01 0
20240628.500 2460490.000 2460489.971712 0.2611 1362.7461 2.698e-01 6.800e-03 6.696e-02 2.780e-01 1318.6247 2.611e-01 6.800e-03 5.703e-02 2.672e-01 0
20240629.500 2460491.000 2460490.951256 0.2771 1362.9939 2.700e-01 6.800e-03 9.707e-02 2.869e-01 1318.7748 2.612e-01 6.800e-03 7.494e-02 2.718e-01 0
20240630.500 2460492.000 2460492.478097 0.0009 1363.0649 2.702e-01 6.800e-03 9.804e-03 2.703e-01 1318.7279 2.614e-01 6.800e-03 9.472e-03 2.615e-01 0
20240701.500 2460493.000 2460492.934977 0.3592 1363.0550 2.702e-01 6.800e-03 5.327e-02 2.754e-01 1318.6911 2.614e-01 6.800e-03 5.584e-02 2.673e-01 0
20240702.500 2460494.000 2460493.857581 0.3435 1363.0713 2.702e-01 6.800e-03 5.486e-02 2.757e-01 1318.6593 2.614e-01 6.800e-03 4.486e-02 2.652e-01 0
20240703.500 2460495.000 2460494.929641 0.2483 1363.1208 2.703e-01 6.800e-03 5.477e-02 2.758e-01 1318.6677 2.615e-01 6.800e-03 5.501e-02 2.672e-01 0
20240704.500 2460496.000 2460496.043552 0.2518 1363.0120 2.703e-01 6.800e-03 5.343e-02 2.755e-01 1318.5408 2.615e-01 6.800e-03 5.277e-02 2.667e-01 0
20240705.500 2460497.000 2460497.000949 0.2842 1363.0956 2.704e-01 6.800e-03 6.304e-02 2.777e-01 1318.6190 2.616e-01 6.800e-03 6.172e-02 2.688e-01 0
20240706.500 2460498.000 2460497.881573 0.2845 1363.0838 2.704e-01 6.800e-03 4.753e-02 2.746e-01 1318.6180 2.616e-01 6.800e-03 4.365e-02 2.652e-01 0
20240707.500 2460499.000 2460498.653690 0.1129 1363.0067 2.706e-01 6.800e-03 4.389e-02 2.741e-01 1318.5621 2.617e-01 6.800e-03 4.149e-02 2.650e-01 0
20240708.500 2460500.000 2460500.000000 0.0000    0.0000 0.000e+00 0.000e+00 0.000e+00 0.000e+00    0.0000 0.000e+00 0.000e+00 0.000e+00 0.000e+00 0
20240709.500 2460501.000 2460501.000000 0.0000    0.0000 0.000e+00 0.000e+00 0.000e+00 0.000e+00    0.0000 0.000e+00 0.000e+00 0.000e+00 0.000e+00 0
20240710.500 2460502.000 2460502.000000 0.0000    0.0000 0.000e+00 0.000e+00 0.000e+00 0.000e+00    0.0000 0.000e+00 0.000e+00 0.000e+00 0.000e+00 0
20240711.500 2460503.000 2460503.000000 0.0000    0.0000 0.000e+00 0.000e+00 0.000e+00 0.000e+00    0.0000 0.000e+00 0.000e+00 0.000e+00 0.000e+00 0
20240712.500 2460504.000 2460504.000000 0.0000    0.0000 0.000e+00 0.000e+00 0.000e+00 0.000e+00    0.0000 0.000e+00 0.000e+00 0.000e+00 0.000e+00 0
20240713.500 2460505.000 2460505.278997 0.1324 1362.4725 2.709e-01 6.800e-03 3.811e-02 2.735e-01 1318.5764 2.621e-01 6.800e-03 3.818e-02 2.649e-01 0
20240714.500 2460506.000 2460506.079669 0.2703 1362.6234 2.710e-01 6.800e-03 9.116e-02 2.859e-01 1318.8272 2.623e-01 6.800e-03 1.219e-01 2.893e-01 0
20240715.500 2460507.000 2460507.016449 0.2790 1362.8760 2.711e-01 6.800e-03 7.350e-02 2.809e-01 1319.2036 2.624e-01 6.800e-03 1.055e-01 2.828e-01 0
20240716.500 2460508.000 2460508.013595 0.3001 1363.1490 2.713e-01 6.800e-03 1.198e-01 2.965e-01 1319.6192 2.626e-01 6.800e-03 1.604e-01 3.077e-01 0
20240717.500 2460509.000 2460509.015258 0.2796 1363.3558 2.714e-01 6.800e-03 5.403e-02 2.768e-01 1319.9818 2.628e-01 6.800e-03 8.558e-02 2.764e-01 0
20240718.500 2460510.000 2460509.994630 0.2909 1363.2889 2.714e-01 6.800e-03 8.804e-02 2.854e-01 1320.0856 2.628e-01 6.800e-03 5.628e-02 2.688e-01 0
20240719.500 2460511.000 2460511.006324 0.2811 1363.0875 2.715e-01 6.800e-03 9.196e-02 2.867e-01 1320.0741 2.630e-01 6.800e-03 6.152e-02 2.701e-01 0
20240720.500 2460512.000 2460511.959959 0.3000 1362.9103 2.715e-01 6.800e-03 9.923e-02 2.891e-01 1320.0836 2.630e-01 6.800e-03 5.400e-02 2.684e-01 0
20240721.500 2460513.000 2460512.944387 0.2661 1362.7094 2.716e-01 6.800e-03 5.188e-02 2.765e-01 1320.0837 2.631e-01 6.800e-03 7.680e-02 2.741e-01 0
20240722.500 2460514.000 2460514.043342 0.2916 1362.7739 2.716e-01 6.800e-03 5.862e-02 2.779e-01 1320.3730 2.632e-01 6.800e-03 1.068e-01 2.840e-01 0
20240723.500 2460515.000 2460515.064107 0.2905 1363.0309 2.718e-01 6.800e-03 8.625e-02 2.851e-01 1320.8414 2.634e-01 6.800e-03 1.393e-01 2.979e-01 0
20240724.500 2460516.000 2460515.999470 0.2999 1363.1388 2.718e-01 6.800e-03 5.772e-02 2.779e-01 1321.1547 2.634e-01 6.800e-03 6.454e-02 2.712e-01 0
20240725.500 2460517.000 2460516.978769 0.2644 1363.0225 2.719e-01 6.800e-03 6.506e-02 2.796e-01 1321.2686 2.636e-01 6.800e-03 5.169e-02 2.686e-01 0
20240726.500 2460518.000 2460518.003662 0.2956 1362.6414 2.720e-01 6.800e-03 1.498e-01 3.105e-01 1321.1464 2.637e-01 6.800e-03 7.985e-02 2.755e-01 0
20240727.500 2460519.000 2460518.777542 0.1472 1362.3038 2.719e-01 6.800e-03 9.441e-02 2.878e-01 1321.0123 2.637e-01 6.800e-03 6.776e-02 2.722e-01 0
20240728.500 2460520.000 2460520.423068 0.0531 1361.2647 2.718e-01 6.800e-03 3.516e-02 2.741e-01 1320.4381 2.637e-01 6.800e-03 4.318e-02 2.672e-01 0
20240729.500 2460521.000 2460521.024489 0.2866 1361.2141 2.718e-01 6.800e-03 5.278e-02 2.769e-01 1320.5562 2.637e-01 6.800e-03 9.456e-02 2.802e-01 0
20240730.500 2460522.000 2460521.966361 0.2758 1361.4343 2.720e-01 6.800e-03 1.053e-01 2.917e-01 1321.0400 2.639e-01 6.800e-03 1.777e-01 3.182e-01 0
20240731.500 2460523.000 2460522.683893 0.1127 1361.5584 2.720e-01 6.800e-03 5.763e-02 2.781e-01 1321.3737 2.640e-01 6.800e-03 6.289e-02 2.714e-01 0
20240801.500 2460524.000 2460524.244603 0.1651 1362.1725 2.723e-01 6.800e-03 4.491e-02 2.760e-01 1322.4598 2.644e-01 6.800e-03 7.731e-02 2.754e-01 0
20240802.500 2460525.000 2460525.001990 0.2801 1362.2567 2.723e-01 6.800e-03 8.044e-02 2.839e-01 1322.7922 2.644e-01 6.800e-03 1.598e-01 3.090e-01 0
20240803.500 2460526.000 2460525.999526 0.2979 1362.3949 2.725e-01 6.800e-03 5.519e-02 2.780e-01 1323.2689 2.647e-01 6.800e-03 1.110e-01 2.870e-01 0
20240804.500 2460527.000 2460527.001570 0.2798 1362.2434 2.724e-01 6.800e-03 7.256e-02 2.819e-01 1323.4801 2.647e-01 6.800e-03 7.222e-02 2.744e-01 0
20240805.500 2460528.000 2460528.005326 0.2955 1362.0610 2.725e-01 6.800e-03 6.632e-02 2.805e-01 1323.6766 2.649e-01 6.800e-03 8.672e-02 2.787e-01 0
20240806.500 2460529.000 2460528.586259 0.0334 1361.9104 2.727e-01 6.800e-03 3.780e-02 2.753e-01 1323.7525 2.650e-01 6.800e-03 4.569e-02 2.689e-01 0
20240807.500 2460530.000 2460530.211789 0.1786 1361.4762 2.726e-01 6.800e-03 4.751e-02 2.767e-01 1323.9790 2.651e-01 6.800e-03 7.040e-02 2.743e-01 0
20240808.500 2460531.000 2460530.651584 0.0727 1361.4522 2.727e-01 6.800e-03 4.476e-02 2.763e-01 1324.1371 2.652e-01 6.800e-03 6.056e-02 2.721e-01 0
20240809.500 2460532.000 2460532.213921 0.1790 1361.8460 2.728e-01 6.800e-03 8.784e-02 2.866e-01 1325.1859 2.654e-01 6.800e-03 1.563e-01 3.081e-01 0
20240810.500 2460533.000 2460533.008885 0.2802 1362.1218 2.730e-01 6.800e-03 1.075e-01 2.934e-01 1325.8051 2.657e-01 6.800e-03 2.217e-01 3.460e-01 0
20240811.500 2460534.000 2460534.004105 0.2952 1362.2831 2.730e-01 6.800e-03 4.855e-02 2.773e-01 1326.4115 2.658e-01 6.800e-03 1.413e-01 3.011e-01 0
20240812.500 2460535.000 2460535.006948 0.2827 1362.1798 2.731e-01 6.800e-03 5.964e-02 2.796e-01 1326.7748 2.660e-01 6.800e-03 1.182e-01 2.911e-01 0
20240813.500 2460536.000 2460535.526095 0.0062 1362.1478 2.731e-01 6.800e-03 3.716e-02 2.756e-01 1326.9876 2.661e-01 6.800e-03 3.820e-02 2.688e-01 0
20240814.500 2460537.000 2460537.064161 0.2528 1362.5483 2.733e-01 6.800e-03 9.529e-02 2.895e-01 1328.1178 2.664e-01 6.800e-03 2.062e-01 3.369e-01 0
20240815.500 2460538.000 2460538.005990 0.2919 1362.7650 2.735e-01 6.800e-03 9.432e-02 2.893e-01 1328.7926 2.667e-01 6.800e-03 2.293e-01 3.517e-01 0
20240816.500 2460539.000 2460539.004665 0.2887 1362.8448 2.735e-01 6.800e-03 5.368e-02 2.787e-01 1329.3696 2.668e-01 6.800e-03 1.565e-01 3.093e-01 0
20240817.500 2460540.000 2460539.576750 0.0471 1362.8159 2.737e-01 6.800e-03 5.020e-02 2.782e-01 1329.6303 2.670e-01 6.800e-03 6.275e-02 2.743e-01 0
20240818.500 2460541.000 2460541.145150 0.2044 1362.6179 2.736e-01 6.800e-03 5.370e-02 2.788e-01 1330.2409 2.671e-01 6.800e-03 1.016e-01 2.858e-01 0
20240819.500 2460542.000 2460541.981420 0.3201 1362.4301 2.737e-01 6.800e-03 1.005e-01 2.916e-01 1330.4920 2.673e-01 6.800e-03 9.747e-02 2.845e-01 0
20240820.500 2460543.000 2460542.985925 0.3123 1362.1226 2.737e-01 6.800e-03 1.775e-01 3.262e-01 1330.7182 2.673e-01 6.800e-03 4.641e-02 2.713e-01 0
20240821.500 2460544.000 2460543.995307 0.3075 1361.6540 2.737e-01 6.800e-03 1.224e-01 2.998e-01 1330.7946 2.675e-01 6.800e-03 8.393e-02 2.803e-01 0
20240822.500 2460545.000 2460544.558029 0.0378 1361.4312 2.736e-01 6.800e-03 6.718e-02 2.818e-01 1330.8767 2.675e-01 6.800e-03 6.299e-02 2.748e-01 0
20240823.500 2460546.000 2460546.000000 0.0000    0.0000 0.000e+00 0.000e+00 0.000e+00 0.000e+00    0.0000 0.000e+00 0.000e+00 0.000e+00 0.000e+00 0
20240824.500 2460547.000 2460547.045233 0.2650 1361.4364 2.739e-01 6.800e-03 8.518e-02 2.869e-01 1332.2309 2.680e-01 6.800e-03 2.174e-01 3.451e-01 0
20240825.500 2460548.000 2460548.008592 0.2845 1361.7244 2.740e-01 6.800e-03 1.128e-01 2.963e-01 1333.0468 2.682e-01 6.800e-03 2.626e-01 3.753e-01 0
20240826.500 2460549.000 2460549.044914 0.3039 1362.0763 2.742e-01 6.800e-03 1.290e-01 3.030e-01 1333.9740 2.685e-01 6.800e-03 2.916e-01 3.964e-01 0
20240827.500 2460550.000 2460549.951350 0.3317 1362.5363 2.743e-01 6.800e-03 1.798e-01 3.280e-01 1334.9422 2.687e-01 6.800e-03 3.637e-01 4.522e-01 0
20240828.500 2460551.000 2460550.508607 0.0000 1362.8754 2.745e-01 6.800e-03 0.000e+00 2.745e-01 1335.5958 2.690e-01 6.800e-03 0.000e+00 2.690e-01 0
20240829.500 2460552.000 2460552.049872 0.2840 1363.2659 2.746e-01 6.800e-03 6.333e-02 2.818e-01 1336.8855 2.692e-01 6.800e-03 2.097e-01 3.413e-01 0
20240830.500 2460553.000 2460552.889294 0.2810 1363.2516 2.747e-01 6.800e-03 7.149e-02 2.838e-01 1337.3755 2.695e-01 6.800e-03 1.209e-01 2.954e-01 0
20240831.500 2460554.000 2460554.007443 0.2888 1363.1434 2.747e-01 6.800e-03 4.994e-02 2.792e-01 1337.9523 2.696e-01 6.800e-03 1.766e-01 3.223e-01 0
20240901.500 2460555.000 2460555.079224 0.2703 1363.1706 2.748e-01 6.800e-03 5.019e-02 2.794e-01 1338.6461 2.699e-01 6.800e-03 1.739e-01 3.211e-01 0
20240902.500 2460556.000 2460555.984182 0.2866 1363.1285 2.749e-01 6.800e-03 4.808e-02 2.791e-01 1339.1779 2.701e-01 6.800e-03 1.951e-01 3.332e-01 0
20240903.500 2460557.000 2460556.994810 0.2935 1363.1097 2.749e-01 6.800e-03 5.255e-02 2.799e-01 1339.8100 2.702e-01 6.800e-03 1.879e-01 3.291e-01 0
20240904.500 2460558.000 2460557.989374 0.2862 1363.0422 2.751e-01 6.800e-03 5.224e-02 2.800e-01 1340.3943 2.705e-01 6.800e-03 2.065e-01 3.403e-01 0
20240905.500 2460559.000 2460558.884216 0.2186 1363.2598 2.751e-01 6.800e-03 7.494e-02 2.851e-01 1341.2024 2.707e-01 6.800e-03 2.062e-01 3.402e-01 0
20240906.500 2460560.000 2460560.000000 0.0000    0.0000 0.000e+00 0.000e+00 0.000e+00 0.000e+00    0.0000 0.000e+00 0.000e+00 0.000e+00 0.000e+00 0
20240907.500 2460561.000 2460561.479868 0.0057 1363.4831 2.754e-01 6.800e-03 1.996e-02 2.761e-01 1343.1899 2.713e-01 6.800e-03 2.148e-02 2.722e-01 0
20240908.500 2460562.000 2460562.017829 0.2849 1363.4380 2.754e-01 6.800e-03 8.401e-02 2.879e-01 1343.5197 2.714e-01 6.800e-03 1.372e-01 3.041e-01 0
20240909.500 2460563.000 2460562.897589 0.2405 1363.2355 2.754e-01 6.800e-03 7.115e-02 2.844e-01 1343.9367 2.715e-01 6.800e-03 1.276e-01 3.000e-01 0
20240910.500 2460564.000 2460564.113191 0.2270 1362.9814 2.755e-01 6.800e-03 3.865e-02 2.782e-01 1344.5475 2.717e-01 6.800e-03 1.657e-01 3.183e-01 0
20240911.500 2460565.000 2460564.607373 0.0750 1363.0258 2.756e-01 6.800e-03 4.476e-02 2.792e-01 1344.9442 2.719e-01 6.800e-03 7.793e-02 2.829e-01 0
20240912.500 2460566.000 2460566.000000 0.0000    0.0000 0.000e+00 0.000e+00 0.000e+00 0.000e+00    0.0000 0.000e+00 0.000e+00 0.000e+00 0.000e+00 0
20240913.500 2460567.000 2460567.195870 0.1785 1363.3321 2.758e-01 6.800e-03 5.336e-02 2.809e-01 1347.1181 2.725e-01 6.800e-03 1.529e-01 3.125e-01 0
20240914.500 2460568.000 2460567.979967 0.2879 1363.2488 2.758e-01 6.800e-03 5.460e-02 2.811e-01 1347.6082 2.726e-01 6.800e-03 1.934e-01 3.343e-01 0
20240915.500 2460569.000 2460569.020901 0.2978 1363.1809 2.759e-01 6.800e-03 6.035e-02 2.824e-01 1348.3035 2.729e-01 6.800e-03 2.012e-01 3.390e-01 0
20240916.500 2460570.000 2460569.950777 0.2611 1363.0345 2.759e-01 6.800e-03 7.014e-02 2.847e-01 1348.8413 2.730e-01 6.800e-03 1.463e-01 3.097e-01 0
20240917.500 2460571.000 2460571.069277 0.2744 1362.9209 2.760e-01 6.800e-03 5.332e-02 2.811e-01 1349.5512 2.733e-01 6.800e-03 2.175e-01 3.493e-01 0
20240918.500 2460572.000 2460571.770737 0.1268 1362.9508 2.760e-01 6.800e-03 6.277e-02 2.830e-01 1350.0968 2.734e-01 6.800e-03 1.233e-01 2.999e-01 0
20240919.500 2460573.000 2460573.293667 0.1315 1362.8903 2.761e-01 6.800e-03 4.850e-02 2.803e-01 1351.1573 2.737e-01 6.800e-03 8.217e-02 2.858e-01 0
20240920.500 2460574.000 2460574.010468 0.2841 1362.7619 2.762e-01 6.800e-03 6.118e-02 2.829e-01 1351.5575 2.740e-01 6.800e-03 1.925e-01 3.348e-01 0
20240921.500 2460575.000 2460575.030490 0.2910 1362.7912 2.762e-01 6.800e-03 5.642e-02 2.819e-01 1352.3378 2.741e-01 6.800e-03 2.486e-01 3.701e-01 0
20240922.500 2460576.000 2460576.010451 0.2784 1362.9564 2.764e-01 6.800e-03 8.904e-02 2.904e-01 1353.2246 2.744e-01 6.800e-03 2.833e-01 3.944e-01 0
20240923.500 2460577.000 2460576.645773 0.0893 1363.0807 2.764e-01 6.800e-03 6.003e-02 2.829e-01 1353.8175 2.746e-01 6.800e-03 1.081e-01 2.951e-01 0
20240924.500 2460578.000 2460578.227547 0.1648 1363.4238 2.766e-01 6.800e-03 5.333e-02 2.817e-01 1355.3317 2.750e-01 6.800e-03 1.429e-01 3.099e-01 0
20240925.500 2460579.000 2460578.994742 0.2917 1363.5348 2.767e-01 6.800e-03 6.822e-02 2.849e-01 1356.0141 2.751e-01 6.800e-03 2.640e-01 3.813e-01 0
20240926.500 2460580.000 2460579.937000 0.2710 1363.6260 2.768e-01 6.800e-03 5.695e-02 2.826e-01 1356.8103 2.754e-01 6.800e-03 2.267e-01 3.568e-01 0
20240927.500 2460581.000 2460581.028241 0.3046 1363.6916 2.768e-01 6.800e-03 5.782e-02 2.828e-01 1357.6972 2.756e-01 6.800e-03 2.284e-01 3.579e-01 0
20240928.500 2460582.000 2460581.957742 0.2904 1363.5154 2.769e-01 6.800e-03 1.033e-01 2.956e-01 1358.2257 2.759e-01 6.800e-03 1.396e-01 3.092e-01 0
20240929.500 2460583.000 2460582.771608 0.1872 1363.4026 2.770e-01 6.800e-03 5.350e-02 2.822e-01 1358.7329 2.761e-01 6.800e-03 1.394e-01 3.093e-01 0
20240930.500 2460584.000 2460584.460326 0.0067 1363.1191 2.771e-01 6.800e-03 4.602e-02 2.809e-01 1359.7463 2.764e-01 6.800e-03 4.936e-02 2.808e-01 0
20241001.500 2460585.000 2460584.956261 0.3077 1362.9354 2.771e-01 6.800e-03 1.456e-01 3.130e-01 1359.9466 2.765e-01 6.800e-03 1.191e-01 3.010e-01 0
20241002.500 2460586.000 2460586.004413 0.2853 1362.4375 2.770e-01 6.800e-03 1.209e-01 3.022e-01 1360.2637 2.765e-01 6.800e-03 1.268e-01 3.042e-01 0
20241003.500 2460587.000 2460586.940197 0.2545 1362.0490 2.770e-01 6.800e-03 1.590e-01 3.194e-01 1360.6066 2.767e-01 6.800e-03 7.286e-02 2.862e-01 0
20241004.500 2460588.000 2460587.767487 0.0275 1361.6114 2.770e-01 6.800e-03 3.222e-02 2.788e-01 1360.8187 2.768e-01 6.800e-03 3.395e-02 2.789e-01 0
20241005.500 2460589.000 2460589.137671 0.1482 1361.7719 2.771e-01 6.800e-03 3.705e-02 2.796e-01 1362.0613 2.772e-01 6.800e-03 1.353e-01 3.085e-01 0
20241006.500 2460590.000 2460590.036382 0.2619 1361.9828 2.772e-01 6.800e-03 5.457e-02 2.825e-01 1362.9860 2.774e-01 6.800e-03 2.435e-01 3.691e-01 0
20241007.500 2460591.000 2460591.057307 0.3017 1362.0586 2.773e-01 6.800e-03 4.040e-02 2.802e-01 1363.8759 2.777e-01 6.800e-03 2.458e-01 3.709e-01 0
20241008.500 2460592.000 2460591.999535 0.2859 1361.9465 2.774e-01 6.800e-03 7.139e-02 2.865e-01 1364.5171 2.780e-01 6.800e-03 1.889e-01 3.361e-01 0
20241009.500 2460593.000 2460592.992167 0.2868 1361.7853 2.774e-01 6.800e-03 6.455e-02 2.848e-01 1365.1510 2.781e-01 6.800e-03 1.860e-01 3.346e-01 0
20241010.500 2460594.000 2460593.986524 0.2959 1361.7675 2.775e-01 6.800e-03 5.425e-02 2.828e-01 1365.9310 2.784e-01 6.800e-03 2.620e-01 3.823e-01 0
20241011.500 2460595.000 2460594.993939 0.2901 1361.8640 2.775e-01 6.800e-03 7.004e-02 2.862e-01 1366.8359 2.786e-01 6.800e-03 2.787e-01 3.940e-01 0
20241012.500 2460596.000 2460595.640710 0.0873 1361.8823 2.777e-01 6.800e-03 5.109e-02 2.823e-01 1367.3727 2.788e-01 6.800e-03 1.119e-01 3.004e-01 0
20241013.500 2460597.000 2460597.000000 0.0000    0.0000 0.000e+00 0.000e+00 0.000e+00 0.000e+00    0.0000 0.000e+00 0.000e+00 0.000e+00 0.000e+00 0
20241014.500 2460598.000 2460598.263553 0.1282 1362.6074 2.780e-01 6.800e-03 5.731e-02 2.838e-01 1370.1931 2.795e-01 6.800e-03 1.186e-01 3.036e-01 0
20241015.500 2460599.000 2460598.974186 0.2984 1362.7330 2.781e-01 6.800e-03 6.594e-02 2.858e-01 1370.8813 2.798e-01 6.800e-03 2.768e-01 3.936e-01 0
20241016.500 2460600.000 2460599.996993 0.2723 1362.7670 2.781e-01 6.800e-03 4.880e-02 2.824e-01 1371.7198 2.800e-01 6.800e-03 1.901e-01 3.384e-01 0
20241017.500 2460601.000 2460600.989656 0.2757 1362.6608 2.783e-01 6.800e-03 5.008e-02 2.827e-01 1372.3871 2.802e-01 6.800e-03 2.011e-01 3.449e-01 0
20241018.500 2460602.000 2460601.972173 0.2937 1362.7418 2.783e-01 6.800e-03 6.833e-02 2.865e-01 1373.2288 2.804e-01 6.800e-03 2.809e-01 3.969e-01 0
20241019.500 2460603.000 2460603.000663 0.2565 1362.8847 2.784e-01 6.800e-03 9.190e-02 2.932e-01 1374.1619 2.807e-01 6.800e-03 2.731e-01 3.917e-01 0
20241020.500 2460604.000 2460603.995533 0.2725 1363.2071 2.785e-01 6.800e-03 1.258e-01 3.056e-01 1375.2440 2.810e-01 6.800e-03 3.251e-01 4.296e-01 0
20241021.500 2460605.000 2460604.949879 0.2814 1363.3651 2.787e-01 6.800e-03 6.940e-02 2.872e-01 1376.1243 2.813e-01 6.800e-03 2.661e-01 3.872e-01 0
20241022.500 2460606.000 2460605.973949 0.3472 1363.4971 2.787e-01 6.800e-03 5.950e-02 2.850e-01 1377.0256 2.815e-01 6.800e-03 2.750e-01 3.935e-01 0
20241023.500 2460607.000 2460606.916997 0.2685 1363.4426 2.788e-01 6.800e-03 4.227e-02 2.820e-01 1377.6737 2.817e-01 6.800e-03 1.856e-01 3.374e-01 0
20241024.500 2460608.000 2460608.471129 0.0038 1363.3557 2.789e-01 6.800e-03 3.967e-02 2.817e-01 1378.7366 2.821e-01 6.800e-03 4.087e-02 2.850e-01 0
20241025.500 2460609.000 2460609.010801 0.2794 1363.1428 2.789e-01 6.800e-03 1.339e-01 3.094e-01 1378.9187 2.821e-01 6.800e-03 9.589e-02 2.980e-01 0
20241026.500 2460610.000 2460609.981989 0.2906 1362.7148 2.789e-01 6.800e-03 1.398e-01 3.120e-01 1379.1986 2.823e-01 6.800e-03 1.003e-01 2.996e-01 0
20241027.500 2460611.000 2460610.986656 0.2819 1362.4325 2.789e-01 6.800e-03 5.598e-02 2.845e-01 1379.6476 2.824e-01 6.800e-03 1.937e-01 3.424e-01 0
20241028.500 2460612.000 2460611.985845 0.2905 1362.3725 2.790e-01 6.800e-03 9.608e-02 2.951e-01 1380.3149 2.827e-01 6.800e-03 1.396e-01 3.153e-01 0
20241029.500 2460613.000 2460612.985407 0.2767 1362.1349 2.790e-01 6.800e-03 5.873e-02 2.851e-01 1380.8004 2.828e-01 6.800e-03 2.250e-01 3.614e-01 0
20241030.500 2460614.000 2460614.001143 0.2815 1362.2669 2.791e-01 6.800e-03 5.637e-02 2.848e-01 1381.6700 2.831e-01 6.800e-03 2.364e-01 3.688e-01 0
20241031.500 2460615.000 2460614.946868 0.2690 1362.3523 2.791e-01 6.800e-03 5.001e-02 2.836e-01 1382.4399 2.833e-01 6.800e-03 2.042e-01 3.492e-01 0
20241101.500 2460616.000 2460615.969902 0.2490 1362.4507 2.793e-01 6.800e-03 6.730e-02 2.873e-01 1383.2769 2.836e-01 6.800e-03 2.290e-01 3.645e-01 0
20241102.500 2460617.000 2460617.000000 0.0000    0.0000 0.000e+00 0.000e+00 0.000e+00 0.000e+00    0.0000 0.000e+00 0.000e+00 0.000e+00 0.000e+00 0
20241103.500 2460618.000 2460617.719081 0.1161 1362.4284 2.794e-01 6.800e-03 4.823e-02 2.836e-01 1384.5094 2.840e-01 6.800e-03 9.673e-02 3.000e-01 0
20241104.500 2460619.000 2460619.249676 0.1303 1362.2305 2.795e-01 6.800e-03 6.409e-02 2.868e-01 1385.3997 2.843e-01 6.800e-03 6.717e-02 2.921e-01 0
20241105.500 2460620.000 2460619.702498 0.1275 1362.1712 2.795e-01 6.800e-03 4.897e-02 2.838e-01 1385.6609 2.843e-01 6.800e-03 8.854e-02 2.978e-01 0
20241106.500 2460621.000 2460621.000000 0.0000    0.0000 0.000e+00 0.000e+00 0.000e+00 0.000e+00    0.0000 0.000e+00 0.000e+00 0.000e+00 0.000e+00 0
20241107.500 2460622.000 2460622.000000 0.0000    0.0000 0.000e+00 0.000e+00 0.000e+00 0.000e+00    0.0000 0.000e+00 0.000e+00 0.000e+00 0.000e+00 0
20241108.500 2460623.000 2460623.000000 0.0000    0.0000 0.000e+00 0.000e+00 0.000e+00 0.000e+00    0.0000 0.000e+00 0.000e+00 0.000e+00 0.000e+00 0
20241109.500 2460624.000 2460624.000000 0.0000    0.0000 0.000e+00 0.000e+00 0.000e+00 0.000e+00    0.0000 0.000e+00 0.000e+00 0.000e+00 0.000e+00 0
20241110.500 2460625.000 2460625.000000 0.0000    0.0000 0.000e+00 0.000e+00 0.000e+00 0.000e+00    0.0000 0.000e+00 0.000e+00 0.000e+00 0.000e+00 0
20241111.500 2460626.000 2460626.000000 0.0000    0.0000 0.000e+00 0.000e+00 0.000e+00 0.000e+00    0.0000 0.000e+00 0.000e+00 0.000e+00 0.000e+00 0
20241112.500 2460627.000 2460627.000000 0.0000    0.0000 0.000e+00 0.000e+00 0.000e+00 0.000e+00    0.0000 0.000e+00 0.000e+00 0.000e+00 0.000e+00 0
20241113.500 2460628.000 2460628.000000 0.0000    0.0000 0.000e+00 0.000e+00 0.000e+00 0.000e+00    0.0000 0.000e+00 0.000e+00 0.000e+00 0.000e+00 0
20241114.500 2460629.000 2460629.000000 0.0000    0.0000 0.000e+00 0.000e+00 0.000e+00 0.000e+00    0.0000 0.000e+00 0.000e+00 0.000e+00 0.000e+00 0
20241115.500 2460630.000 2460630.075482 0.2517 1362.6904 2.804e-01 6.800e-03 5.851e-02 2.865e-01 1393.1737 2.867e-01 6.800e-03 1.956e-01 3.471e-01 0
20241116.500 2460631.000 2460631.009830 0.2886 1362.8670 2.805e-01 6.800e-03 7.590e-02 2.906e-01 1393.9268 2.869e-01 6.800e-03 2.366e-01 3.719e-01 0
20241117.500 2460632.000 2460631.983978 0.2911 1362.9494 2.806e-01 6.800e-03 4.767e-02 2.847e-01 1394.5957 2.871e-01 6.800e-03 1.697e-01 3.335e-01 0
20241118.500 2460633.000 2460633.010116 0.3055 1363.0755 2.808e-01 6.800e-03 5.394e-02 2.859e-01 1395.3271 2.874e-01 6.800e-03 2.099e-01 3.559e-01 0
20241119.500 2460634.000 2460633.760192 0.1432 1363.1401 2.808e-01 6.800e-03 5.154e-02 2.855e-01 1395.8255 2.875e-01 6.800e-03 1.046e-01 3.060e-01 0
20241120.500 2460635.000 2460635.456064 0.0254 1363.3219 2.810e-01 6.800e-03 4.852e-02 2.851e-01 1396.9626 2.879e-01 6.800e-03 5.483e-02 2.931e-01 0
20241121.500 2460636.000 2460636.011771 0.2859 1363.2946 2.810e-01 6.800e-03 5.713e-02 2.867e-01 1397.2384 2.880e-01 6.800e-03 1.359e-01 3.184e-01 0
20241122.500 2460637.000 2460636.967978 0.2937 1363.1582 2.811e-01 6.800e-03 7.846e-02 2.918e-01 1397.6140 2.882e-01 6.800e-03 1.046e-01 3.066e-01 0
20241123.500 2460638.000 2460637.504077 0.0052 1362.9925 2.810e-01 6.800e-03 3.995e-02 2.839e-01 1397.7293 2.882e-01 6.800e-03 4.314e-02 2.914e-01 0
20241124.500 2460639.000 2460639.000000 0.0000    0.0000 0.000e+00 0.000e+00 0.000e+00 0.000e+00    0.0000 0.000e+00 0.000e+00 0.000e+00 0.000e+00 0
20241125.500 2460640.000 2460639.756177 0.0531 1362.5435 2.811e-01 6.800e-03 4.376e-02 2.845e-01 1398.4326 2.885e-01 6.800e-03 3.987e-02 2.912e-01 0
20241126.500 2460641.000 2460641.241491 0.1568 1362.3709 2.812e-01 6.800e-03 5.335e-02 2.862e-01 1398.9964 2.888e-01 6.800e-03 8.884e-02 3.021e-01 0
20241127.500 2460642.000 2460642.021147 0.2910 1362.4305 2.813e-01 6.800e-03 5.422e-02 2.865e-01 1399.4387 2.890e-01 6.800e-03 1.780e-01 3.394e-01 0
20241128.500 2460643.000 2460642.994650 0.2886 1362.4853 2.814e-01 6.800e-03 6.401e-02 2.885e-01 1399.9637 2.891e-01 6.800e-03 1.654e-01 3.331e-01 0
20241129.500 2460644.000 2460643.955412 0.2807 1362.5162 2.815e-01 6.800e-03 6.628e-02 2.892e-01 1400.4504 2.893e-01 6.800e-03 1.671e-01 3.341e-01 0
20241130.500 2460645.000 2460644.993383 0.2899 1362.5896 2.815e-01 6.800e-03 5.002e-02 2.859e-01 1401.0087 2.894e-01 6.800e-03 1.626e-01 3.320e-01 0
20241201.500 2460646.000 2460645.997343 0.2862 1362.6926 2.817e-01 6.800e-03 5.596e-02 2.872e-01 1401.5736 2.897e-01 6.800e-03 1.688e-01 3.353e-01 0
20241202.500 2460647.000 2460646.996468 0.2880 1362.8263 2.817e-01 6.800e-03 7.070e-02 2.904e-01 1402.1596 2.898e-01 6.800e-03 1.852e-01 3.439e-01 0
20241203.500 2460648.000 2460647.967708 0.2816 1363.0210 2.819e-01 6.800e-03 7.106e-02 2.907e-01 1402.7880 2.901e-01 6.800e-03 1.856e-01 3.444e-01 0
20241204.500 2460649.000 2460649.005444 0.2780 1363.1366 2.820e-01 6.800e-03 5.973e-02 2.883e-01 1403.3553 2.904e-01 6.800e-03 1.625e-01 3.327e-01 0
20241205.500 2460650.000 2460649.982132 0.2921 1363.2524 2.821e-01 6.800e-03 5.155e-02 2.867e-01 1403.8873 2.905e-01 6.800e-03 1.391e-01 3.220e-01 0
20241206.500 2460651.000 2460651.000000 0.0000    0.0000 0.000e+00 0.000e+00 0.000e+00 0.000e+00    0.0000 0.000e+00 0.000e+00 0.000e+00 0.000e+00 0
20241207.500 2460652.000 2460652.000000 0.0000    0.0000 0.000e+00 0.000e+00 0.000e+00 0.000e+00    0.0000 0.000e+00 0.000e+00 0.000e+00 0.000e+00 0
20241208.500 2460653.000 2460653.000000 0.0000    0.0000 0.000e+00 0.000e+00 0.000e+00 0.000e+00    0.0000 0.000e+00 0.000e+00 0.000e+00 0.000e+00 0
20241209.500 2460654.000 2460654.000000 0.0000    0.0000 0.000e+00 0.000e+00 0.000e+00 0.000e+00    0.0000 0.000e+00 0.000e+00 0.000e+00 0.000e+00 0
20241210.500 2460655.000 2460655.000000 0.0000    0.0000 0.000e+00 0.000e+00 0.000e+00 0.000e+00    0.0000 0.000e+00 0.000e+00 0.000e+00 0.000e+00 0
20241211.500 2460656.000 2460656.000000 0.0000    0.0000 0.000e+00 0.000e+00 0.000e+00 0.000e+00    0.0000 0.000e+00 0.000e+00 0.000e+00 0.000e+00 0
20241212.500 2460657.000 2460657.000000 0.0000    0.0000 0.000e+00 0.000e+00 0.000e+00 0.000e+00    0.0000 0.000e+00 0.000e+00 0.000e+00 0.000e+00 0
20241213.500 2460658.000 2460657.977569 0.2783 1362.8436 2.827e-01 6.800e-03 5.802e-02 2.885e-01 1406.4102 2.917e-01 6.800e-03 1.259e-01 3.177e-01 0
20241214.500 2460659.000 2460659.007196 0.2682 1362.8517 2.827e-01 6.800e-03 5.482e-02 2.879e-01 1406.7261 2.918e-01 6.800e-03 7.496e-02 3.012e-01 0
20241215.500 2460660.000 2460660.012721 0.2984 1362.7203 2.828e-01 6.800e-03 6.547e-02 2.902e-01 1406.8723 2.919e-01 6.800e-03 7.140e-02 3.005e-01 0
20241216.500 2460661.000 2460660.810859 0.1763 1362.6956 2.828e-01 6.800e-03 6.188e-02 2.895e-01 1407.0582 2.920e-01 6.800e-03 4.261e-02 2.951e-01 0
20241217.500 2460662.000 2460662.388516 0.0727 1362.6835 2.829e-01 6.800e-03 4.368e-02 2.862e-01 1407.4293 2.922e-01 6.800e-03 5.171e-02 2.967e-01 0
20241218.500 2460663.000 2460663.007177 0.2791 1362.7383 2.829e-01 6.800e-03 7.273e-02 2.921e-01 1407.6239 2.922e-01 6.800e-03 1.267e-01 3.185e-01 0
20241219.500 2460664.000 2460663.859559 0.2682 1362.8985 2.831e-01 6.800e-03 5.671e-02 2.887e-01 1407.9696 2.924e-01 6.800e-03 8.459e-02 3.044e-01 0
20241220.500 2460665.000 2460664.981333 0.2723 1362.9604 2.832e-01 6.800e-03 5.174e-02 2.879e-01 1408.2526 2.926e-01 6.800e-03 6.674e-02 3.001e-01 0
20241221.500 2460666.000 2460666.211228 0.2687 1362.7865 2.832e-01 6.800e-03 8.417e-02 2.954e-01 1408.2902 2.926e-01 6.800e-03 6.610e-02 3.000e-01 0
20241222.500 2460667.000 2460667.000000 0.0000    0.0000 0.000e+00 0.000e+00 0.000e+00 0.000e+00    0.0000 0.000e+00 0.000e+00 0.000e+00 0.000e+00 0
20241223.500 2460668.000 2460668.088894 0.2521 1362.3065 2.832e-01 6.800e-03 8.108e-02 2.946e-01 1408.0823 2.927e-01 6.800e-03 5.937e-02 2.987e-01 0
20241224.500 2460669.000 2460668.996805 0.2799 1361.8800 2.833e-01 6.800e-03 1.513e-01 3.212e-01 1407.7628 2.928e-01 6.800e-03 1.240e-01 3.180e-01 0
20241225.500 2460670.000 2460669.992791 0.2947 1361.8182 2.833e-01 6.800e-03 8.296e-02 2.952e-01 1407.8194 2.928e-01 6.800e-03 1.115e-01 3.133e-01 0
20241226.500 2460671.000 2460670.991354 0.2741 1362.0150 2.834e-01 6.800e-03 5.711e-02 2.891e-01 1408.1310 2.930e-01 6.800e-03 6.763e-02 3.007e-01 0
20241227.500 2460672.000 2460672.077964 0.3038 1362.0671 2.834e-01 6.800e-03 5.778e-02 2.893e-01 1408.2885 2.931e-01 6.800e-03 7.757e-02 3.032e-01 0
20241228.500 2460673.000 2460673.000380 0.2807 1362.3187 2.836e-01 6.800e-03 1.143e-01 3.058e-01 1408.6260 2.933e-01 6.800e-03 1.385e-01 3.243e-01 0
20241229.500 2460674.000 2460674.004879 0.2989 1362.5489 2.838e-01 6.800e-03 1.036e-01 3.021e-01 1408.9371 2.935e-01 6.800e-03 1.254e-01 3.192e-01 0
20241230.500 2460675.000 2460674.970593 0.2629 1362.8329 2.839e-01 6.800e-03 8.585e-02 2.966e-01 1409.2907 2.936e-01 6.800e-03 1.006e-01 3.103e-01 0
20241231.500 2460676.000 2460675.991070 0.2682 1362.9484 2.840e-01 6.800e-03 5.962e-02 2.902e-01 1409.4626 2.937e-01 6.800e-03 5.501e-02 2.988e-01 0
20250101.500 2460677.000 2460677.001850 0.2649 1362.8672 2.840e-01 6.800e-03 8.051e-02 2.952e-01 1409.4195 2.937e-01 6.800e-03 7.666e-02 3.036e-01 0
20250102.500 2460678.000 2460678.031147 0.3047 1362.7700 2.841e-01 6.800e-03 6.275e-02 2.910e-01 1409.3491 2.938e-01 6.800e-03 6.252e-02 3.004e-01 0
20250103.500 2460679.000 2460679.002436 0.2694 1362.7317 2.841e-01 6.800e-03 4.738e-02 2.881e-01 1409.3273 2.938e-01 6.800e-03 4.857e-02 2.978e-01 0
20250104.500 2460680.000 2460679.986040 0.2891 1362.7443 2.843e-01 6.800e-03 5.243e-02 2.891e-01 1409.3469 2.940e-01 6.800e-03 5.434e-02 2.990e-01 0
20250105.500 2460681.000 2460680.690208 0.0920 1362.7236 2.844e-01 6.800e-03 4.619e-02 2.881e-01 1409.3235 2.941e-01 6.800e-03 4.746e-02 2.979e-01 0
20250106.500 2460682.000 2460682.000000 0.0000    0.0000 0.000e+00 0.000e+00 0.000e+00 0.000e+00    0.0000 0.000e+00 0.000e+00 0.000e+00 0.000e+00 0
20250107.500 2460683.000 2460683.346391 0.0831 1362.7457 2.845e-01 6.800e-03 5.147e-02 2.892e-01 1409.2765 2.943e-01 6.800e-03 5.264e-02 2.989e-01 0
20250108.500 2460684.000 2460683.530082 0.0213 1362.7788 2.845e-01 6.800e-03 2.041e-02 2.853e-01 1409.3021 2.943e-01 6.800e-03 2.059e-02 2.950e-01 0
20250109.500 2460685.000 2460685.000000 0.0000    0.0000 0.000e+00 0.000e+00 0.000e+00 0.000e+00    0.0000 0.000e+00 0.000e+00 0.000e+00 0.000e+00 0
20250110.500 2460686.000 2460686.000000 0.0000    0.0000 0.000e+00 0.000e+00 0.000e+00 0.000e+00    0.0000 0.000e+00 0.000e+00 0.000e+00 0.000e+00 0
20250111.500 2460687.000 2460687.000000 0.0000    0.0000 0.000e+00 0.000e+00 0.000e+00 0.000e+00    0.0000 0.000e+00 0.000e+00 0.000e+00 0.000e+00 0
20250112.500 2460688.000 2460688.395093 0.0725 1362.8477 2.850e-01 6.800e-03 3.917e-02 2.877e-01 1408.9368 2.946e-01 6.800e-03 4.515e-02 2.980e-01 0
20250113.500 2460689.000 2460689.003290 0.2794 1362.8639 2.850e-01 6.800e-03 4.960e-02 2.893e-01 1408.8686 2.946e-01 6.800e-03 6.692e-02 3.021e-01 0
20250114.500 2460690.000 2460690.010262 0.2967 1362.8567 2.851e-01 6.800e-03 5.024e-02 2.895e-01 1408.7062 2.947e-01 6.800e-03 6.145e-02 3.010e-01 0
20250115.500 2460691.000 2460691.032944 0.2693 1362.8245 2.851e-01 6.800e-03 6.240e-02 2.919e-01 1408.4971 2.947e-01 6.800e-03 1.008e-01 3.114e-01 0
20250116.500 2460692.000 2460691.947990 0.3841 1362.4179 2.852e-01 6.800e-03 2.982e-01 4.126e-01 1407.9028 2.947e-01 6.800e-03 3.835e-01 4.837e-01 0
20250117.500 2460693.000 2460692.948868 0.2814 1361.7480 2.850e-01 6.800e-03 1.269e-01 3.120e-01 1407.0048 2.945e-01 6.800e-03 1.874e-01 3.491e-01 0
20250118.500 2460694.000 2460694.010585 0.2946 1361.5798 2.851e-01 6.800e-03 5.105e-02 2.896e-01 1406.5938 2.945e-01 6.800e-03 9.118e-02 3.083e-01 0
20250119.500 2460695.000 2460695.002039 0.2780 1361.5187 2.851e-01 6.800e-03 5.060e-02 2.896e-01 1406.2928 2.945e-01 6.800e-03 8.126e-02 3.055e-01 0
20250120.500 2460696.000 2460695.947372 0.2881 1361.5949 2.853e-01 6.800e-03 8.038e-02 2.964e-01 1406.1305 2.946e-01 6.800e-03 5.664e-02 3.000e-01 0
20250121.500 2460697.000 2460697.011592 0.2866 1361.8462 2.854e-01 6.800e-03 1.180e-01 3.089e-01 1406.1027 2.947e-01 6.800e-03 6.435e-02 3.017e-01 0
20250122.500 2460698.000 2460697.997218 0.3001 1362.2755 2.855e-01 6.800e-03 1.713e-01 3.330e-01 1406.2658 2.948e-01 6.800e-03 9.652e-02 3.102e-01 0
20250123.500 2460699.000 2460699.003023 0.2792 1362.6754 2.858e-01 6.800e-03 1.207e-01 3.102e-01 1406.3793 2.949e-01 6.800e-03 5.948e-02 3.009e-01 0
20250124.500 2460700.000 2460699.995730 0.2989 1363.0996 2.858e-01 6.800e-03 1.319e-01 3.148e-01 1406.5093 2.949e-01 6.800e-03 6.205e-02 3.014e-01 0
20250125.500 2460701.000 2460701.019676 0.2856 1363.3782 2.860e-01 6.800e-03 7.111e-02 2.947e-01 1406.4672 2.951e-01 6.800e-03 7.841e-02 3.053e-01 0
20250126.500 2460702.000 2460702.005156 0.2968 1363.5049 2.861e-01 6.800e-03 5.170e-02 2.907e-01 1406.2698 2.950e-01 6.800e-03 1.079e-01 3.141e-01 0
20250127.500 2460703.000 2460703.023284 0.2790 1363.4873 2.862e-01 6.800e-03 5.874e-02 2.922e-01 1405.9022 2.951e-01 6.800e-03 9.757e-02 3.108e-01 0
20250128.500 2460704.000 2460703.894441 0.2417 1363.5113 2.862e-01 6.800e-03 3.940e-02 2.889e-01 1405.6203 2.950e-01 6.800e-03 8.590e-02 3.073e-01 0
20250129.500 2460705.000 2460705.414103 0.0329 1363.3221 2.864e-01 6.800e-03 4.868e-02 2.905e-01 1404.8741 2.952e-01 6.800e-03 5.770e-02 3.008e-01 0
20250130.500 2460706.000 2460705.904296 0.3388 1363.1899 2.864e-01 6.800e-03 9.718e-02 3.024e-01 1404.5552 2.951e-01 6.800e-03 2.163e-01 3.659e-01 0
20250131.500 2460707.000 2460706.974561 0.2804 1362.9168 2.863e-01 6.800e-03 8.217e-02 2.979e-01 1403.8694 2.950e-01 6.800e-03 1.837e-01 3.475e-01 0
20250201.500 2460708.000 2460707.638562 0.0917 1362.7655 2.865e-01 6.800e-03 4.100e-02 2.894e-01 1403.4578 2.950e-01 6.800e-03 6.333e-02 3.017e-01 0
20250202.500 2460709.000 2460709.175277 0.1608 1362.2662 2.863e-01 6.800e-03 1.114e-01 3.073e-01 1402.3360 2.948e-01 6.800e-03 1.758e-01 3.432e-01 0
20250203.500 2460710.000 2460709.992271 0.2990 1362.0359 2.864e-01 6.800e-03 5.835e-02 2.923e-01 1401.7664 2.948e-01 6.800e-03 1.555e-01 3.333e-01 0
20250204.500 2460711.000 2460710.943367 0.2878 1361.9921 2.864e-01 6.800e-03 6.640e-02 2.940e-01 1401.3259 2.947e-01 6.800e-03 1.464e-01 3.290e-01 0
20250205.500 2460712.000 2460711.872165 0.2895 1362.2433 2.866e-01 6.800e-03 1.344e-01 3.166e-01 1401.1884 2.948e-01 6.800e-03 5.045e-02 2.991e-01 0
20250206.500 2460713.000 2460713.056864 0.2747 1362.6654 2.868e-01 6.800e-03 9.819e-02 3.032e-01 1401.1024 2.949e-01 6.800e-03 4.891e-02 2.990e-01 0
20250207.500 2460714.000 2460714.077170 0.3160 1362.8073 2.869e-01 6.800e-03 5.629e-02 2.923e-01 1400.7859 2.949e-01 6.800e-03 1.518e-01 3.316e-01 0
20250208.500 2460715.000 2460715.056817 0.2956 1362.8228 2.870e-01 6.800e-03 5.707e-02 2.926e-01 1400.3448 2.949e-01 6.800e-03 1.759e-01 3.434e-01 0
20250209.500 2460716.000 2460716.139987 0.3028 1362.7061 2.870e-01 6.800e-03 5.846e-02 2.929e-01 1399.7038 2.948e-01 6.800e-03 1.802e-01 3.455e-01 0
20250210.500 2460717.000 2460717.033533 0.2871 1362.7301 2.871e-01 6.800e-03 5.134e-02 2.917e-01 1399.2861 2.948e-01 6.800e-03 1.410e-01 3.268e-01 0
20250211.500 2460718.000 2460717.996407 0.3548 1362.7116 2.871e-01 6.800e-03 4.793e-02 2.911e-01 1398.7771 2.947e-01 6.800e-03 1.941e-01 3.529e-01 0
20250212.500 2460719.000 2460718.833321 0.1872 1362.5950 2.872e-01 6.800e-03 9.115e-02 3.013e-01 1398.2216 2.947e-01 6.800e-03 1.805e-01 3.456e-01 0
20250213.500 2460720.000 2460720.016213 0.2998 1362.5263 2.874e-01 6.800e-03 4.715e-02 2.912e-01 1397.5167 2.947e-01 6.800e-03 1.739e-01 3.422e-01 0
20250214.500 2460721.000 2460721.003067 0.2759 1362.5499 2.874e-01 6.800e-03 5.319e-02 2.922e-01 1396.9971 2.946e-01 6.800e-03 1.330e-01 3.233e-01 0
20250215.500 2460722.000 2460722.013018 0.2951 1362.6567 2.875e-01 6.800e-03 5.398e-02 2.925e-01 1396.5362 2.947e-01 6.800e-03 1.706e-01 3.405e-01 0
20250216.500 2460723.000 2460723.010001 0.2832 1362.7418 2.875e-01 6.800e-03 5.129e-02 2.921e-01 1396.0475 2.946e-01 6.800e-03 1.558e-01 3.332e-01 0
20250217.500 2460724.000 2460723.999355 0.2959 1362.7868 2.877e-01 6.800e-03 5.179e-02 2.923e-01 1395.5099 2.946e-01 6.800e-03 2.039e-01 3.583e-01 0
20250218.500 2460725.000 2460724.971947 0.2902 1362.6810 2.877e-01 6.800e-03 6.064e-02 2.940e-01 1394.8169 2.944e-01 6.800e-03 2.190e-01 3.670e-01 0
20250219.500 2460726.000 2460725.994782 0.2943 1362.6188 2.878e-01 6.800e-03 5.530e-02 2.931e-01 1394.1272 2.944e-01 6.800e-03 1.922e-01 3.516e-01 0
20250220.500 2460727.000 2460727.000000 0.0000    0.0000 0.000e+00 0.000e+00 0.000e+00 0.000e+00    0.0000 0.000e+00 0.000e+00 0.000e+00 0.000e+00 0
20250221.500 2460728.000 2460728.202257 0.1847 1362.3451 2.879e-01 6.800e-03 5.684e-02 2.934e-01 1392.4625 2.942e-01 6.800e-03 1.624e-01 3.361e-01 0
20250222.500 2460729.000 2460729.005984 0.2823 1362.2808 2.880e-01 6.800e-03 6.384e-02 2.950e-01 1391.8821 2.942e-01 6.800e-03 1.633e-01 3.365e-01 0
20250223.500 2460730.000 2460730.034117 0.3036 1362.5256 2.880e-01 6.800e-03 1.053e-01 3.067e-01 1391.4672 2.942e-01 6.800e-03 1.161e-01 3.162e-01 0
20250224.500 2460731.000 2460730.998862 0.2856 1362.7260 2.882e-01 6.800e-03 7.342e-02 2.974e-01 1391.0419 2.942e-01 6.800e-03 1.499e-01 3.302e-01 0
20250225.500 2460732.000 2460731.917885 0.2297 1362.9707 2.883e-01 6.800e-03 1.027e-01 3.060e-01 1390.6867 2.941e-01 6.800e-03 8.305e-02 3.056e-01 0
20250226.500 2460733.000 2460733.434451 0.0335 1363.3222 2.885e-01 6.800e-03 3.559e-02 2.907e-01 1390.0388 2.941e-01 6.800e-03 4.797e-02 2.980e-01 0
20250227.500 2460734.000 2460733.955605 0.2930 1363.2381 2.885e-01 6.800e-03 6.377e-02 2.954e-01 1389.6051 2.940e-01 6.800e-03 2.443e-01 3.823e-01 0
20250228.500 2460735.000 2460735.014019 0.2787 1363.0363 2.886e-01 6.800e-03 1.136e-01 3.101e-01 1388.6905 2.940e-01 6.800e-03 2.956e-01 4.169e-01 0
20250301.500 2460736.000 2460735.632199 0.0729 1362.8792 2.887e-01 6.800e-03 5.741e-02 2.943e-01 1388.1150 2.940e-01 6.800e-03 9.328e-02 3.084e-01 0
20250302.500 2460737.000 2460737.000000 0.0000    0.0000 0.000e+00 0.000e+00 0.000e+00 0.000e+00    0.0000 0.000e+00 0.000e+00 0.000e+00 0.000e+00 0
20250303.500 2460738.000 2460738.000000 0.0000    0.0000 0.000e+00 0.000e+00 0.000e+00 0.000e+00    0.0000 0.000e+00 0.000e+00 0.000e+00 0.000e+00 0
20250304.500 2460739.000 2460739.000000 0.0000    0.0000 0.000e+00 0.000e+00 0.000e+00 0.000e+00    0.0000 0.000e+00 0.000e+00 0.000e+00 0.000e+00 0
20250305.500 2460740.000 2460740.000000 0.0000    0.0000 0.000e+00 0.000e+00 0.000e+00 0.000e+00    0.0000 0.000e+00 0.000e+00 0.000e+00 0.000e+00 0
20250306.500 2460741.000 2460741.432871 0.0308 1362.7882 2.890e-01 6.800e-03 5.697e-02 2.946e-01 1384.0605 2.936e-01 6.800e-03 4.946e-02 2.977e-01 0
20250307.500 2460742.000 2460741.975609 0.3037 1362.7302 2.890e-01 6.800e-03 5.119e-02 2.935e-01 1383.6224 2.935e-01 6.800e-03 2.228e-01 3.685e-01 0
20250308.500 2460743.000 2460743.004725 0.2892 1362.6639 2.892e-01 6.800e-03 4.184e-02 2.922e-01 1382.8316 2.934e-01 6.800e-03 2.101e-01 3.609e-01 0
20250309.500 2460744.000 2460743.993415 0.2798 1362.6810 2.892e-01 6.800e-03 5.397e-02 2.942e-01 1382.1469 2.933e-01 6.800e-03 1.877e-01 3.482e-01 0
20250310.500 2460745.000 2460745.002116 0.3015 1362.7275 2.893e-01 6.800e-03 5.055e-02 2.937e-01 1381.4705 2.933e-01 6.800e-03 2.050e-01 3.578e-01 0
20250311.500 2460746.000 2460745.997182 0.2788 1362.7824 2.893e-01 6.800e-03 5.119e-02 2.938e-01 1380.8047 2.931e-01 6.800e-03 2.008e-01 3.553e-01 0
20250312.500 2460747.000 2460746.974197 0.3015 1362.7911 2.895e-01 6.800e-03 4.580e-02 2.931e-01 1380.0976 2.931e-01 6.800e-03 2.338e-01 3.749e-01 0
20250313.500 2460748.000 2460747.608400 0.0542 1362.7667 2.895e-01 6.800e-03 4.426e-02 2.928e-01 1379.6047 2.930e-01 6.800e-03 6.821e-02 3.009e-01 0
20250314.500 2460749.000 2460749.000000 0.0000    0.0000 0.000e+00 0.000e+00 0.000e+00 0.000e+00    0.0000 0.000e+00 0.000e+00 0.000e+00 0.000e+00 0
20250315.500 2460750.000 2460750.000000 0.0000    0.0000 0.000e+00 0.000e+00 0.000e+00 0.000e+00    0.0000 0.000e+00 0.000e+00 0.000e+00 0.000e+00 0
20250316.500 2460751.000 2460750.586646 0.0009 1362.9339 2.898e-01 6.800e-03 6.294e-02 2.965e-01 1377.5326 2.929e-01 6.800e-03 6.430e-02 2.998e-01 0
20250317.500 2460752.000 2460751.736355 0.0554 1362.8065 2.899e-01 6.800e-03 5.823e-02 2.957e-01 1376.5221 2.928e-01 6.800e-03 6.023e-02 2.989e-01 0
20250318.500 2460753.000 2460753.000000 0.0000    0.0000 0.000e+00 0.000e+00 0.000e+00 0.000e+00    0.0000 0.000e+00 0.000e+00 0.000e+00 0.000e+00 0
20250319.500 2460754.000 2460754.123153 0.2095 1363.0654 2.901e-01 6.800e-03 5.263e-02 2.948e-01 1374.9281 2.926e-01 6.800e-03 1.727e-01 3.398e-01 0
20250320.500 2460755.000 2460754.980007 0.2907 1363.1327 2.901e-01 6.800e-03 5.764e-02 2.957e-01 1374.3231 2.925e-01 6.800e-03 2.141e-01 3.624e-01 0
20250321.500 2460756.000 2460755.980378 0.2841 1363.2267 2.902e-01 6.800e-03 5.340e-02 2.951e-01 1373.6289 2.924e-01 6.800e-03 2.048e-01 3.570e-01 0
20250322.500 2460757.000 2460757.040706 0.3016 1363.2119 2.904e-01 6.800e-03 5.884e-02 2.963e-01 1372.7746 2.924e-01 6.800e-03 2.656e-01 3.950e-01 0
20250323.500 2460758.000 2460757.994852 0.2784 1363.3070 2.904e-01 6.800e-03 6.769e-02 2.982e-01 1372.1130 2.923e-01 6.800e-03 1.819e-01 3.442e-01 0
20250324.500 2460759.000 2460758.971440 0.3321 1363.4711 2.906e-01 6.800e-03 7.282e-02 2.995e-01 1371.5022 2.923e-01 6.800e-03 2.137e-01 3.620e-01 0
20250325.500 2460760.000 2460759.998709 0.2795 1363.5218 2.906e-01 6.800e-03 4.604e-02 2.942e-01 1370.7369 2.921e-01 6.800e-03 2.426e-01 3.797e-01 0
20250326.500 2460761.000 2460761.004329 0.3127 1363.3734 2.907e-01 6.800e-03 8.290e-02 3.023e-01 1369.7899 2.920e-01 6.800e-03 3.219e-01 4.347e-01 0
20250327.500 2460762.000 2460761.994981 0.2922 1363.2117 2.906e-01 6.800e-03 5.331e-02 2.955e-01 1368.8438 2.918e-01 6.800e-03 2.526e-01 3.859e-01 0
20250328.500 2460763.000 2460762.653621 0.1066 1363.1488 2.908e-01 6.800e-03 4.842e-02 2.948e-01 1368.2610 2.919e-01 6.800e-03 7.788e-02 3.021e-01 0
20250329.500 2460764.000 2460764.233130 0.1486 1363.0937 2.909e-01 6.800e-03 7.305e-02 2.999e-01 1366.9666 2.917e-01 6.800e-03 1.751e-01 3.402e-01 0
20250330.500 2460765.000 2460765.002294 0.2969 1362.8649 2.908e-01 6.800e-03 9.046e-02 3.046e-01 1366.1377 2.915e-01 6.800e-03 3.106e-01 4.260e-01 0
20250331.500 2460766.000 2460765.998420 0.2787 1362.6605 2.909e-01 6.800e-03 7.829e-02 3.013e-01 1365.1601 2.915e-01 6.800e-03 2.828e-01 4.061e-01 0
20250401.500 2460767.000 2460766.995563 0.2957 1362.3903 2.909e-01 6.800e-03 1.320e-01 3.194e-01 1364.1201 2.912e-01 6.800e-03 3.520e-01 4.569e-01 0
20250402.500 2460768.000 2460767.691190 0.1025 1362.2061 2.910e-01 6.800e-03 4.717e-02 2.948e-01 1363.4009 2.912e-01 6.800e-03 1.044e-01 3.094e-01 0
20250403.500 2460769.000 2460769.222261 0.1677 1362.0160 2.909e-01 6.800e-03 5.999e-02 2.970e-01 1362.0393 2.909e-01 6.800e-03 1.246e-01 3.165e-01 0
20250404.500 2460770.000 2460770.002215 0.2776 1362.0435 2.911e-01 6.800e-03 4.966e-02 2.953e-01 1361.4721 2.909e-01 6.800e-03 2.055e-01 3.562e-01 0
20250405.500 2460771.000 2460770.996228 0.2977 1362.1803 2.912e-01 6.800e-03 6.571e-02 2.986e-01 1360.8521 2.910e-01 6.800e-03 1.851e-01 3.448e-01 0
20250406.500 2460772.000 2460772.001006 0.2768 1362.3588 2.913e-01 6.800e-03 9.825e-02 3.074e-01 1360.2663 2.908e-01 6.800e-03 1.378e-01 3.218e-01 0
20250407.500 2460773.000 2460772.853828 0.2086 1362.5098 2.914e-01 6.800e-03 5.962e-02 2.975e-01 1359.7688 2.909e-01 6.800e-03 1.329e-01 3.198e-01 0
20250408.500 2460774.000 2460774.000000 0.0000    0.0000 0.000e+00 0.000e+00 0.000e+00 0.000e+00    0.0000 0.000e+00 0.000e+00 0.000e+00 0.000e+00 0
20250409.500 2460775.000 2460775.472700 0.0269 1362.9224 2.917e-01 6.800e-03 5.767e-02 2.973e-01 1358.1885 2.907e-01 6.800e-03 5.124e-02 2.951e-01 0
20250410.500 2460776.000 2460775.986981 0.2733 1362.8526 2.917e-01 6.800e-03 5.204e-02 2.963e-01 1357.7273 2.906e-01 6.800e-03 2.275e-01 3.690e-01 0
20250411.500 2460777.000 2460776.974088 0.2832 1362.7194 2.918e-01 6.800e-03 7.666e-02 3.017e-01 1356.8427 2.905e-01 6.800e-03 2.758e-01 4.006e-01 0
20250412.500 2460778.000 2460777.992271 0.2730 1362.6163 2.917e-01 6.800e-03 5.444e-02 2.968e-01 1355.9638 2.903e-01 6.800e-03 2.376e-01 3.752e-01 0
20250413.500 2460779.000 2460778.974898 0.2820 1362.7059 2.919e-01 6.800e-03 7.100e-02 3.004e-01 1355.3034 2.903e-01 6.800e-03 1.681e-01 3.355e-01 0
20250414.500 2460780.000 2460780.013799 0.2801 1362.8221 2.921e-01 6.800e-03 5.838e-02 2.978e-01 1354.6261 2.903e-01 6.800e-03 2.013e-01 3.532e-01 0
20250415.500 2460781.000 2460780.993971 0.2890 1362.8529 2.921e-01 6.800e-03 4.650e-02 2.957e-01 1353.9087 2.901e-01 6.800e-03 2.274e-01 3.686e-01 0
20250416.500 2460782.000 2460781.637790 0.0702 1362.8363 2.922e-01 6.800e-03 4.176e-02 2.952e-01 1353.4012 2.902e-01 6.800e-03 7.369e-02 2.994e-01 0
20250417.500 2460783.000 2460783.147588 0.1902 1362.6935 2.922e-01 6.800e-03 5.884e-02 2.980e-01 1352.1097 2.899e-01 6.800e-03 1.850e-01 3.439e-01 0
20250418.500 2460784.000 2460783.999472 0.2841 1362.5078 2.923e-01 6.800e-03 7.360e-02 3.014e-01 1351.2785 2.898e-01 6.800e-03 2.763e-01 4.004e-01 0
20250419.500 2460785.000 2460784.965094 0.2645 1362.4879 2.923e-01 6.800e-03 5.211e-02 2.969e-01 1350.5276 2.897e-01 6.800e-03 1.790e-01 3.405e-01 0
20250420.500 2460786.000 2460786.463623 0.0064 1362.6752 2.926e-01 6.800e-03 5.070e-02 2.969e-01 1349.5844 2.898e-01 6.800e-03 4.872e-02 2.938e-01 0
20250421.500 2460787.000 2460786.973445 0.2785 1362.8095 2.926e-01 6.800e-03 6.344e-02 2.994e-01 1349.3356 2.897e-01 6.800e-03 1.764e-01 3.392e-01 0
20250422.500 2460788.000 2460787.697558 0.1128 1362.8041 2.926e-01 6.800e-03 4.444e-02 2.959e-01 1348.7900 2.896e-01 6.800e-03 1.012e-01 3.068e-01 0
20250423.500 2460789.000 2460789.220084 0.1266 1362.7930 2.927e-01 6.800e-03 5.235e-02 2.974e-01 1347.6537 2.895e-01 6.800e-03 1.145e-01 3.113e-01 0
20250424.500 2460790.000 2460790.000000 0.0000    0.0000 0.000e+00 0.000e+00 0.000e+00 0.000e+00    0.0000 0.000e+00 0.000e+00 0.000e+00 0.000e+00 0
20250425.500 2460791.000 2460791.014385 0.2645 1363.0002 2.929e-01 6.800e-03 1.082e-01 3.123e-01 1346.5547 2.894e-01 6.800e-03 1.040e-01 3.075e-01 0
20250426.500 2460792.000 2460791.989004 0.2896 1363.2593 2.930e-01 6.800e-03 6.979e-02 3.012e-01 1346.1143 2.893e-01 6.800e-03 1.738e-01 3.375e-01 0
20250427.500 2460793.000 2460792.938723 0.2715 1363.2772 2.931e-01 6.800e-03 4.817e-02 2.970e-01 1345.4621 2.893e-01 6.800e-03 1.959e-01 3.494e-01 0
20250428.500 2460794.000 2460793.970888 0.2760 1363.1496 2.932e-01 6.800e-03 6.125e-02 2.995e-01 1344.6188 2.892e-01 6.800e-03 2.328e-01 3.713e-01 0
20250429.500 2460795.000 2460794.951844 0.3044 1363.0407 2.932e-01 6.800e-03 6.340e-02 3.000e-01 1343.8398 2.891e-01 6.800e-03 2.445e-01 3.786e-01 0
20250430.500 2460796.000 2460795.946965 0.2456 1362.7672 2.933e-01 6.800e-03 1.103e-01 3.133e-01 1342.8988 2.890e-01 6.800e-03 2.656e-01 3.925e-01 0
20250501.500 2460797.000 2460797.446237 0.0004 1361.9807 2.932e-01 6.800e-03 7.088e-03 2.933e-01 1341.1308 2.887e-01 6.800e-03 7.248e-03 2.888e-01 0
20250502.500 2460798.000 2460797.962507 0.3079 1361.7859 2.932e-01 6.800e-03 1.577e-01 3.329e-01 1340.6023 2.886e-01 6.800e-03 3.506e-01 4.541e-01 0
20250503.500 2460799.000 2460798.963601 0.2747 1361.3879 2.931e-01 6.800e-03 7.748e-02 3.032e-01 1339.5631 2.884e-01 6.800e-03 2.395e-01 3.749e-01 0
20250504.500 2460800.000 2460799.975376 0.2894 1361.2416 2.932e-01 6.800e-03 5.262e-02 2.979e-01 1338.7730 2.884e-01 6.800e-03 2.082e-01 3.557e-01 0
20250505.500 2460801.000 2460800.927479 0.3112 1361.1541 2.933e-01 6.800e-03 5.782e-02 2.990e-01 1338.0857 2.884e-01 6.800e-03 2.224e-01 3.642e-01 0
20250506.500 2460802.000 2460801.949727 0.3314 1361.2300 2.933e-01 6.800e-03 1.000e-01 3.099e-01 1337.5211 2.882e-01 6.800e-03 1.307e-01 3.165e-01 0
20250507.500 2460803.000 2460802.982785 0.3142 1361.5124 2.935e-01 6.800e-03 1.237e-01 3.185e-01 1337.1591 2.883e-01 6.800e-03 8.964e-02 3.019e-01 0
20250508.500 2460804.000 2460803.567668 0.0677 1361.7519 2.936e-01 6.800e-03 5.951e-02 2.996e-01 1337.0346 2.883e-01 6.800e-03 2.357e-02 2.892e-01 0
20250509.500 2460805.000 2460805.000000 0.0000    0.0000 0.000e+00 0.000e+00 0.000e+00 0.000e+00    0.0000 0.000e+00 0.000e+00 0.000e+00 0.000e+00 0
20250510.500 2460806.000 2460806.000000 0.0000    0.0000 0.000e+00 0.000e+00 0.000e+00 0.000e+00    0.0000 0.000e+00 0.000e+00 0.000e+00 0.000e+00 0
20250511.500 2460807.000 2460807.259572 0.0000 1362.7224 2.941e-01 6.800e-03 0.000e+00 2.941e-01 1335.7591 2.883e-01 6.800e-03 0.000e+00 2.883e-01 0
20250512.500 2460808.000 2460808.089482 0.2683 1362.8084 2.942e-01 6.800e-03 4.885e-02 2.983e-01 1335.3521 2.883e-01 6.800e-03 1.611e-01 3.303e-01 0
20250513.500 2460809.000 2460809.024686 0.2743 1362.8160 2.942e-01 6.800e-03 4.634e-02 2.979e-01 1334.8100 2.882e-01 6.800e-03 1.582e-01 3.288e-01 0
20250514.500 2460810.000 2460810.012932 0.2998 1362.7974 2.944e-01 6.800e-03 4.171e-02 2.973e-01 1334.2160 2.882e-01 6.800e-03 1.720e-01 3.356e-01 0
20250515.500 2460811.000 2460810.988803 0.2874 1362.7314 2.943e-01 6.800e-03 5.152e-02 2.988e-01 1333.5882 2.881e-01 6.800e-03 1.860e-01 3.429e-01 0
20250516.500 2460812.000 2460811.978054 0.3028 1362.6944 2.945e-01 6.800e-03 4.349e-02 2.977e-01 1332.9869 2.881e-01 6.800e-03 1.852e-01 3.424e-01 0
20250517.500 2460813.000 2460813.007295 0.2680 1362.6291 2.945e-01 6.800e-03 4.721e-02 2.982e-01 1332.3416 2.879e-01 6.800e-03 1.688e-01 3.337e-01 0
20250518.500 2460814.000 2460813.969807 0.2839 1362.5934 2.946e-01 6.800e-03 4.586e-02 2.981e-01 1331.7699 2.879e-01 6.800e-03 1.530e-01 3.260e-01 0
20250519.500 2460815.000 2460815.032221 0.2741 1362.6686 2.947e-01 6.800e-03 5.230e-02 2.993e-01 1331.2589 2.880e-01 6.800e-03 1.273e-01 3.148e-01 0
20250520.500 2460816.000 2460815.992346 0.2882 1362.7956 2.948e-01 6.800e-03 6.029e-02 3.009e-01 1330.8632 2.879e-01 6.800e-03 1.232e-01 3.131e-01 0
20250521.500 2460817.000 2460816.928020 0.2078 1362.9127 2.949e-01 6.800e-03 7.130e-02 3.034e-01 1330.4791 2.879e-01 6.800e-03 7.374e-02 2.972e-01 0
20250522.500 2460818.000 2460818.393663 0.0607 1362.9601 2.951e-01 6.800e-03 5.481e-02 3.001e-01 1329.7632 2.879e-01 6.800e-03 6.779e-02 2.958e-01 0
20250523.500 2460819.000 2460818.819220 0.1645 1362.9107 2.951e-01 6.800e-03 5.450e-02 3.001e-01 1329.4985 2.878e-01 6.800e-03 1.165e-01 3.105e-01 0
20250524.500 2460820.000 2460820.357493 0.0889 1362.7424 2.950e-01 6.800e-03 4.505e-02 2.985e-01 1328.5704 2.876e-01 6.800e-03 6.545e-02 2.950e-01 0
20250525.500 2460821.000 2460821.014839 0.2781 1362.7284 2.952e-01 6.800e-03 4.836e-02 2.991e-01 1328.2404 2.877e-01 6.800e-03 1.347e-01 3.177e-01 0
20250526.500 2460822.000 2460821.999146 0.2934 1362.7194 2.953e-01 6.800e-03 6.447e-02 3.023e-01 1327.7687 2.877e-01 6.800e-03 1.700e-01 3.342e-01 0
20250527.500 2460823.000 2460823.003395 0.2894 1362.6036 2.953e-01 6.800e-03 7.689e-02 3.051e-01 1327.1979 2.876e-01 6.800e-03 1.943e-01 3.471e-01 0
20250528.500 2460824.000 2460824.000822 0.2968 1362.2581 2.953e-01 6.800e-03 1.111e-01 3.156e-01 1326.4210 2.876e-01 6.800e-03 2.301e-01 3.683e-01 0
20250529.500 2460825.000 2460825.001501 0.2821 1362.0353 2.953e-01 6.800e-03 6.232e-02 3.018e-01 1325.7765 2.874e-01 6.800e-03 1.590e-01 3.285e-01 0
20250530.500 2460826.000 2460826.002345 0.2955 1361.8034 2.954e-01 6.800e-03 7.790e-02 3.055e-01 1325.1371 2.874e-01 6.800e-03 1.794e-01 3.388e-01 0
20250531.500 2460827.000 2460827.002791 0.2818 1361.6692 2.953e-01 6.800e-03 7.444e-02 3.046e-01 1324.6062 2.873e-01 6.800e-03 1.144e-01 3.093e-01 0
20250601.500 2460828.000 2460828.001574 0.2952 1361.8925 2.955e-01 6.800e-03 9.055e-02 3.091e-01 1324.4364 2.874e-01 6.800e-03 5.710e-02 2.930e-01 0
20250602.500 2460829.000 2460829.014834 0.2883 1362.2297 2.957e-01 6.800e-03 1.188e-01 3.187e-01 1324.3836 2.875e-01 6.800e-03 5.149e-02 2.921e-01 0
20250603.500 2460830.000 2460829.983567 0.3497 1362.6323 2.958e-01 6.800e-03 1.396e-01 3.271e-01 1324.4219 2.875e-01 6.800e-03 4.887e-02 2.917e-01 0
20250604.500 2460831.000 2460830.848520 0.1994 1362.9138 2.960e-01 6.800e-03 6.695e-02 3.035e-01 1324.3882 2.877e-01 6.800e-03 5.242e-02 2.924e-01 0
20250605.500 2460832.000 2460832.002107 0.2942 1362.9986 2.960e-01 6.800e-03 4.918e-02 3.001e-01 1324.0732 2.876e-01 6.800e-03 1.161e-01 3.101e-01 0
20250606.500 2460833.000 2460833.003029 0.2836 1362.8423 2.961e-01 6.800e-03 8.164e-02 3.072e-01 1323.5869 2.876e-01 6.800e-03 1.641e-01 3.312e-01 0
20250607.500 2460834.000 2460833.994234 0.2898 1362.6406 2.961e-01 6.800e-03 6.480e-02 3.031e-01 1323.0690 2.875e-01 6.800e-03 1.432e-01 3.212e-01 0
20250608.500 2460835.000 2460835.002576 0.2845 1362.6210 2.962e-01 6.800e-03 4.741e-02 3.000e-01 1322.7313 2.876e-01 6.800e-03 9.251e-02 3.021e-01 0
20250609.500 2460836.000 2460836.005531 0.2994 1362.5820 2.964e-01 6.800e-03 7.254e-02 3.051e-01 1322.3852 2.876e-01 6.800e-03 1.525e-01 3.256e-01 0
20250610.500 2460837.000 2460837.010161 0.2939 1362.3485 2.963e-01 6.800e-03 7.292e-02 3.052e-01 1321.8582 2.875e-01 6.800e-03 1.479e-01 3.233e-01 0
20250611.500 2460838.000 2460838.009666 0.2896 1362.2580 2.964e-01 6.800e-03 5.241e-02 3.010e-01 1321.4799 2.876e-01 6.800e-03 9.164e-02 3.018e-01 0
20250612.500 2460839.000 2460839.007093 0.2865 1362.3910 2.965e-01 6.800e-03 7.289e-02 3.053e-01 1321.3273 2.875e-01 6.800e-03 4.997e-02 2.918e-01 0
20250613.500 2460840.000 2460840.002102 0.2918 1362.5099 2.966e-01 6.800e-03 5.442e-02 3.016e-01 1321.1697 2.876e-01 6.800e-03 8.064e-02 2.987e-01 0
20250614.500 2460841.000 2460841.001175 0.2859 1362.3750 2.966e-01 6.800e-03 9.466e-02 3.113e-01 1320.7736 2.875e-01 6.800e-03 1.604e-01 3.292e-01 0
20250615.500 2460842.000 2460842.002608 0.2914 1362.0372 2.967e-01 6.800e-03 1.226e-01 3.210e-01 1320.1892 2.875e-01 6.800e-03 1.885e-01 3.438e-01 0
20250616.500 2460843.000 2460843.004358 0.2877 1361.8179 2.967e-01 6.800e-03 5.197e-02 3.013e-01 1319.7290 2.876e-01 6.800e-03 9.410e-02 3.026e-01 0
20250617.500 2460844.000 2460844.003147 0.2912 1361.8901 2.968e-01 6.800e-03 8.856e-02 3.097e-01 1319.5623 2.875e-01 6.800e-03 5.471e-02 2.927e-01 0
20250618.500 2460845.000 2460845.001281 0.2864 1362.1048 2.969e-01 6.800e-03 5.190e-02 3.014e-01 1319.5445 2.877e-01 6.800e-03 6.334e-02 2.946e-01 0
20250619.500 2460846.000 2460845.529747 0.0066 1362.2254 2.970e-01 6.800e-03 3.865e-02 2.995e-01 1319.5459 2.877e-01 6.800e-03 3.729e-02 2.901e-01 0
20250620.500 2460847.000 2460847.082462 0.2457 1362.4759 2.972e-01 6.800e-03 5.480e-02 3.022e-01 1319.4714 2.878e-01 6.800e-03 5.439e-02 2.929e-01 0
20250621.500 2460848.000 2460848.024346 0.2940 1362.5087 2.973e-01 6.800e-03 4.651e-02 3.009e-01 1319.3265 2.879e-01 6.800e-03 6.759e-02 2.957e-01 0
20250622.500 2460849.000 2460849.001277 0.2870 1362.4345 2.973e-01 6.800e-03 7.336e-02 3.062e-01 1319.0848 2.878e-01 6.800e-03 1.095e-01 3.079e-01 0
20250623.500 2460850.000 2460850.007751 0.2900 1362.4289 2.974e-01 6.800e-03 5.287e-02 3.021e-01 1318.9197 2.879e-01 6.800e-03 4.416e-02 2.913e-01 0
20250624.500 2460851.000 2460850.720985 0.1282 1362.4940 2.974e-01 6.800e-03 7.376e-02 3.064e-01 1318.8787 2.879e-01 6.800e-03 7.051e-02 2.964e-01 0
20250625.500 2460852.000 2460852.291995 0.1235 1362.4967 2.976e-01 6.800e-03 4.873e-02 3.015e-01 1318.6822 2.880e-01 6.800e-03 4.597e-02 2.916e-01 0
20250626.500 2460853.000 2460852.658923 0.0928 1362.4952 2.976e-01 6.800e-03 4.947e-02 3.017e-01 1318.6400 2.880e-01 6.800e-03 5.000e-02 2.923e-01 0
20250627.500 2460854.000 2460854.254385 0.1511 1362.5411 2.977e-01 6.800e-03 5.072e-02 3.020e-01 1318.5324 2.881e-01 6.800e-03 4.846e-02 2.921e-01 0
20250628.500 2460855.000 2460854.992332 0.2917 1362.6334 2.979e-01 6.800e-03 5.477e-02 3.029e-01 1318.5654 2.882e-01 6.800e-03 4.254e-02 2.914e-01 0
20250629.500 2460856.000 2460855.984157 0.2882 1362.6307 2.979e-01 6.800e-03 6.553e-02 3.050e-01 1318.4993 2.882e-01 6.800e-03 7.490e-02 2.978e-01 0
20250630.500 2460857.000 2460857.039731 0.2769 1362.6435 2.980e-01 6.800e-03 5.847e-02 3.037e-01 1318.4597 2.883e-01 6.800e-03 5.371e-02 2.933e-01 0
20250701.500 2460858.000 2460857.875386 0.1867 1362.6905 2.980e-01 6.800e-03 6.280e-02 3.046e-01 1318.4746 2.884e-01 6.800e-03 5.789e-02 2.941e-01 0
20250702.500 2460859.000 2460859.400378 0.0536 1362.8070 2.982e-01 6.800e-03 5.232e-02 3.027e-01 1318.5556 2.885e-01 6.800e-03 5.053e-02 2.929e-01 0
20250703.500 2460860.000 2460859.949030 0.2850 1362.7785 2.982e-01 6.800e-03 5.425e-02 3.031e-01 1318.5243 2.885e-01 6.800e-03 5.247e-02 2.932e-01 0
20250704.500 2460861.000 2460860.967647 0.2656 1362.7498 2.983e-01 6.800e-03 5.868e-02 3.040e-01 1318.4979 2.886e-01 6.800e-03 5.742e-02 2.943e-01 0
20250705.500 2460862.000 2460862.000000 0.0000    0.0000 0.000e+00 0.000e+00 0.000e+00 0.000e+00    0.0000 0.000e+00 0.000e+00 0.000e+00 0.000e+00 0
20250706.500 2460863.000 2460863.000000 0.0000    0.0000 0.000e+00 0.000e+00 0.000e+00 0.000e+00    0.0000 0.000e+00 0.000e+00 0.000e+00 0.000e+00 0
20250707.500 2460864.000 2460864.000000 0.0000    0.0000 0.000e+00 0.000e+00 0.000e+00 0.000e+00    0.0000 0.000e+00 0.000e+00 0.000e+00 0.000e+00 0
20250708.500 2460865.000 2460865.000000 0.0000    0.0000 0.000e+00 0.000e+00 0.000e+00 0.000e+00    0.0000 0.000e+00 0.000e+00 0.000e+00 0.000e+00 0
20250709.500 2460866.000 2460866.000000 0.0000    0.0000 0.000e+00 0.000e+00 0.000e+00 0.000e+00    0.0000 0.000e+00 0.000e+00 0.000e+00 0.000e+00 0
20250710.500 2460867.000 2460867.000000 0.0000    0.0000 0.000e+00 0.000e+00 0.000e+00 0.000e+00    0.0000 0.000e+00 0.000e+00 0.000e+00 0.000e+00 0
20250711.500 2460868.000 2460868.000000 0.0000    0.0000 0.000e+00 0.000e+00 0.000e+00 0.000e+00    0.0000 0.000e+00 0.000e+00 0.000e+00 0.000e+00 0
20250712.500 2460869.000 2460869.000000 0.0000    0.0000 0.000e+00 0.000e+00 0.000e+00 0.000e+00    0.0000 0.000e+00 0.000e+00 0.000e+00 0.000e+00 0
20250713.500 2460870.000 2460869.989277 0.2635 1362.1545 2.989e-01 6.800e-03 4.182e-02 3.018e-01 1318.3936 2.893e-01 6.800e-03 5.003e-02 2.936e-01 0
20250714.500 2460871.000 2460871.000000 0.0000    0.0000 0.000e+00 0.000e+00 0.000e+00 0.000e+00    0.0000 0.000e+00 0.000e+00 0.000e+00 0.000e+00 0
20250715.500 2460872.000 2460872.256394 0.1299 1362.0769 2.990e-01 6.800e-03 5.765e-02 3.045e-01 1318.5543 2.894e-01 6.800e-03 5.061e-02 2.938e-01 0
20250716.500 2460873.000 2460872.771842 0.1695 1361.9840 2.991e-01 6.800e-03 4.916e-02 3.031e-01 1318.5251 2.895e-01 6.800e-03 4.607e-02 2.932e-01 0
20250717.500 2460874.000 2460874.318480 0.0978 1361.8771 2.991e-01 6.800e-03 5.772e-02 3.046e-01 1318.6213 2.896e-01 6.800e-03 6.345e-02 2.964e-01 0
20250718.500 2460875.000 2460874.977066 0.2931 1362.1546 2.993e-01 6.800e-03 1.437e-01 3.320e-01 1318.9840 2.898e-01 6.800e-03 1.796e-01 3.409e-01 0
20250719.500 2460876.000 2460875.982477 0.2686 1362.5922 2.995e-01 6.800e-03 1.052e-01 3.174e-01 1319.5611 2.900e-01 6.800e-03 1.408e-01 3.224e-01 0
20250720.500 2460877.000 2460877.038927 0.3007 1362.8156 2.995e-01 6.800e-03 6.108e-02 3.057e-01 1319.9533 2.901e-01 6.800e-03 9.843e-02 3.064e-01 0
20250721.500 2460878.000 2460877.998889 0.2697 1362.8834 2.997e-01 6.800e-03 5.071e-02 3.040e-01 1320.1924 2.903e-01 6.800e-03 8.412e-02 3.023e-01 0
20250722.500 2460879.000 2460879.022271 0.2896 1362.8323 2.997e-01 6.800e-03 6.817e-02 3.073e-01 1320.3430 2.903e-01 6.800e-03 6.012e-02 2.965e-01 0
20250723.500 2460880.000 2460880.001372 0.2807 1362.6951 2.998e-01 6.800e-03 6.157e-02 3.061e-01 1320.4164 2.905e-01 6.800e-03 5.767e-02 2.962e-01 0
20250724.500 2460881.000 2460880.990449 0.2964 1362.6002 2.998e-01 6.800e-03 4.970e-02 3.039e-01 1320.5482 2.905e-01 6.800e-03 6.913e-02 2.986e-01 0
20250725.500 2460882.000 2460881.989156 0.2779 1362.5559 2.999e-01 6.800e-03 4.930e-02 3.039e-01 1320.7465 2.907e-01 6.800e-03 7.755e-02 3.009e-01 0
20250726.500 2460883.000 2460883.003701 0.2978 1362.5689 3.000e-01 6.800e-03 5.830e-02 3.056e-01 1321.0203 2.909e-01 6.800e-03 1.197e-01 3.145e-01 0
20250727.500 2460884.000 2460883.997702 0.2795 1362.6958 3.001e-01 6.800e-03 5.671e-02 3.054e-01 1321.4140 2.910e-01 6.800e-03 1.201e-01 3.148e-01 0
20250728.500 2460885.000 2460885.005491 0.3029 1362.8263 3.002e-01 6.800e-03 7.041e-02 3.084e-01 1321.8300 2.912e-01 6.800e-03 1.450e-01 3.253e-01 0
20250729.500 2460886.000 2460885.999243 0.2804 1362.9563 3.003e-01 6.800e-03 4.894e-02 3.042e-01 1322.2552 2.913e-01 6.800e-03 1.082e-01 3.107e-01 0
20250730.500 2460887.000 2460886.993914 0.2962 1363.0471 3.004e-01 6.800e-03 5.875e-02 3.061e-01 1322.6562 2.915e-01 6.800e-03 1.382e-01 3.226e-01 0
20250731.500 2460888.000 2460887.993820 0.2806 1362.9990 3.004e-01 6.800e-03 5.193e-02 3.049e-01 1322.9367 2.916e-01 6.800e-03 9.196e-02 3.057e-01 0
20250801.500 2460889.000 2460888.999837 0.2956 1362.7739 3.005e-01 6.800e-03 1.160e-01 3.221e-01 1323.0595 2.917e-01 6.800e-03 5.604e-02 2.971e-01 0
20250802.500 2460890.000 2460889.607064 0.0544 1362.6293 3.006e-01 6.800e-03 5.239e-02 3.051e-01 1323.1302 2.919e-01 6.800e-03 5.078e-02 2.963e-01 0
20250803.500 2460891.000 2460891.151904 0.2046 1362.4640 3.006e-01 6.800e-03 5.204e-02 3.050e-01 1323.5258 2.920e-01 6.800e-03 9.440e-02 3.069e-01 0
20250804.500 2460892.000 2460891.990171 0.2802 1362.3871 3.007e-01 6.800e-03 7.128e-02 3.090e-01 1323.7629 2.922e-01 6.800e-03 8.034e-02 3.030e-01 0
20250805.500 2460893.000 2460892.735999 0.1478 1362.2544 3.006e-01 6.800e-03 6.264e-02 3.071e-01 1323.9165 2.922e-01 6.800e-03 5.585e-02 2.975e-01 0
20250806.500 2460894.000 2460894.348658 0.0734 1362.0321 3.007e-01 6.800e-03 3.767e-02 3.031e-01 1324.3281 2.924e-01 6.800e-03 4.490e-02 2.958e-01 0
20250807.500 2460895.000 2460894.905692 0.2936 1362.1325 3.009e-01 6.800e-03 7.973e-02 3.113e-01 1324.6477 2.926e-01 6.800e-03 1.848e-01 3.461e-01 0
20250808.500 2460896.000 2460895.959727 0.2600 1362.3569 3.009e-01 6.800e-03 7.517e-02 3.102e-01 1325.2917 2.928e-01 6.800e-03 1.677e-01 3.374e-01 0
20250809.500 2460897.000 2460897.477537 0.0053 1362.5281 3.011e-01 6.800e-03 3.937e-02 3.037e-01 1326.0853 2.931e-01 6.800e-03 3.871e-02 2.956e-01 0
20250810.500 2460898.000 2460897.995441 0.2792 1362.4054 3.011e-01 6.800e-03 6.402e-02 3.078e-01 1326.1836 2.931e-01 6.800e-03 9.100e-02 3.069e-01 0
20250811.500 2460899.000 2460898.996408 0.3003 1362.3270 3.012e-01 6.800e-03 5.102e-02 3.055e-01 1326.5330 2.933e-01 6.800e-03 1.147e-01 3.149e-01 0
20250812.500 2460900.000 2460900.001667 0.2797 1362.3546 3.012e-01 6.800e-03 7.930e-02 3.115e-01 1326.9945 2.934e-01 6.800e-03 1.871e-01 3.480e-01 0
20250813.500 2460901.000 2460900.998092 0.2977 1362.6500 3.014e-01 6.800e-03 8.453e-02 3.130e-01 1327.7203 2.937e-01 6.800e-03 2.063e-01 3.589e-01 0
20250814.500 2460902.000 2460901.610759 0.0589 1362.7757 3.016e-01 6.800e-03 4.695e-02 3.052e-01 1328.1156 2.939e-01 6.800e-03 6.298e-02 3.006e-01 0
20250815.500 2460903.000 2460903.124522 0.2231 1362.9621 3.016e-01 6.800e-03 5.188e-02 3.061e-01 1328.9862 2.941e-01 6.800e-03 1.313e-01 3.221e-01 0
20250816.500 2460904.000 2460903.996027 0.2788 1362.9567 3.018e-01 6.800e-03 5.152e-02 3.061e-01 1329.3872 2.943e-01 6.800e-03 1.280e-01 3.210e-01 0
20250817.500 2460905.000 2460904.997041 0.2975 1362.9022 3.017e-01 6.800e-03 4.833e-02 3.056e-01 1329.8101 2.944e-01 6.800e-03 1.500e-01 3.304e-01 0
20250818.500 2460906.000 2460905.997182 0.2794 1362.8795 3.019e-01 6.800e-03 5.305e-02 3.065e-01 1330.2743 2.947e-01 6.800e-03 1.344e-01 3.239e-01 0
20250819.500 2460907.000 2460906.997433 0.2980 1362.8154 3.019e-01 6.800e-03 5.198e-02 3.063e-01 1330.7099 2.948e-01 6.800e-03 1.554e-01 3.332e-01 0
20250820.500 2460908.000 2460907.997123 0.2794 1362.7764 3.020e-01 6.800e-03 4.733e-02 3.057e-01 1331.1816 2.950e-01 6.800e-03 1.514e-01 3.316e-01 0
20250821.500 2460909.000 2460908.985966 0.3019 1362.8003 3.021e-01 6.800e-03 5.240e-02 3.066e-01 1331.7216 2.952e-01 6.800e-03 1.790e-01 3.453e-01 0
20250822.500 2460910.000 2460910.006723 0.3039 1362.7323 3.021e-01 6.800e-03 5.237e-02 3.066e-01 1332.2015 2.953e-01 6.800e-03 1.481e-01 3.304e-01 0
20250823.500 2460911.000 2460910.999368 0.2981 1362.6349 3.022e-01 6.800e-03 8.944e-02 3.152e-01 1332.6503 2.956e-01 6.800e-03 1.096e-01 3.153e-01 0
20250824.500 2460912.000 2460912.000326 0.2780 1362.5216 3.022e-01 6.800e-03 4.990e-02 3.063e-01 1333.1005 2.957e-01 6.800e-03 1.556e-01 3.341e-01 0
20250825.500 2460913.000 2460912.641142 0.0921 1362.5407 3.023e-01 6.800e-03 4.632e-02 3.059e-01 1333.4844 2.959e-01 6.800e-03 5.945e-02 3.018e-01 0
20250826.500 2460914.000 2460914.375839 0.1281 1362.2990 3.024e-01 6.800e-03 7.671e-02 3.120e-01 1334.2619 2.962e-01 6.800e-03 6.177e-02 3.026e-01 0
20250827.500 2460915.000 2460914.952652 0.3020 1362.1276 3.024e-01 6.800e-03 1.169e-01 3.242e-01 1334.4390 2.962e-01 6.800e-03 9.951e-02 3.125e-01 0
20250828.500 2460916.000 2460915.992850 0.2794 1361.8595 3.025e-01 6.800e-03 7.607e-02 3.119e-01 1334.8065 2.965e-01 6.800e-03 1.252e-01 3.218e-01 0
20250829.500 2460917.000 2460917.007500 0.2941 1361.5966 3.024e-01 6.800e-03 8.371e-02 3.138e-01 1335.1738 2.965e-01 6.800e-03 1.373e-01 3.268e-01 0
20250830.500 2460918.000 2460918.003145 0.2797 1361.6115 3.026e-01 6.800e-03 8.619e-02 3.146e-01 1335.8108 2.968e-01 6.800e-03 2.494e-01 3.877e-01 0
20250831.500 2460919.000 2460918.982995 0.3012 1361.8806 3.026e-01 6.800e-03 1.142e-01 3.234e-01 1336.6958 2.970e-01 6.800e-03 2.945e-01 4.183e-01 0
20250901.500 2460920.000 2460919.989761 0.2922 1362.2753 3.028e-01 6.800e-03 1.360e-01 3.320e-01 1337.7289 2.974e-01 6.800e-03 3.155e-01 4.336e-01 0
20250902.500 2460921.000 2460921.029200 0.3007 1362.5663 3.030e-01 6.800e-03 7.417e-02 3.120e-01 1338.6889 2.977e-01 6.800e-03 2.554e-01 3.923e-01 0
20250903.500 2460922.000 2460921.548100 0.0049 1362.6987 3.031e-01 6.800e-03 4.180e-02 3.059e-01 1339.1578 2.978e-01 6.800e-03 4.219e-02 3.008e-01 0
20250904.500 2460923.000 2460923.000000 0.0000    0.0000 0.000e+00 0.000e+00 0.000e+00 0.000e+00    0.0000 0.000e+00 0.000e+00 0.000e+00 0.000e+00 0
20250905.500 2460924.000 2460924.000000 0.0000    0.0000 0.000e+00 0.000e+00 0.000e+00 0.000e+00    0.0000 0.000e+00 0.000e+00 0.000e+00 0.000e+00 0
20250906.500 2460925.000 2460925.212442 0.1637 1362.3450 3.033e-01 6.800e-03 9.096e-02 3.166e-01 1341.2409 2.986e-01 6.800e-03 5.810e-02 3.042e-01 0
20250907.500 2460926.000 2460926.004508 0.2795 1362.1074 3.032e-01 6.800e-03 9.491e-02 3.177e-01 1341.5386 2.986e-01 6.800e-03 1.317e-01 3.264e-01 0
20250908.500 2460927.000 2460926.994979 0.2936 1362.0650 3.033e-01 6.800e-03 5.736e-02 3.087e-01 1342.1638 2.989e-01 6.800e-03 2.299e-01 3.771e-01 0
20250909.500 2460928.000 2460927.808609 0.1668 1362.2209 3.035e-01 6.800e-03 6.987e-02 3.114e-01 1342.8670 2.992e-01 6.800e-03 1.674e-01 3.429e-01 0
20250910.500 2460929.000 2460929.364130 0.0910 1362.4671 3.036e-01 6.800e-03 4.713e-02 3.072e-01 1344.1653 2.995e-01 6.800e-03 8.465e-02 3.112e-01 0
20250911.500 2460930.000 2460930.015456 0.2785 1362.5339 3.037e-01 6.800e-03 6.564e-02 3.107e-01 1344.6754 2.997e-01 6.800e-03 2.385e-01 3.831e-01 0
20250912.500 2460931.000 2460930.962973 0.2770 1362.6277 3.037e-01 6.800e-03 4.867e-02 3.076e-01 1345.4166 2.999e-01 6.800e-03 2.065e-01 3.641e-01 0
20250913.500 2460932.000 2460931.553124 0.0043 1362.6687 3.039e-01 6.800e-03 6.156e-02 3.100e-01 1345.8626 3.001e-01 6.800e-03 6.220e-02 3.065e-01 0
20250914.500 2460933.000 2460933.000000 0.0000    0.0000 0.000e+00 0.000e+00 0.000e+00 0.000e+00    0.0000 0.000e+00 0.000e+00 0.000e+00 0.000e+00 0
20250915.500 2460934.000 2460934.130640 0.2120 1362.4848 3.040e-01 6.800e-03 5.010e-02 3.081e-01 1347.4722 3.006e-01 6.800e-03 1.433e-01 3.330e-01 0
20250916.500 2460935.000 2460935.057883 0.2786 1362.4399 3.041e-01 6.800e-03 5.055e-02 3.083e-01 1348.0818 3.009e-01 6.800e-03 2.068e-01 3.651e-01 0
20250917.500 2460936.000 2460936.001864 0.2707 1362.2822 3.041e-01 6.800e-03 1.113e-01 3.238e-01 1348.5971 3.010e-01 6.800e-03 1.092e-01 3.202e-01 0
20250918.500 2460937.000 2460936.629176 0.0812 1362.1177 3.042e-01 6.800e-03 4.481e-02 3.074e-01 1348.8837 3.012e-01 6.800e-03 6.933e-02 3.091e-01 0
20250919.500 2460938.000 2460938.276367 0.1234 1362.0443 3.041e-01 6.800e-03 5.161e-02 3.085e-01 1350.0056 3.015e-01 6.800e-03 1.242e-01 3.260e-01 0
20250920.500 2460939.000 2460938.998784 0.2958 1362.1840 3.043e-01 6.800e-03 9.043e-02 3.175e-01 1350.6747 3.017e-01 6.800e-03 2.986e-01 4.245e-01 0
20250921.500 2460940.000 2460939.992880 0.2804 1362.4331 3.045e-01 6.800e-03 9.357e-02 3.186e-01 1351.6582 3.021e-01 6.800e-03 2.935e-01 4.212e-01 0
20250922.500 2460941.000 2460941.001423 0.3106 1362.7434 3.046e-01 6.800e-03 1.171e-01 3.263e-01 1352.7211 3.023e-01 6.800e-03 3.408e-01 4.556e-01 0
20250923.500 2460942.000 2460942.008971 0.2765 1362.8799 3.047e-01 6.800e-03 5.492e-02 3.096e-01 1353.6181 3.027e-01 6.800e-03 2.010e-01 3.633e-01 0
20250924.500 2460943.000 2460943.003748 0.2973 1362.7265 3.047e-01 6.800e-03 5.865e-02 3.103e-01 1354.2242 3.028e-01 6.800e-03 2.148e-01 3.713e-01 0
20250925.500 2460944.000 2460943.544573 0.0019 1362.6848 3.048e-01 6.800e-03 4.496e-02 3.081e-01 1354.5976 3.030e-01 6.800e-03 4.324e-02 3.061e-01 0
20250926.500 2460945.000 2460945.000000 0.0000    0.0000 0.000e+00 0.000e+00 0.000e+00 0.000e+00    0.0000 0.000e+00 0.000e+00 0.000e+00 0.000e+00 0
20250927.500 2460946.000 2460946.000000 0.0000    0.0000 0.000e+00 0.000e+00 0.000e+00 0.000e+00    0.0000 0.000e+00 0.000e+00 0.000e+00 0.000e+00 0
20250928.500 2460947.000 2460947.067568 0.2606 1362.9015 3.052e-01 6.800e-03 6.419e-02 3.118e-01 1357.5551 3.040e-01 6.800e-03 1.701e-01 3.483e-01 0
20250929.500 2460948.000 2460947.969636 0.2677 1362.6199 3.051e-01 6.800e-03 1.267e-01 3.303e-01 1357.9847 3.041e-01 6.800e-03 1.072e-01 3.224e-01 0
20250930.500 2460949.000 2460948.997712 0.2974 1362.2402 3.051e-01 6.800e-03 7.418e-02 3.140e-01 1358.4179 3.043e-01 6.800e-03 2.116e-01 3.706e-01 0
20251001.500 2460950.000 2460949.998484 0.2792 1362.2720 3.051e-01 6.800e-03 5.892e-02 3.108e-01 1359.2415 3.045e-01 6.800e-03 2.378e-01 3.863e-01 0
20251002.500 2460951.000 2460951.003495 0.2999 1362.1516 3.053e-01 6.800e-03 4.916e-02 3.092e-01 1359.9172 3.048e-01 6.800e-03 2.184e-01 3.749e-01 0
20251003.500 2460952.000 2460952.001329 0.2797 1362.1265 3.053e-01 6.800e-03 4.734e-02 3.089e-01 1360.6823 3.049e-01 6.800e-03 2.171e-01 3.743e-01 0
20251004.500 2460953.000 2460953.002277 0.2986 1362.0569 3.054e-01 6.800e-03 6.276e-02 3.118e-01 1361.4039 3.052e-01 6.800e-03 2.640e-01 4.036e-01 0
20251005.500 2460954.000 2460954.002916 0.2795 1362.2929 3.056e-01 6.800e-03 1.138e-01 3.261e-01 1362.4289 3.056e-01 6.800e-03 3.263e-01 4.470e-01 0
20251006.500 2460955.000 2460955.003238 0.2984 1362.6585 3.056e-01 6.800e-03 1.162e-01 3.270e-01 1363.5805 3.059e-01 6.800e-03 3.410e-01 4.581e-01 0
20251007.500 2460956.000 2460956.003753 0.2819 1362.8725 3.058e-01 6.800e-03 5.455e-02 3.107e-01 1364.5773 3.062e-01 6.800e-03 2.173e-01 3.755e-01 0
20251008.500 2460957.000 2460957.005100 0.2973 1362.8170 3.058e-01 6.800e-03 5.699e-02 3.111e-01 1365.3011 3.064e-01 6.800e-03 2.048e-01 3.685e-01 0
20251009.500 2460958.000 2460958.008396 0.2822 1362.7776 3.059e-01 6.800e-03 5.339e-02 3.106e-01 1366.0386 3.067e-01 6.800e-03 2.341e-01 3.858e-01 0
20251010.500 2460959.000 2460959.002264 0.2927 1362.7970 3.061e-01 6.800e-03 4.555e-02 3.095e-01 1366.8240 3.070e-01 6.800e-03 2.166e-01 3.757e-01 0
20251011.500 2460960.000 2460960.008046 0.2870 1362.5909 3.060e-01 6.800e-03 9.394e-02 3.201e-01 1367.3891 3.071e-01 6.800e-03 1.484e-01 3.411e-01 0
20251012.500 2460961.000 2460961.005717 0.2887 1362.2434 3.061e-01 6.800e-03 1.653e-01 3.479e-01 1367.8032 3.073e-01 6.800e-03 7.570e-02 3.165e-01 0
20251013.500 2460962.000 2460962.003829 0.2893 1361.7787 3.060e-01 6.800e-03 1.647e-01 3.475e-01 1368.0976 3.074e-01 6.800e-03 7.393e-02 3.162e-01 0
20251014.500 2460963.000 2460962.542727 0.0223 1361.4767 3.061e-01 6.800e-03 3.809e-02 3.084e-01 1368.2045 3.076e-01 6.800e-03 2.954e-02 3.090e-01 0
20251015.500 2460964.000 2460964.000000 0.0000    0.0000 0.000e+00 0.000e+00 0.000e+00 0.000e+00    0.0000 0.000e+00 0.000e+00 0.000e+00 0.000e+00 0
20251016.500 2460965.000 2460964.889506 0.1483 1361.9003 3.063e-01 6.800e-03 8.426e-02 3.177e-01 1370.4156 3.082e-01 6.800e-03 1.887e-01 3.614e-01 0
20251017.500 2460966.000 2460966.359249 0.0880 1362.5549 3.066e-01 6.800e-03 5.585e-02 3.116e-01 1372.1935 3.087e-01 6.800e-03 1.039e-01 3.258e-01 0
20251018.500 2460967.000 2460966.981263 0.2766 1362.7198 3.066e-01 6.800e-03 9.277e-02 3.203e-01 1372.8337 3.089e-01 6.800e-03 2.880e-01 4.223e-01 0
20251019.500 2460968.000 2460968.002302 0.2782 1362.8516 3.068e-01 6.800e-03 5.740e-02 3.121e-01 1373.7456 3.092e-01 6.800e-03 2.477e-01 3.962e-01 0
20251020.500 2460969.000 2460969.024868 0.2645 1362.8629 3.068e-01 6.800e-03 4.407e-02 3.099e-01 1374.5380 3.094e-01 6.800e-03 2.011e-01 3.690e-01 0
20251021.500 2460970.000 2460969.959030 0.2771 1362.8107 3.069e-01 6.800e-03 5.268e-02 3.114e-01 1375.1996 3.097e-01 6.800e-03 2.023e-01 3.699e-01 0
20251022.500 2460971.000 2460970.972398 0.2697 1362.7886 3.069e-01 6.800e-03 5.499e-02 3.118e-01 1375.9527 3.099e-01 6.800e-03 2.237e-01 3.822e-01 0
20251023.500 2460972.000 2460972.005201 0.2767 1362.8578 3.071e-01 6.800e-03 5.297e-02 3.116e-01 1376.8130 3.102e-01 6.800e-03 2.083e-01 3.736e-01 0
20251024.500 2460973.000 2460972.903776 0.3279 1362.7717 3.072e-01 6.800e-03 8.046e-02 3.175e-01 1377.4135 3.105e-01 6.800e-03 1.994e-01 3.690e-01 0
20251025.500 2460974.000 2460974.039566 0.2940 1362.7535 3.072e-01 6.800e-03 6.248e-02 3.135e-01 1378.2633 3.107e-01 6.800e-03 2.722e-01 4.130e-01 0
20251026.500 2460975.000 2460974.984344 0.2744 1362.8160 3.073e-01 6.800e-03 4.731e-02 3.109e-01 1379.0475 3.110e-01 6.800e-03 2.195e-01 3.807e-01 0
20251027.500 2460976.000 2460976.003312 0.2828 1362.8030 3.073e-01 6.800e-03 4.343e-02 3.104e-01 1379.8097 3.111e-01 6.800e-03 2.095e-01 3.751e-01 0
20251028.500 2460977.000 2460976.738396 0.1295 1362.7821 3.074e-01 6.800e-03 5.420e-02 3.122e-01 1380.3463 3.114e-01 6.800e-03 1.052e-01 3.287e-01 0
20251029.500 2460978.000 2460978.000000 0.0000    0.0000 0.000e+00 0.000e+00 0.000e+00 0.000e+00    0.0000 0.000e+00 0.000e+00 0.000e+00 0.000e+00 0
20251030.500 2460979.000 2460979.329685 0.0786 1362.7578 3.076e-01 6.800e-03 4.107e-02 3.103e-01 1382.2702 3.120e-01 6.800e-03 5.754e-02 3.172e-01 0
20251031.500 2460980.000 2460979.980338 0.2874 1362.7447 3.077e-01 6.800e-03 4.722e-02 3.113e-01 1382.7402 3.122e-01 6.800e-03 2.106e-01 3.766e-01 0
20251101.500 2460981.000 2460980.974364 0.2759 1362.7136 3.077e-01 6.800e-03 5.405e-02 3.124e-01 1383.4419 3.124e-01 6.800e-03 2.162e-01 3.799e-01 0
20251102.500 2460982.000 2460982.015180 0.2858 1362.7161 3.078e-01 6.800e-03 4.837e-02 3.116e-01 1384.2039 3.127e-01 6.800e-03 1.862e-01 3.639e-01 0
20251103.500 2460983.000 2460983.060276 0.3212 1362.5951 3.078e-01 6.800e-03 7.375e-02 3.165e-01 1384.8337 3.128e-01 6.800e-03 1.823e-01 3.621e-01 0
20251104.500 2460984.000 2460984.000000 0.0000    0.0000 0.000e+00 0.000e+00 0.000e+00 0.000e+00    0.0000 0.000e+00 0.000e+00 0.000e+00 0.000e+00 0
20251105.500 2460985.000 2460985.000000 0.0000    0.0000 0.000e+00 0.000e+00 0.000e+00 0.000e+00    0.0000 0.000e+00 0.000e+00 0.000e+00 0.000e+00 0
20251106.500 2460986.000 2460986.000000 0.0000    0.0000 0.000e+00 0.000e+00 0.000e+00 0.000e+00    0.0000 0.000e+00 0.000e+00 0.000e+00 0.000e+00 0
20251107.500 2460987.000 2460987.000000 0.0000    0.0000 0.000e+00 0.000e+00 0.000e+00 0.000e+00    0.0000 0.000e+00 0.000e+00 0.000e+00 0.000e+00 0
20251108.500 2460988.000 2460988.000000 0.0000    0.0000 0.000e+00 0.000e+00 0.000e+00 0.000e+00    0.0000 0.000e+00 0.000e+00 0.000e+00 0.000e+00 0
20251109.500 2460989.000 2460989.000000 0.0000    0.0000 0.000e+00 0.000e+00 0.000e+00 0.000e+00    0.0000 0.000e+00 0.000e+00 0.000e+00 0.000e+00 0
20251110.500 2460990.000 2460990.000000 0.0000    0.0000 0.000e+00 0.000e+00 0.000e+00 0.000e+00    0.0000 0.000e+00 0.000e+00 0.000e+00 0.000e+00 0
20251111.500 2460991.000 2460991.000000 0.0000    0.0000 0.000e+00 0.000e+00 0.000e+00 0.000e+00    0.0000 0.000e+00 0.000e+00 0.000e+00 0.000e+00 0
20251112.500 2460992.000 2460992.000000 0.0000    0.0000 0.000e+00 0.000e+00 0.000e+00 0.000e+00    0.0000 0.000e+00 0.000e+00 0.000e+00 0.000e+00 0
20251113.500 2460993.000 2460993.212624 0.1641 1362.8642 3.087e-01 6.800e-03 5.951e-02 3.144e-01 1391.8367 3.153e-01 6.800e-03 1.510e-01 3.495e-01 0
20251114.500 2460994.000 2460994.031562 0.2906 1363.0909 3.089e-01 6.800e-03 6.883e-02 3.165e-01 1392.5708 3.156e-01 6.800e-03 2.265e-01 3.884e-01 0
20251115.500 2460995.000 2460995.008314 0.2744 1363.1036 3.089e-01 6.800e-03 5.070e-02 3.130e-01 1393.1775 3.157e-01 6.800e-03 1.626e-01 3.551e-01 0
20251116.500 2460996.000 2460996.019408 0.2905 1362.9527 3.090e-01 6.800e-03 7.343e-02 3.176e-01 1393.6312 3.159e-01 6.800e-03 1.297e-01 3.415e-01 0
20251117.500 2460997.000 2460997.019616 0.2958 1362.7834 3.091e-01 6.800e-03 7.164e-02 3.173e-01 1394.0532 3.162e-01 6.800e-03 1.254e-01 3.401e-01 0
20251118.500 2460998.000 2460998.026471 0.2841 1362.7378 3.091e-01 6.800e-03 5.543e-02 3.140e-01 1394.5993 3.163e-01 6.800e-03 1.715e-01 3.598e-01 0
20251119.500 2460999.000 2460998.747894 0.1368 1362.7544 3.092e-01 6.800e-03 5.747e-02 3.145e-01 1395.0375 3.165e-01 6.800e-03 1.148e-01 3.367e-01 0
20251120.500 2461000.000 2461000.269384 0.1174 1362.9594 3.093e-01 6.800e-03 3.667e-02 3.114e-01 1396.1249 3.168e-01 6.800e-03 8.806e-02 3.288e-01 0
20251121.500 2461001.000 2461001.023473 0.2888 1362.9581 3.094e-01 6.800e-03 4.855e-02 3.132e-01 1396.5528 3.170e-01 6.800e-03 1.701e-01 3.598e-01 0
20251122.500 2461002.000 2461001.997561 0.2983 1362.9135 3.094e-01 6.800e-03 5.439e-02 3.141e-01 1397.0564 3.171e-01 6.800e-03 1.542e-01 3.526e-01 0
20251123.500 2461003.000 2461003.029710 0.2769 1362.7343 3.095e-01 6.800e-03 6.643e-02 3.165e-01 1397.4474 3.174e-01 6.800e-03 1.231e-01 3.404e-01 0
20251124.500 2461004.000 2461004.014988 0.2963 1362.5573 3.096e-01 6.800e-03 6.300e-02 3.159e-01 1397.8071 3.176e-01 6.800e-03 1.285e-01 3.426e-01 0
20251125.500 2461005.000 2461005.033630 0.2900 1362.3957 3.095e-01 6.800e-03 5.995e-02 3.153e-01 1398.1926 3.177e-01 6.800e-03 1.242e-01 3.411e-01 0
20251126.500 2461006.000 2461005.991360 0.2905 1362.3003 3.097e-01 6.800e-03 5.197e-02 3.140e-01 1398.6047 3.179e-01 6.800e-03 1.541e-01 3.533e-01 0
20251127.500 2461007.000 2461006.721686 0.1193 1362.3441 3.097e-01 6.800e-03 5.597e-02 3.147e-01 1399.0331 3.180e-01 6.800e-03 1.023e-01 3.340e-01 0
20251128.500 2461008.000 2461008.294602 0.1261 1362.4292 3.098e-01 6.800e-03 5.339e-02 3.144e-01 1399.9269 3.183e-01 6.800e-03 9.875e-02 3.333e-01 0
20251129.500 2461009.000 2461008.997917 0.2844 1362.4926 3.100e-01 6.800e-03 5.351e-02 3.146e-01 1400.3432 3.186e-01 6.800e-03 1.759e-01 3.639e-01 0
20251130.500 2461010.000 2461009.973945 0.2980 1362.4159 3.099e-01 6.800e-03 7.225e-02 3.183e-01 1400.7417 3.187e-01 6.800e-03 9.915e-02 3.337e-01 0
20251201.500 2461011.000 2461010.973596 0.2653 1362.2077 3.100e-01 6.800e-03 1.126e-01 3.299e-01 1401.0034 3.189e-01 6.800e-03 5.648e-02 3.238e-01 0
20251202.500 2461012.000 2461012.000000 0.0000    0.0000 0.000e+00 0.000e+00 0.000e+00 0.000e+00    0.0000 0.000e+00 0.000e+00 0.000e+00 0.000e+00 0
20251203.500 2461013.000 2461013.009572 0.2793 1361.0488 3.099e-01 6.800e-03 1.666e-01 3.519e-01 1400.7332 3.189e-01 6.800e-03 6.325e-02 3.252e-01 0
20251204.500 2461014.000 2461013.661040 0.0920 1360.7031 3.098e-01 6.800e-03 4.573e-02 3.132e-01 1400.6588 3.189e-01 6.800e-03 4.976e-02 3.228e-01 0
20251205.500 2461015.000 2461015.000000 0.0000    0.0000 0.000e+00 0.000e+00 0.000e+00 0.000e+00    0.0000 0.000e+00 0.000e+00 0.000e+00 0.000e+00 0
20251206.500 2461016.000 2461016.000000 0.0000    0.0000 0.000e+00 0.000e+00 0.000e+00 0.000e+00    0.0000 0.000e+00 0.000e+00 0.000e+00 0.000e+00 0
20251207.500 2461017.000 2461017.000000 0.0000    0.0000 0.000e+00 0.000e+00 0.000e+00 0.000e+00    0.0000 0.000e+00 0.000e+00 0.000e+00 0.000e+00 0
20251208.500 2461018.000 2461018.000000 0.0000    0.0000 0.000e+00 0.000e+00 0.000e+00 0.000e+00    0.0000 0.000e+00 0.000e+00 0.000e+00 0.000e+00 0
20251209.500 2461019.000 2461019.000000 0.0000    0.0000 0.000e+00 0.000e+00 0.000e+00 0.000e+00    0.0000 0.000e+00 0.000e+00 0.000e+00 0.000e+00 0
20251210.500 2461020.000 2461020.000000 0.0000    0.0000 0.000e+00 0.000e+00 0.000e+00 0.000e+00    0.0000 0.000e+00 0.000e+00 0.000e+00 0.000e+00 0
20251211.500 2461021.000 2461021.074114 0.2869 1362.7622 3.110e-01 6.800e-03 5.542e-02 3.159e-01 1405.4894 3.207e-01 6.800e-03 1.195e-01 3.423e-01 0
20251212.500 2461022.000 2461022.009647 0.2797 1362.7045 3.110e-01 6.800e-03 6.814e-02 3.183e-01 1405.7142 3.208e-01 6.800e-03 6.021e-02 3.264e-01 0
20251213.500 2461023.000 2461023.011817 0.2985 1362.5692 3.111e-01 6.800e-03 5.287e-02 3.155e-01 1405.8666 3.210e-01 6.800e-03 7.012e-02 3.285e-01 0
20251214.500 2461024.000 2461024.012775 0.2791 1362.4018 3.110e-01 6.800e-03 8.128e-02 3.215e-01 1405.9732 3.210e-01 6.800e-03 4.924e-02 3.247e-01 0
20251215.500 2461025.000 2461025.022258 0.3043 1362.3688 3.112e-01 6.800e-03 4.781e-02 3.148e-01 1406.2089 3.212e-01 6.800e-03 1.106e-01 3.397e-01 0
20251216.500 2461026.000 2461025.985330 0.3321 1362.4773 3.112e-01 6.800e-03 5.786e-02 3.165e-01 1406.5674 3.213e-01 6.800e-03 1.139e-01 3.408e-01 0
20251217.500 2461027.000 2461027.013181 0.2976 1362.5870 3.114e-01 6.800e-03 9.466e-02 3.254e-01 1406.9327 3.215e-01 6.800e-03 1.623e-01 3.601e-01 0
20251218.500 2461028.000 2461027.967708 0.2791 1362.7347 3.115e-01 6.800e-03 5.206e-02 3.158e-01 1407.3091 3.217e-01 6.800e-03 9.257e-02 3.348e-01 0
20251219.500 2461029.000 2461029.014346 0.3001 1362.7716 3.115e-01 6.800e-03 4.255e-02 3.144e-01 1407.5815 3.218e-01 6.800e-03 8.166e-02 3.320e-01 0
20251220.500 2461030.000 2461030.023759 0.2751 1362.7702 3.117e-01 6.800e-03 5.384e-02 3.163e-01 1407.7953 3.220e-01 6.800e-03 6.650e-02 3.288e-01 0
20251221.500 2461031.000 2461031.018615 0.2915 1362.7739 3.117e-01 6.800e-03 6.138e-02 3.177e-01 1408.0005 3.220e-01 6.800e-03 6.896e-02 3.293e-01 0
20251222.500 2461032.000 2461032.004446 0.2876 1362.7176 3.118e-01 6.800e-03 6.050e-02 3.176e-01 1408.1316 3.222e-01 6.800e-03 6.435e-02 3.285e-01 0
20251223.500 2461033.000 2461032.995206 0.2959 1362.5842 3.119e-01 6.800e-03 7.521e-02 3.208e-01 1408.1731 3.223e-01 6.800e-03 5.630e-02 3.272e-01 0
20251224.500 2461034.000 2461033.995265 0.2768 1362.2149 3.118e-01 6.800e-03 1.576e-01 3.494e-01 1407.9614 3.223e-01 6.800e-03 1.217e-01 3.445e-01 0
20251225.500 2461035.000 2461035.035010 0.2959 1362.0905 3.119e-01 6.800e-03 6.539e-02 3.187e-01 1407.9966 3.224e-01 6.800e-03 1.008e-01 3.378e-01 0
20251226.500 2461036.000 2461036.055226 0.2706 1362.3443 3.120e-01 6.800e-03 1.253e-01 3.362e-01 1408.4067 3.225e-01 6.800e-03 1.647e-01 3.621e-01 0
20251227.500 2461037.000 2461037.004673 0.2950 1362.7170 3.122e-01 6.800e-03 9.448e-02 3.262e-01 1408.9169 3.228e-01 6.800e-03 1.305e-01 3.482e-01 0
20251228.500 2461038.000 2461037.991361 0.2822 1362.9475 3.123e-01 6.800e-03 6.951e-02 3.199e-01 1409.2716 3.229e-01 6.800e-03 9.573e-02 3.368e-01 0
20251229.500 2461039.000 2461038.559822 0.0354 1363.0173 3.124e-01 6.800e-03 5.286e-02 3.168e-01 1409.4049 3.230e-01 6.800e-03 5.363e-02 3.275e-01 0
20251230.500 2461040.000 2461040.000000 0.0000    0.0000 0.000e+00 0.000e+00 0.000e+00 0.000e+00    0.0000 0.000e+00 0.000e+00 0.000e+00 0.000e+00 0
20251231.500 2461041.000 2461040.956922 0.2832 1362.4915 3.124e-01 6.800e-03 1.128e-01 3.321e-01 1409.0571 3.231e-01 6.800e-03 1.019e-01 3.388e-01 0
20260101.500 2461042.000 2461042.041715 0.2598 1362.3486 3.125e-01 6.800e-03 5.201e-02 3.168e-01 1408.9652 3.232e-01 6.800e-03 5.468e-02 3.278e-01 0
20260102.500 2461043.000 2461042.992327 0.2839 1362.3862 3.125e-01 6.800e-03 5.377e-02 3.171e-01 1409.0347 3.232e-01 6.800e-03 5.730e-02 3.283e-01 0
20260103.500 2461044.000 2461043.987754 0.2968 1362.4384 3.127e-01 6.800e-03 6.051e-02 3.185e-01 1409.1024 3.234e-01 6.800e-03 6.310e-02 3.295e-01 0
20260104.500 2461045.000 2461045.000000 0.0000    0.0000 0.000e+00 0.000e+00 0.000e+00 0.000e+00    0.0000 0.000e+00 0.000e+00 0.000e+00 0.000e+00 0
20260105.500 2461046.000 2461046.000000 0.0000    0.0000 0.000e+00 0.000e+00 0.000e+00 0.000e+00    0.0000 0.000e+00 0.000e+00 0.000e+00 0.000e+00 0
20260106.500 2461047.000 2461047.000000 0.0000    0.0000 0.000e+00 0.000e+00 0.000e+00 0.000e+00    0.0000 0.000e+00 0.000e+00 0.000e+00 0.000e+00 0
20260107.500 2461048.000 2461048.000000 0.0000    0.0000 0.000e+00 0.000e+00 0.000e+00 0.000e+00    0.0000 0.000e+00 0.000e+00 0.000e+00 0.000e+00 0
20260108.500 2461049.000 2461049.000000 0.0000    0.0000 0.000e+00 0.000e+00 0.000e+00 0.000e+00    0.0000 0.000e+00 0.000e+00 0.000e+00 0.000e+00 0
20260109.500 2461050.000 2461050.000000 0.0000    0.0000 0.000e+00 0.000e+00 0.000e+00 0.000e+00    0.0000 0.000e+00 0.000e+00 0.000e+00 0.000e+00 0
20260110.500 2461051.000 2461051.299985 0.0705 1361.8946 3.131e-01 6.800e-03 5.620e-02 3.181e-01 1408.0926 3.237e-01 6.800e-03 6.078e-02 3.294e-01 0
20260111.500 2461052.000 2461052.193368 0.2230 1362.0108 3.133e-01 6.800e-03 5.382e-02 3.179e-01 1408.0989 3.239e-01 6.800e-03 4.502e-02 3.270e-01 0
20260112.500 2461053.000 2461053.121636 0.2452 1362.1324 3.133e-01 6.800e-03 5.727e-02 3.185e-01 1408.0951 3.239e-01 6.800e-03 5.642e-02 3.287e-01 0
20260113.500 2461054.000 2461054.063170 0.2945 1362.2507 3.135e-01 6.800e-03 7.630e-02 3.226e-01 1408.0744 3.240e-01 6.800e-03 5.132e-02 3.280e-01 0
20260114.500 2461055.000 2461054.921437 0.2418 1362.4067 3.135e-01 6.800e-03 7.693e-02 3.228e-01 1408.0958 3.240e-01 6.800e-03 7.255e-02 3.320e-01 0
20260115.500 2461056.000 2461056.469510 0.0028 1362.1780 3.137e-01 6.800e-03 2.739e-02 3.149e-01 1407.5853 3.242e-01 6.800e-03 2.835e-02 3.254e-01 0
20260116.500 2461057.000 2461056.953116 0.2709 1362.0254 3.137e-01 6.800e-03 6.612e-02 3.206e-01 1407.3358 3.241e-01 6.800e-03 1.095e-01 3.421e-01 0
20260117.500 2461058.000 2461058.013865 0.2827 1361.8734 3.136e-01 6.800e-03 5.277e-02 3.180e-01 1406.9695 3.240e-01 6.800e-03 9.370e-02 3.373e-01 0
20260118.500 2461059.000 2461058.996815 0.2916 1361.9431 3.138e-01 6.800e-03 6.955e-02 3.214e-01 1406.8368 3.241e-01 6.800e-03 5.329e-02 3.285e-01 0
20260119.500 2461060.000 2461059.946908 0.3036 1361.8955 3.138e-01 6.800e-03 7.815e-02 3.234e-01 1406.5803 3.241e-01 6.800e-03 1.338e-01 3.506e-01 0
20260120.500 2461061.000 2461061.009288 0.2870 1361.8002 3.139e-01 6.800e-03 4.970e-02 3.178e-01 1406.2393 3.241e-01 6.800e-03 8.832e-02 3.360e-01 0
20260121.500 2461062.000 2461061.935621 0.3154 1361.8506 3.139e-01 6.800e-03 6.479e-02 3.205e-01 1406.0701 3.241e-01 6.800e-03 5.706e-02 3.291e-01 0
20260122.500 2461063.000 2461063.045851 0.2731 1362.0759 3.141e-01 6.800e-03 9.429e-02 3.279e-01 1406.0260 3.242e-01 6.800e-03 5.121e-02 3.282e-01 0
20260123.500 2461064.000 2461063.589892 0.0600 1362.2436 3.143e-01 6.800e-03 5.015e-02 3.182e-01 1406.0590 3.244e-01 6.800e-03 4.335e-02 3.273e-01 0
20260124.500 2461065.000 2461065.000000 0.0000    0.0000 0.000e+00 0.000e+00 0.000e+00 0.000e+00    0.0000 0.000e+00 0.000e+00 0.000e+00 0.000e+00 0
20260125.500 2461066.000 2461066.033226 0.2731 1362.9979 3.146e-01 6.800e-03 6.158e-02 3.206e-01 1406.1640 3.245e-01 6.800e-03 7.605e-02 3.333e-01 0
20260126.500 2461067.000 2461067.002639 0.2799 1362.9539 3.146e-01 6.800e-03 6.514e-02 3.212e-01 1405.8312 3.245e-01 6.800e-03 1.422e-01 3.543e-01 0
20260127.500 2461068.000 2461068.022031 0.2912 1362.8768 3.147e-01 6.800e-03 5.656e-02 3.197e-01 1405.4355 3.245e-01 6.800e-03 9.538e-02 3.382e-01 0
20260128.500 2461069.000 2461068.994818 0.2792 1362.9092 3.148e-01 6.800e-03 5.162e-02 3.190e-01 1405.1533 3.246e-01 6.800e-03 8.791e-02 3.363e-01 0
20260129.500 2461070.000 2461069.994920 0.3088 1362.8972 3.148e-01 6.800e-03 5.188e-02 3.191e-01 1404.8013 3.245e-01 6.800e-03 1.198e-01 3.459e-01 0
20260130.500 2461071.000 2461070.997091 0.2826 1362.9511 3.150e-01 6.800e-03 6.683e-02 3.220e-01 1404.5007 3.246e-01 6.800e-03 1.004e-01 3.398e-01 0
20260131.500 2461072.000 2461072.009185 0.3015 1362.8962 3.150e-01 6.800e-03 9.995e-02 3.304e-01 1404.0676 3.245e-01 6.800e-03 2.076e-01 3.852e-01 0
20260201.500 2461073.000 2461072.787347 0.1864 1362.5677 3.150e-01 6.800e-03 1.540e-01 3.507e-01 1403.4286 3.245e-01 6.800e-03 2.302e-01 3.979e-01 0
20260202.500 2461074.000 2461074.000000 0.0000    0.0000 0.000e+00 0.000e+00 0.000e+00 0.000e+00    0.0000 0.000e+00 0.000e+00 0.000e+00 0.000e+00 0
20260203.500 2461075.000 2461074.943496 0.2717 1361.2161 3.148e-01 6.800e-03 7.605e-02 3.239e-01 1401.1501 3.241e-01 6.800e-03 1.760e-01 3.688e-01 0
20260204.500 2461076.000 2461075.983547 0.2964 1361.1131 3.150e-01 6.800e-03 6.569e-02 3.217e-01 1400.5899 3.241e-01 6.800e-03 1.838e-01 3.726e-01 0
20260205.500 2461077.000 2461077.045600 0.3030 1360.8814 3.149e-01 6.800e-03 6.415e-02 3.214e-01 1399.8706 3.239e-01 6.800e-03 1.797e-01 3.704e-01 0
20260206.500 2461078.000 2461078.049789 0.2767 1360.9738 3.151e-01 6.800e-03 7.729e-02 3.244e-01 1399.4961 3.240e-01 6.800e-03 6.734e-02 3.309e-01 0
20260207.500 2461079.000 2461079.072782 0.3059 1361.2925 3.151e-01 6.800e-03 9.185e-02 3.283e-01 1399.3309 3.239e-01 6.800e-03 8.834e-02 3.358e-01 0
20260208.500 2461080.000 2461080.038656 0.2817 1361.6654 3.154e-01 6.800e-03 1.445e-01 3.469e-01 1399.2367 3.241e-01 6.800e-03 5.828e-02 3.293e-01 0
20260209.500 2461081.000 2461081.022365 0.3060 1362.1534 3.156e-01 6.800e-03 1.394e-01 3.450e-01 1399.2398 3.242e-01 6.800e-03 5.247e-02 3.284e-01 0
20260210.500 2461082.000 2461082.028629 0.2757 1362.4328 3.157e-01 6.800e-03 5.301e-02 3.201e-01 1399.0061 3.241e-01 6.800e-03 1.222e-01 3.464e-01 0
20260211.500 2461083.000 2461083.104886 0.3013 1362.4785 3.158e-01 6.800e-03 4.644e-02 3.192e-01 1398.4845 3.242e-01 6.800e-03 1.579e-01 3.606e-01 0
20260212.500 2461084.000 2461083.991149 0.2823 1362.4278 3.158e-01 6.800e-03 4.621e-02 3.192e-01 1397.9561 3.240e-01 6.800e-03 1.741e-01 3.678e-01 0
20260213.500 2461085.000 2461085.014757 0.2978 1362.3735 3.159e-01 6.800e-03 5.251e-02 3.203e-01 1397.3415 3.240e-01 6.800e-03 1.790e-01 3.702e-01 0
20260214.500 2461086.000 2461085.909986 0.2237 1362.3881 3.161e-01 6.800e-03 4.847e-02 3.198e-01 1396.8611 3.241e-01 6.800e-03 1.328e-01 3.502e-01 0
20260215.500 2461087.000 2461087.446272 0.0301 1362.4529 3.162e-01 6.800e-03 4.050e-02 3.188e-01 1396.0638 3.240e-01 6.800e-03 3.880e-02 3.263e-01 0
20260216.500 2461088.000 2461088.038060 0.2834 1362.4675 3.162e-01 6.800e-03 6.717e-02 3.233e-01 1395.7416 3.240e-01 6.800e-03 1.340e-01 3.506e-01 0
20260217.500 2461089.000 2461089.004910 0.3007 1362.5935 3.163e-01 6.800e-03 6.214e-02 3.223e-01 1395.3157 3.239e-01 6.800e-03 1.397e-01 3.527e-01 0
20260218.500 2461090.000 2461089.993744 0.2912 1362.7433 3.164e-01 6.800e-03 5.381e-02 3.210e-01 1394.8959 3.239e-01 6.800e-03 1.553e-01 3.592e-01 0
20260219.500 2461091.000 2461091.000000 0.0000    0.0000 0.000e+00 0.000e+00 0.000e+00 0.000e+00    0.0000 0.000e+00 0.000e+00 0.000e+00 0.000e+00 0
20260220.500 2461092.000 2461092.066875 0.2593 1362.9058 3.166e-01 6.800e-03 4.477e-02 3.198e-01 1393.8428 3.238e-01 6.800e-03 1.490e-01 3.564e-01 0
20260221.500 2461093.000 2461093.001576 0.2941 1362.8575 3.167e-01 6.800e-03 5.088e-02 3.208e-01 1393.2354 3.238e-01 6.800e-03 2.018e-01 3.815e-01 0
20260222.500 2461094.000 2461094.051240 0.2805 1362.7860 3.167e-01 6.800e-03 4.024e-02 3.193e-01 1392.5295 3.236e-01 6.800e-03 1.790e-01 3.698e-01 0
20260223.500 2461095.000 2461094.529467 0.0075 1362.7795 3.168e-01 6.800e-03 3.576e-02 3.189e-01 1392.2324 3.237e-01 6.800e-03 3.667e-02 3.258e-01 0
20260224.500 2461096.000 2461096.000000 0.0000    0.0000 0.000e+00 0.000e+00 0.000e+00 0.000e+00    0.0000 0.000e+00 0.000e+00 0.000e+00 0.000e+00 0
20260225.500 2461097.000 2461096.807984 0.1793 1362.6818 3.170e-01 6.800e-03 4.846e-02 3.206e-01 1390.7236 3.235e-01 6.800e-03 1.241e-01 3.465e-01 0
20260226.500 2461098.000 2461098.000000 0.0000    0.0000 0.000e+00 0.000e+00 0.000e+00 0.000e+00    0.0000 0.000e+00 0.000e+00 0.000e+00 0.000e+00 0
20260227.500 2461099.000 2461099.392614 0.0690 1362.8791 3.173e-01 6.800e-03 6.551e-02 3.240e-01 1389.2711 3.234e-01 6.800e-03 7.975e-02 3.331e-01 0
20260228.500 2461100.000 2461099.882520 0.2190 1362.8600 3.173e-01 6.800e-03 4.461e-02 3.204e-01 1388.9304 3.233e-01 6.800e-03 1.481e-01 3.557e-01 0
20260301.500 2461101.000 2461101.000000 0.0000    0.0000 0.000e+00 0.000e+00 0.000e+00 0.000e+00    0.0000 0.000e+00 0.000e+00 0.000e+00 0.000e+00 0
20260302.500 2461102.000 2461102.000000 0.0000    0.0000 0.000e+00 0.000e+00 0.000e+00 0.000e+00    0.0000 0.000e+00 0.000e+00 0.000e+00 0.000e+00 0
20260303.500 2461103.000 2461103.000000 0.0000    0.0000 0.000e+00 0.000e+00 0.000e+00 0.000e+00    0.0000 0.000e+00 0.000e+00 0.000e+00 0.000e+00 0
20260304.500 2461104.000 2461104.390762 0.0325 1361.9918 3.175e-01 6.800e-03 6.781e-02 3.246e-01 1384.9733 3.228e-01 6.800e-03 9.128e-02 3.355e-01 0
20260305.500 2461105.000 2461105.273557 0.0945 1361.8669 3.175e-01 6.800e-03 3.873e-02 3.198e-01 1384.2201 3.227e-01 6.800e-03 6.594e-02 3.293e-01 0
20260306.500 2461106.000 2461105.761884 0.1630 1361.9120 3.175e-01 6.800e-03 4.257e-02 3.203e-01 1383.9164 3.226e-01 6.800e-03 1.213e-01 3.446e-01 0
20260307.500 2461107.000 2461107.382772 0.0527 1362.1075 3.176e-01 6.800e-03 4.599e-02 3.210e-01 1382.9400 3.225e-01 6.800e-03 4.513e-02 3.256e-01 0
20260308.500 2461108.000 2461107.980110 0.2892 1362.2891 3.177e-01 6.800e-03 8.701e-02 3.294e-01 1382.6856 3.224e-01 6.800e-03 1.502e-01 3.557e-01 0
20260309.500 2461109.000 2461109.000926 0.2839 1362.5236 3.179e-01 6.800e-03 8.360e-02 3.287e-01 1382.1683 3.225e-01 6.800e-03 1.562e-01 3.583e-01 0
20260310.500 2461110.000 2461110.000311 0.2958 1362.5918 3.180e-01 6.800e-03 4.325e-02 3.210e-01 1381.4916 3.224e-01 6.800e-03 2.277e-01 3.947e-01 0
20260311.500 2461111.000 2461110.791356 0.1558 1362.5906 3.180e-01 6.800e-03 5.328e-02 3.225e-01 1380.8961 3.223e-01 6.800e-03 1.271e-01 3.465e-01 0
20260312.500 2461112.000 2461112.000000 0.0000    0.0000 0.000e+00 0.000e+00 0.000e+00 0.000e+00    0.0000 0.000e+00 0.000e+00 0.000e+00 0.000e+00 0
20260313.500 2461113.000 2461113.037281 0.0330 1362.4639 3.181e-01 6.800e-03 4.331e-02 3.211e-01 1379.0656 3.220e-01 6.800e-03 4.613e-02 3.253e-01 0
20260314.500 2461114.000 2461114.000000 0.0000    0.0000 0.000e+00 0.000e+00 0.000e+00 0.000e+00    0.0000 0.000e+00 0.000e+00 0.000e+00 0.000e+00 0
20260315.500 2461115.000 2461115.000000 0.0000    0.0000 0.000e+00 0.000e+00 0.000e+00 0.000e+00    0.0000 0.000e+00 0.000e+00 0.000e+00 0.000e+00 0
20260316.500 2461116.000 2461115.983056 0.0036 1362.2982 3.184e-01 6.800e-03 2.487e-02 3.193e-01 1376.6458 3.217e-01 6.800e-03 2.542e-02 3.227e-01 0
20260317.500 2461117.000 2461117.300376 0.1092 1362.3936 3.185e-01 6.800e-03 4.172e-02 3.212e-01 1375.7330 3.216e-01 6.800e-03 6.958e-02 3.291e-01 0
20260318.500 2461118.000 2461117.995144 0.3719 1362.4736 3.185e-01 6.800e-03 5.176e-02 3.227e-01 1375.2819 3.215e-01 6.800e-03 2.562e-01 4.112e-01 0
20260319.500 2461119.000 2461118.958113 0.2986 1362.5159 3.187e-01 6.800e-03 5.064e-02 3.227e-01 1374.5881 3.215e-01 6.800e-03 2.476e-01 4.058e-01 0
20260320.500 2461120.000 2461120.045383 0.2844 1362.4471 3.187e-01 6.800e-03 5.148e-02 3.228e-01 1373.6887 3.213e-01 6.800e-03 2.378e-01 3.998e-01 0
20260321.500 2461121.000 2461120.998294 0.2899 1362.3883 3.188e-01 6.800e-03 5.068e-02 3.228e-01 1372.9033 3.213e-01 6.800e-03 2.380e-01 3.998e-01 0
20260322.500 2461122.000 2461121.992067 0.2832 1362.3713 3.189e-01 6.800e-03 4.967e-02 3.228e-01 1372.1303 3.212e-01 6.800e-03 2.230e-01 3.910e-01 0
20260323.500 2461123.000 2461123.006670 0.2918 1362.3435 3.189e-01 6.800e-03 4.922e-02 3.227e-01 1371.3314 3.210e-01 6.800e-03 2.402e-01 4.009e-01 0
20260324.500 2461124.000 2461124.000000 0.0000    0.0000 0.000e+00 0.000e+00 0.000e+00 0.000e+00    0.0000 0.000e+00 0.000e+00 0.000e+00 0.000e+00 0
20260325.500 2461125.000 2461125.000000 0.0000    0.0000 0.000e+00 0.000e+00 0.000e+00 0.000e+00    0.0000 0.000e+00 0.000e+00 0.000e+00 0.000e+00 0
20260326.500 2461126.000 2461126.061976 0.2481 1362.1222 3.191e-01 6.800e-03 4.500e-02 3.223e-01 1368.7864 3.207e-01 6.800e-03 1.973e-01 3.765e-01 0
20260327.500 2461127.000 2461126.960865 0.2958 1362.1619 3.193e-01 6.800e-03 4.901e-02 3.230e-01 1368.1408 3.207e-01 6.800e-03 2.267e-01 3.927e-01 0
20260328.500 2461128.000 2461128.045849 0.2707 1362.1563 3.193e-01 6.800e-03 5.854e-02 3.246e-01 1367.3050 3.205e-01 6.800e-03 2.285e-01 3.936e-01 0
20260329.500 2461129.000 2461128.996853 0.2958 1362.1042 3.194e-01 6.800e-03 5.571e-02 3.242e-01 1366.5223 3.204e-01 6.800e-03 2.102e-01 3.833e-01 0
20260330.500 2461130.000 2461129.989765 0.2798 1362.1806 3.194e-01 6.800e-03 5.301e-02 3.238e-01 1365.8332 3.203e-01 6.800e-03 2.023e-01 3.788e-01 0
20260331.500 2461131.000 2461130.989801 0.2981 1362.2458 3.196e-01 6.800e-03 4.515e-02 3.228e-01 1365.1238 3.203e-01 6.800e-03 2.374e-01 3.986e-01 0
20260401.500 2461132.000 2461131.990678 0.2785 1362.2486 3.196e-01 6.800e-03 5.380e-02 3.241e-01 1364.3478 3.201e-01 6.800e-03 2.216e-01 3.893e-01 0
20260402.500 2461133.000 2461132.991407 0.2986 1362.2129 3.197e-01 6.800e-03 6.797e-02 3.269e-01 1363.5300 3.200e-01 6.800e-03 2.787e-01 4.244e-01 0
20260403.500 2461134.000 2461133.992972 0.2790 1362.1541 3.198e-01 6.800e-03 5.309e-02 3.242e-01 1362.6855 3.200e-01 6.800e-03 2.500e-01 4.060e-01 0
20260404.500 2461135.000 2461134.995288 0.2983 1362.2114 3.198e-01 6.800e-03 7.797e-02 3.292e-01 1361.9540 3.198e-01 6.800e-03 1.785e-01 3.662e-01 0
20260405.500 2461136.000 2461135.997814 0.2803 1362.3948 3.200e-01 6.800e-03 5.741e-02 3.251e-01 1361.3462 3.198e-01 6.800e-03 1.941e-01 3.741e-01 0
20260406.500 2461137.000 2461137.003241 0.3024 1362.4781 3.200e-01 6.800e-03 5.787e-02 3.252e-01 1360.6344 3.196e-01 6.800e-03 2.100e-01 3.824e-01 0
20260407.500 2461138.000 2461137.972271 0.3320 1362.5329 3.202e-01 6.800e-03 5.530e-02 3.249e-01 1359.9223 3.196e-01 6.800e-03 2.399e-01 3.996e-01 0
20260408.500 2461139.000 2461139.008384 0.2980 1362.5622 3.203e-01 6.800e-03 5.505e-02 3.250e-01 1359.1316 3.195e-01 6.800e-03 2.385e-01 3.987e-01 0
20260409.500 2461140.000 2461140.109038 0.2627 1362.4424 3.203e-01 6.800e-03 6.538e-02 3.269e-01 1358.1423 3.193e-01 6.800e-03 2.594e-01 4.114e-01 0
20260410.500 2461141.000 2461141.012497 0.2976 1362.3263 3.204e-01 6.800e-03 5.983e-02 3.260e-01 1357.3141 3.192e-01 6.800e-03 2.646e-01 4.146e-01 0
20260411.500 2461142.000 2461142.011654 0.2798 1362.2396 3.204e-01 6.800e-03 5.669e-02 3.254e-01 1356.4425 3.190e-01 6.800e-03 2.499e-01 4.052e-01 0
20260412.500 2461143.000 2461143.007217 0.2948 1362.1187 3.205e-01 6.800e-03 7.874e-02 3.300e-01 1355.5432 3.190e-01 6.800e-03 2.953e-01 4.346e-01 0
20260413.500 2461144.000 2461143.812574 0.1715 1362.1044 3.206e-01 6.800e-03 6.538e-02 3.272e-01 1354.9017 3.189e-01 6.800e-03 1.335e-01 3.457e-01 0
20260414.500 2461145.000 2461145.389534 0.0681 1362.2600 3.208e-01 6.800e-03 6.814e-02 3.280e-01 1353.8388 3.188e-01 6.800e-03 1.066e-01 3.362e-01 0
20260415.500 2461146.000 2461146.005260 0.2867 1362.1669 3.208e-01 6.800e-03 5.887e-02 3.261e-01 1353.2754 3.187e-01 6.800e-03 2.623e-01 4.128e-01 0
20260416.500 2461147.000 2461146.531328 0.0064 1362.1023 3.208e-01 6.800e-03 5.403e-02 3.253e-01 1352.8105 3.186e-01 6.800e-03 5.061e-02 3.226e-01 0
20260417.500 2461148.000 2461148.000000 0.0000    0.0000 0.000e+00 0.000e+00 0.000e+00 0.000e+00    0.0000 0.000e+00 0.000e+00 0.000e+00 0.000e+00 0
20260418.500 2461149.000 2461149.166600 0.1927 1361.8928 3.209e-01 6.800e-03 4.287e-02 3.237e-01 1350.6293 3.182e-01 6.800e-03 1.530e-01 3.531e-01 0
20260419.500 2461150.000 2461150.000833 0.2906 1361.9277 3.210e-01 6.800e-03 6.717e-02 3.280e-01 1350.0511 3.182e-01 6.800e-03 1.881e-01 3.696e-01 0
20260420.500 2461151.000 2461150.937874 0.2511 1362.0621 3.212e-01 6.800e-03 6.781e-02 3.283e-01 1349.5023 3.182e-01 6.800e-03 1.512e-01 3.523e-01 0
20260421.500 2461152.000 2461152.472292 0.0071 1362.3299 3.214e-01 6.800e-03 4.715e-02 3.248e-01 1348.6648 3.182e-01 6.800e-03 4.347e-02 3.211e-01 0
20260422.500 2461153.000 2461153.006529 0.2872 1362.3991 3.214e-01 6.800e-03 5.689e-02 3.264e-01 1348.3535 3.181e-01 6.800e-03 1.817e-01 3.663e-01 0
20260423.500 2461154.000 2461153.986639 0.2889 1362.3454 3.214e-01 6.800e-03 8.338e-02 3.320e-01 1347.6076 3.179e-01 6.800e-03 2.701e-01 4.172e-01 0
20260424.500 2461155.000 2461155.000010 0.2831 1362.1425 3.215e-01 6.800e-03 8.680e-02 3.330e-01 1346.6962 3.178e-01 6.800e-03 2.728e-01 4.189e-01 0
20260425.500 2461156.000 2461156.001147 0.2921 1362.0593 3.216e-01 6.800e-03 5.705e-02 3.266e-01 1345.9169 3.178e-01 6.800e-03 1.947e-01 3.727e-01 0
20260426.500 2461157.000 2461156.949087 0.2642 1362.1017 3.216e-01 6.800e-03 5.070e-02 3.256e-01 1345.3027 3.176e-01 6.800e-03 1.951e-01 3.728e-01 0
20260427.500 2461158.000 2461157.708881 0.1215 1362.0318 3.217e-01 6.800e-03 4.878e-02 3.254e-01 1344.7103 3.176e-01 6.800e-03 1.033e-01 3.340e-01 0
20260428.500 2461159.000 2461159.000000 0.0000    0.0000 0.000e+00 0.000e+00 0.000e+00 0.000e+00    0.0000 0.000e+00 0.000e+00 0.000e+00 0.000e+00 0
20260429.500 2461160.000 2461160.282088 0.1289 1362.1475 3.219e-01 6.800e-03 4.609e-02 3.252e-01 1343.0660 3.174e-01 6.800e-03 8.468e-02 3.285e-01 0
20260430.500 2461161.000 2461160.982572 0.2736 1362.2250 3.220e-01 6.800e-03 4.940e-02 3.258e-01 1342.6673 3.174e-01 6.800e-03 1.874e-01 3.686e-01 0
20260501.500 2461162.000 2461162.025478 0.3059 1362.1926 3.220e-01 6.800e-03 6.282e-02 3.281e-01 1341.9306 3.172e-01 6.800e-03 2.395e-01 3.975e-01 0
20260502.500 2461163.000 2461162.987764 0.2779 1362.1483 3.221e-01 6.800e-03 5.515e-02 3.268e-01 1341.2398 3.172e-01 6.800e-03 1.826e-01 3.660e-01 0
20260503.500 2461164.000 2461163.982777 0.3001 1362.1804 3.222e-01 6.800e-03 7.094e-02 3.299e-01 1340.6056 3.171e-01 6.800e-03 1.649e-01 3.574e-01 0
20260504.500 2461165.000 2461164.953075 0.2971 1362.2448 3.223e-01 6.800e-03 5.196e-02 3.265e-01 1340.0233 3.170e-01 6.800e-03 2.079e-01 3.791e-01 0
20260505.500 2461166.000 2461165.987713 0.3458 1362.2409 3.224e-01 6.800e-03 5.663e-02 3.274e-01 1339.3353 3.170e-01 6.800e-03 2.150e-01 3.830e-01 0
20260506.500 2461167.000 2461166.837885 0.2391 1362.2431 3.224e-01 6.800e-03 5.635e-02 3.273e-01 1338.7791 3.169e-01 6.800e-03 1.944e-01 3.718e-01 0
20260507.500 2461168.000 2461167.797652 0.2096 1362.0591 3.225e-01 6.800e-03 6.377e-02 3.288e-01 1337.9725 3.168e-01 6.800e-03 1.895e-01 3.692e-01 0
20260508.500 2461169.000 2461169.000000 0.0000    0.0000 0.000e+00 0.000e+00 0.000e+00 0.000e+00    0.0000 0.000e+00 0.000e+00 0.000e+00 0.000e+00 0
20260509.500 2461170.000 2461170.000000 0.0000    0.0000 0.000e+00 0.000e+00 0.000e+00 0.000e+00    0.0000 0.000e+00 0.000e+00 0.000e+00 0.000e+00 0
20260510.500 2461171.000 2461171.153477 0.2725 1362.1070 3.227e-01 6.800e-03 6.557e-02 3.293e-01 1335.8794 3.165e-01 6.800e-03 1.265e-01 3.408e-01 0
20260511.500 2461172.000 2461172.088370 0.2901 1362.2159 3.228e-01 6.800e-03 4.642e-02 3.262e-01 1335.4058 3.165e-01 6.800e-03 1.551e-01 3.524e-01 0
20260512.500 2461173.000 2461173.007171 0.2906 1362.2793 3.230e-01 6.800e-03 6.214e-02 3.289e-01 1334.9056 3.165e-01 6.800e-03 2.096e-01 3.796e-01 0
20260513.500 2461174.000 2461174.047213 0.2814 1362.1912 3.230e-01 6.800e-03 6.404e-02 3.293e-01 1334.1933 3.163e-01 6.800e-03 2.149e-01 3.824e-01 0
20260514.500 2461175.000 2461175.032767 0.3200 1362.1157 3.231e-01 6.800e-03 6.944e-02 3.305e-01 1333.5375 3.163e-01 6.800e-03 2.362e-01 3.948e-01 0
20260515.500 2461176.000 2461176.007192 0.2843 1362.0744 3.231e-01 6.800e-03 5.010e-02 3.269e-01 1332.9332 3.162e-01 6.800e-03 1.789e-01 3.633e-01 0
20260516.500 2461177.000 2461176.959793 0.2882 1362.1163 3.232e-01 6.800e-03 5.137e-02 3.273e-01 1332.4347 3.162e-01 6.800e-03 1.626e-01 3.556e-01 0
20260517.500 2461178.000 2461177.653944 0.0871 1362.1628 3.234e-01 6.800e-03 4.184e-02 3.261e-01 1332.0940 3.162e-01 6.800e-03 5.662e-02 3.213e-01 0
20260518.500 2461179.000 2461179.233218 0.1454 1362.3556 3.234e-01 6.800e-03 6.314e-02 3.295e-01 1331.4289 3.161e-01 6.800e-03 8.419e-02 3.271e-01 0
20260519.500 2461180.000 2461179.940066 0.2658 1362.4140 3.236e-01 6.800e-03 7.726e-02 3.327e-01 1331.1146 3.161e-01 6.800e-03 1.184e-01 3.376e-01 0
20260520.500 2461181.000 2461181.032082 0.2573 1362.4890 3.236e-01 6.800e-03 5.996e-02 3.291e-01 1330.6262 3.160e-01 6.800e-03 1.380e-01 3.448e-01 0
20260521.500 2461182.000 2461182.006510 0.2829 1362.4726 3.237e-01 6.800e-03 5.241e-02 3.279e-01 1330.1210 3.160e-01 6.800e-03 1.305e-01 3.419e-01 0
20260522.500 2461183.000 2461183.020769 0.2750 1362.5757 3.239e-01 6.800e-03 5.925e-02 3.293e-01 1329.7236 3.161e-01 6.800e-03 1.127e-01 3.356e-01 0
20260523.500 2461184.000 2461183.977347 0.2783 1362.7147 3.239e-01 6.800e-03 6.541e-02 3.305e-01 1329.3994 3.160e-01 6.800e-03 9.739e-02 3.307e-01 0
20260524.500 2461185.000 2461184.996598 0.2807 1362.7727 3.241e-01 6.800e-03 7.174e-02 3.319e-01 1328.9758 3.160e-01 6.800e-03 1.727e-01 3.601e-01 0
20260525.500 2461186.000 2461185.963081 0.2766 1362.6234 3.240e-01 6.800e-03 5.196e-02 3.282e-01 1328.3836 3.159e-01 6.800e-03 1.578e-01 3.531e-01 0
20260526.500 2461187.000 2461187.018106 0.2882 1362.5251 3.241e-01 6.800e-03 5.872e-02 3.294e-01 1327.8094 3.159e-01 6.800e-03 1.634e-01 3.557e-01 0
20260527.500 2461188.000 2461187.888858 0.3244 1362.4468 3.241e-01 6.800e-03 5.775e-02 3.292e-01 1327.3452 3.158e-01 6.800e-03 1.804e-01 3.637e-01 0
20260528.500 2461189.000 2461188.998406 0.2800 1362.3184 3.242e-01 6.800e-03 7.222e-02 3.322e-01 1326.7342 3.158e-01 6.800e-03 1.776e-01 3.623e-01 0
20260529.500 2461190.000 2461189.979025 0.2756 1362.2469 3.244e-01 6.800e-03 4.747e-02 3.278e-01 1326.2430 3.158e-01 6.800e-03 1.149e-01 3.360e-01 0
20260530.500 2461191.000 2461190.997440 0.2801 1362.2817 3.244e-01 6.800e-03 4.642e-02 3.277e-01 1325.8466 3.157e-01 6.800e-03 1.315e-01 3.420e-01 0
20260531.500 2461192.000 2461191.979470 0.2745 1362.3291 3.245e-01 6.800e-03 6.710e-02 3.314e-01 1325.4850 3.157e-01 6.800e-03 9.566e-02 3.299e-01 0
20260601.500 2461193.000 2461193.009204 0.2883 1362.4093 3.245e-01 6.800e-03 4.302e-02 3.274e-01 1325.1432 3.156e-01 6.800e-03 1.288e-01 3.409e-01 0
20260602.500 2461194.000 2461193.939615 0.3234 1362.3627 3.247e-01 6.800e-03 4.579e-02 3.279e-01 1324.7256 3.157e-01 6.800e-03 1.306e-01 3.416e-01 0
20260603.500 2461195.000 2461194.980506 0.2921 1362.2630 3.248e-01 6.800e-03 5.720e-02 3.298e-01 1324.2200 3.157e-01 6.800e-03 1.491e-01 3.491e-01 0
20260604.500 2461196.000 2461195.980093 0.2891 1362.2376 3.248e-01 6.800e-03 6.765e-02 3.317e-01 1323.8115 3.156e-01 6.800e-03 1.592e-01 3.535e-01 0
20260605.500 2461197.000 2461197.028302 0.2815 1362.0956 3.249e-01 6.800e-03 5.170e-02 3.289e-01 1323.2804 3.156e-01 6.800e-03 1.198e-01 3.376e-01 0
20260606.500 2461198.000 2461197.995171 0.2807 1362.0755 3.249e-01 6.800e-03 4.870e-02 3.285e-01 1322.9072 3.155e-01 6.800e-03 1.145e-01 3.356e-01 0
20260607.500 2461199.000 2461198.997434 0.2985 1362.1551 3.250e-01 6.800e-03 6.331e-02 3.311e-01 1322.6277 3.156e-01 6.800e-03 9.024e-02 3.282e-01 0
20260608.500 2461200.000 2461199.998796 0.2795 1362.2345 3.252e-01 6.800e-03 6.027e-02 3.307e-01 1322.3588 3.156e-01 6.800e-03 7.556e-02 3.246e-01 0
20260609.500 2461201.000 2461201.001289 0.2978 1362.3207 3.252e-01 6.800e-03 4.519e-02 3.283e-01 1322.1077 3.156e-01 6.800e-03 1.084e-01 3.337e-01 0
20260610.500 2461202.000 2461201.584698 0.0366 1362.2842 3.253e-01 6.800e-03 4.589e-02 3.285e-01 1321.8824 3.157e-01 6.800e-03 4.489e-02 3.188e-01 0
20260611.500 2461203.000 2461203.131649 0.2235 1362.2592 3.253e-01 6.800e-03 5.267e-02 3.295e-01 1321.3783 3.155e-01 6.800e-03 7.147e-02 3.235e-01 0
20260612.500 2461204.000 2461204.002208 0.2792 1362.3080 3.255e-01 6.800e-03 5.381e-02 3.299e-01 1321.1703 3.156e-01 6.800e-03 6.976e-02 3.232e-01 0
20260613.500 2461205.000 2461205.003453 0.2979 1362.4447 3.256e-01 6.800e-03 5.450e-02 3.302e-01 1321.0230 3.157e-01 6.800e-03 7.111e-02 3.236e-01 0
20260614.500 2461206.000 2461206.005286 0.2792 1362.4993 3.256e-01 6.800e-03 5.022e-02 3.295e-01 1320.8113 3.157e-01 6.800e-03 6.895e-02 3.231e-01 0
20260615.500 2461207.000 2461206.844349 0.2047 1362.4669 3.258e-01 6.800e-03 5.798e-02 3.309e-01 1320.5704 3.157e-01 6.800e-03 8.747e-02 3.276e-01 0
20260616.500 2461208.000 2461208.000000 0.0000    0.0000 0.000e+00 0.000e+00 0.000e+00 0.000e+00    0.0000 0.000e+00 0.000e+00 0.000e+00 0.000e+00 0
20260617.500 2461209.000 2461209.360037 0.0913 1362.6037 3.259e-01 6.800e-03 3.866e-02 3.282e-01 1320.1425 3.158e-01 6.800e-03 4.329e-02 3.187e-01 0
20260618.500 2461210.000 2461210.005846 0.2801 1362.5945 3.259e-01 6.800e-03 4.987e-02 3.297e-01 1320.0061 3.157e-01 6.800e-03 7.085e-02 3.236e-01 0
20260619.500 2461211.000 2461211.009215 0.2958 1362.6613 3.261e-01 6.800e-03 5.193e-02 3.302e-01 1319.8840 3.158e-01 6.800e-03 7.052e-02 3.236e-01 0
20260620.500 2461212.000 2461212.026023 0.2861 1362.7646 3.262e-01 6.800e-03 6.711e-02 3.331e-01 1319.8088 3.160e-01 6.800e-03 4.887e-02 3.197e-01 0
20260621.500 2461213.000 2461213.004677 0.2942 1362.8719 3.263e-01 6.800e-03 5.177e-02 3.304e-01 1319.7570 3.159e-01 6.800e-03 5.077e-02 3.200e-01 0
20260622.500 2461214.000 2461214.004946 0.2903 1362.8717 3.264e-01 6.800e-03 4.851e-02 3.300e-01 1319.6097 3.160e-01 6.800e-03 6.373e-02 3.224e-01 0
20260623.500 2461215.000 2461215.003589 0.2926 1362.8510 3.264e-01 6.800e-03 5.180e-02 3.305e-01 1319.4544 3.160e-01 6.800e-03 7.763e-02 3.254e-01 0
20260624.500 2461216.000 2461215.999743 0.2830 1362.7026 3.265e-01 6.800e-03 8.333e-02 3.370e-01 1319.1869 3.161e-01 6.800e-03 1.095e-01 3.345e-01 0
20260625.500 2461217.000 2461216.966604 0.2809 1362.4764 3.266e-01 6.800e-03 8.452e-02 3.373e-01 1318.8578 3.161e-01 6.800e-03 1.081e-01 3.341e-01 0
20260626.500 2461218.000 2461217.978004 0.2651 1362.1946 3.265e-01 6.800e-03 1.110e-01 3.449e-01 1318.4798 3.160e-01 6.800e-03 1.317e-01 3.424e-01 0
20260627.500 2461219.000 2461218.975919 0.3045 1361.6448 3.265e-01 6.800e-03 2.266e-01 3.975e-01 1317.8538 3.160e-01 6.800e-03 2.459e-01 4.004e-01 0
20260628.500 2461220.000 2461220.023064 0.2761 1361.0253 3.264e-01 6.800e-03 1.639e-01 3.652e-01 1317.1656 3.159e-01 6.800e-03 1.796e-01 3.634e-01 0
20260629.500 2461221.000 2461221.045342 0.2955 1360.5295 3.264e-01 6.800e-03 1.265e-01 3.500e-01 1316.6093 3.159e-01 6.800e-03 1.414e-01 3.461e-01 0
20260630.500 2461222.000 2461221.918378 0.3248 1360.2885 3.265e-01 6.800e-03 6.992e-02 3.339e-01 1316.3182 3.159e-01 6.800e-03 8.141e-02 3.262e-01 0
20260701.500 2461223.000 2461222.901415 0.2395 1360.4219 3.265e-01 6.800e-03 9.759e-02 3.408e-01 1316.3902 3.159e-01 6.800e-03 8.416e-02 3.270e-01 0
20260702.500 2461224.000 2461224.467879 0.0040 1361.4235 3.269e-01 6.800e-03 8.473e-02 3.377e-01 1317.2867 3.163e-01 6.800e-03 8.213e-02 3.268e-01 0
20260703.500 2461225.000 2461224.976236 0.2822 1361.8427 3.270e-01 6.800e-03 2.063e-01 3.866e-01 1317.6742 3.164e-01 6.800e-03 1.904e-01 3.693e-01 0
20260704.500 2461226.000 2461225.797348 0.1985 1362.2952 3.272e-01 6.800e-03 9.071e-02 3.396e-01 1318.0871 3.166e-01 6.800e-03 8.325e-02 3.274e-01 0
20260705.500 2461227.000 2461227.000000 0.0000    0.0000 0.000e+00 0.000e+00 0.000e+00 0.000e+00    0.0000 0.000e+00 0.000e+00 0.000e+00 0.000e+00 0
20260706.500 2461228.000 2461228.000000 0.0000    0.0000 0.000e+00 0.000e+00 0.000e+00 0.000e+00    0.0000 0.000e+00 0.000e+00 0.000e+00 0.000e+00 0
20260707.500 2461229.000 2461229.000000 0.0000    0.0000 0.000e+00 0.000e+00 0.000e+00 0.000e+00    0.0000 0.000e+00 0.000e+00 0.000e+00 0.000e+00 0
20260708.500 2461230.000 2461230.000000 0.0000    0.0000 0.000e+00 0.000e+00 0.000e+00 0.000e+00    0.0000 0.000e+00 0.000e+00 0.000e+00 0.000e+00 0
20260709.500 2461231.000 2461231.000000 0.0000    0.0000 0.000e+00 0.000e+00 0.000e+00 0.000e+00    0.0000 0.000e+00 0.000e+00 0.000e+00 0.000e+00 0
20260710.500 2461232.000 2461232.000000 0.0000    0.0000 0.000e+00 0.000e+00 0.000e+00 0.000e+00    0.0000 0.000e+00 0.000e+00 0.000e+00 0.000e+00 0
20260711.500 2461233.000 2461233.132340 0.2553 1361.9846 3.277e-01 6.800e-03 7.386e-02 3.359e-01 1317.9088 3.171e-01 6.800e-03 8.524e-02 3.283e-01 0
20260712.500 2461234.000 2461234.017657 0.2963 1362.0971 3.279e-01 6.800e-03 4.768e-02 3.313e-01 1318.0826 3.173e-01 6.800e-03 5.437e-02 3.219e-01 0
20260713.500 2461235.000 2461235.023775 0.2797 1362.1614 3.279e-01 6.800e-03 6.660e-02 3.346e-01 1318.2336 3.173e-01 6.800e-03 8.333e-02 3.281e-01 0
20260714.500 2461236.000 2461235.555481 0.0329 1362.2687 3.280e-01 6.800e-03 4.087e-02 3.306e-01 1318.3904 3.175e-01 6.800e-03 4.114e-02 3.201e-01 0
20260715.500 2461237.000 2461237.000000 0.0000    0.0000 0.000e+00 0.000e+00 0.000e+00 0.000e+00    0.0000 0.000e+00 0.000e+00 0.000e+00 0.000e+00 0
20260716.500 2461238.000 2461238.101331 0.2226 1362.3782 3.282e-01 6.800e-03 5.106e-02 3.321e-01 1318.8176 3.177e-01 6.800e-03 6.133e-02 3.236e-01 0
20260717.500 2461239.000 2461238.981936 0.2815 1362.3582 3.283e-01 6.800e-03 5.245e-02 3.325e-01 1318.9333 3.179e-01 6.800e-03 7.067e-02 3.256e-01 0
20260718.500 2461240.000 2461239.984357 0.3011 1362.4094 3.283e-01 6.800e-03 5.214e-02 3.325e-01 1319.1507 3.179e-01 6.800e-03 8.199e-02 3.283e-01 0
20260719.500 2461241.000 2461241.026354 0.2582 1362.5057 3.285e-01 6.800e-03 4.403e-02 3.314e-01 1319.4332 3.181e-01 6.800e-03 6.660e-02 3.250e-01 0
20260720.500 2461242.000 2461242.036437 0.3013 1362.3675 3.285e-01 6.800e-03 8.376e-02 3.390e-01 1319.4973 3.181e-01 6.800e-03 5.444e-02 3.228e-01 0
20260721.500 2461243.000 2461243.003252 0.2881 1362.1027 3.285e-01 6.800e-03 7.203e-02 3.363e-01 1319.4420 3.182e-01 6.800e-03 5.320e-02 3.227e-01 0
20260722.500 2461244.000 2461243.995409 0.2934 1362.1576 3.287e-01 6.800e-03 6.302e-02 3.347e-01 1319.7133 3.184e-01 6.800e-03 1.175e-01 3.394e-01 0
20260723.500 2461245.000 2461244.677677 0.0999 1362.2431 3.287e-01 6.800e-03 4.911e-02 3.324e-01 1319.9521 3.185e-01 6.800e-03 6.208e-02 3.245e-01 0
20260724.500 2461246.000 2461246.192429 0.1798 1362.3806 3.289e-01 6.800e-03 6.240e-02 3.347e-01 1320.4506 3.188e-01 6.800e-03 9.322e-02 3.321e-01 0
20260725.500 2461247.000 2461246.997826 0.2884 1362.4508 3.289e-01 6.800e-03 5.396e-02 3.333e-01 1320.7225 3.188e-01 6.800e-03 1.113e-01 3.377e-01 0
20260726.500 2461248.000 2461247.611082 0.0640 1362.5261 3.291e-01 6.800e-03 4.693e-02 3.324e-01 1320.9543 3.190e-01 6.800e-03 5.843e-02 3.243e-01 0
20260727.500 2461249.000 2461249.181387 0.1971 1362.6280 3.292e-01 6.800e-03 4.005e-02 3.316e-01 1321.4763 3.193e-01 6.800e-03 7.397e-02 3.277e-01 0
20260728.500 2461250.000 2461249.983927 0.3077 1362.7099 3.292e-01 6.800e-03 5.831e-02 3.344e-01 1321.7805 3.193e-01 6.800e-03 1.300e-01 3.448e-01 0
20260729.500 2461251.000 2461250.963175 0.2678 1362.7764 3.294e-01 6.800e-03 5.601e-02 3.341e-01 1322.1263 3.196e-01 6.800e-03 7.428e-02 3.281e-01 0
20260730.500 2461252.000 2461252.130473 0.2590 1362.5733 3.293e-01 6.800e-03 6.906e-02 3.365e-01 1322.2748 3.196e-01 6.800e-03 5.409e-02 3.241e-01 0
20260731.500 2461253.000 2461253.000979 0.2884 1362.3151 3.294e-01 6.800e-03 9.708e-02 3.434e-01 1322.2892 3.197e-01 6.800e-03 4.576e-02 3.230e-01 0
20260801.500 2461254.000 2461253.998756 0.2879 1362.0767 3.295e-01 6.800e-03 8.043e-02 3.392e-01 1322.3690 3.199e-01 6.800e-03 5.975e-02 3.254e-01 0
20260802.500 2461255.000 2461254.993642 0.2898 1362.0401 3.295e-01 6.800e-03 5.566e-02 3.341e-01 1322.6520 3.199e-01 6.800e-03 1.245e-01 3.433e-01 0
20260803.500 2461256.000 2461255.989034 0.3264 1362.0604 3.296e-01 6.800e-03 1.006e-01 3.446e-01 1322.9991 3.202e-01 6.800e-03 1.836e-01 3.691e-01 0
20260804.500 2461257.000 2461256.996937 0.2908 1362.2295 3.297e-01 6.800e-03 5.897e-02 3.349e-01 1323.5039 3.203e-01 6.800e-03 1.435e-01 3.510e-01 0
20260805.500 2461258.000 2461257.996167 0.2866 1362.4076 3.298e-01 6.800e-03 7.472e-02 3.382e-01 1324.0245 3.205e-01 6.800e-03 1.626e-01 3.594e-01 0
20260806.500 2461259.000 2461258.924207 0.3334 1362.4997 3.299e-01 6.800e-03 5.026e-02 3.337e-01 1324.4463 3.206e-01 6.800e-03 1.306e-01 3.462e-01 0
20260807.500 2461260.000 2461259.938647 0.2626 1362.5234 3.300e-01 6.800e-03 4.661e-02 3.333e-01 1324.8433 3.209e-01 6.800e-03 1.061e-01 3.380e-01 0
20260808.500 2461261.000 2461261.026192 0.2768 1362.4144 3.301e-01 6.800e-03 6.704e-02 3.369e-01 1325.1522 3.211e-01 6.800e-03 7.742e-02 3.303e-01 0
20260809.500 2461262.000 2461261.998244 0.2865 1362.2952 3.301e-01 6.800e-03 4.354e-02 3.329e-01 1325.4199 3.211e-01 6.800e-03 1.199e-01 3.428e-01 0
20260810.500 2461263.000 2461262.994822 0.3002 1362.2642 3.302e-01 6.800e-03 4.452e-02 3.332e-01 1325.7962 3.214e-01 6.800e-03 1.292e-01 3.464e-01 0
20260811.500 2461264.000 2461263.990273 0.2794 1362.2792 3.302e-01 6.800e-03 5.415e-02 3.346e-01 1326.2308 3.215e-01 6.800e-03 1.392e-01 3.503e-01 0
20260812.500 2461265.000 2461264.983674 0.2995 1362.2134 3.303e-01 6.800e-03 6.354e-02 3.364e-01 1326.6002 3.217e-01 6.800e-03 1.027e-01 3.377e-01 0
20260813.500 2461266.000 2461265.997159 0.2790 1362.1737 3.305e-01 6.800e-03 4.989e-02 3.342e-01 1327.0182 3.219e-01 6.800e-03 1.491e-01 3.548e-01 0
20260814.500 2461267.000 2461266.990500 0.2959 1362.1820 3.305e-01 6.800e-03 5.385e-02 3.348e-01 1327.4880 3.220e-01 6.800e-03 1.311e-01 3.477e-01 0
20260815.500 2461268.000 2461267.995628 0.2792 1362.1463 3.306e-01 6.800e-03 6.183e-02 3.363e-01 1327.9340 3.223e-01 6.800e-03 1.405e-01 3.516e-01 0
20260816.500 2461269.000 2461268.992856 0.2963 1362.1629 3.306e-01 6.800e-03 5.910e-02 3.358e-01 1328.4405 3.224e-01 6.800e-03 1.658e-01 3.626e-01 0
20260817.500 2461270.000 2461269.998233 0.2811 1362.3069 3.308e-01 6.800e-03 7.652e-02 3.395e-01 1329.0874 3.227e-01 6.800e-03 2.043e-01 3.819e-01 0
20260818.500 2461271.000 2461270.931669 0.3306 1362.5150 3.310e-01 6.800e-03 7.765e-02 3.399e-01 1329.7714 3.230e-01 6.800e-03 2.368e-01 4.005e-01 0
20260819.500 2461272.000 2461271.998983 0.2801 1362.7674 3.310e-01 6.800e-03 6.273e-02 3.369e-01 1330.5789 3.232e-01 6.800e-03 1.964e-01 3.782e-01 0
20260820.500 2461273.000 2461272.999869 0.3048 1362.9071 3.312e-01 6.800e-03 5.780e-02 3.362e-01 1331.2521 3.235e-01 6.800e-03 1.936e-01 3.770e-01 0
20260821.500 2461274.000 2461274.029028 0.2975 1362.9284 3.312e-01 6.800e-03 5.223e-02 3.353e-01 1331.8344 3.236e-01 6.800e-03 1.590e-01 3.606e-01 0
20260822.500 2461275.000 2461275.001847 0.2969 1362.8031 3.313e-01 6.800e-03 8.297e-02 3.415e-01 1332.2507 3.239e-01 6.800e-03 1.169e-01 3.443e-01 0
20260823.500 2461276.000 2461276.002113 0.2796 1362.5657 3.314e-01 6.800e-03 8.427e-02 3.419e-01 1332.5802 3.241e-01 6.800e-03 1.068e-01 3.412e-01 0
20260824.500 2461277.000 2461277.016320 0.3038 1362.4328 3.313e-01 6.800e-03 5.627e-02 3.361e-01 1333.0267 3.242e-01 6.800e-03 1.542e-01 3.590e-01 0
20260825.500 2461278.000 2461277.991155 0.2760 1362.4076 3.315e-01 6.800e-03 5.408e-02 3.359e-01 1333.5623 3.245e-01 6.800e-03 1.872e-01 3.746e-01 0
20260826.500 2461279.000 2461278.933420 0.2822 1362.4411 3.315e-01 6.800e-03 6.465e-02 3.377e-01 1334.1419 3.246e-01 6.800e-03 1.429e-01 3.546e-01 0
20260827.500 2461280.000 2461279.553528 0.0212 1362.4415 3.316e-01 6.800e-03 4.528e-02 3.347e-01 1334.5046 3.248e-01 6.800e-03 5.324e-02 3.292e-01 0
20260828.500 2461281.000 2461281.000000 0.0000    0.0000 0.000e+00 0.000e+00 0.000e+00 0.000e+00    0.0000 0.000e+00 0.000e+00 0.000e+00 0.000e+00 0
20260829.500 2461282.000 2461282.037938 0.2605 1362.5962 3.318e-01 6.800e-03 4.932e-02 3.354e-01 1336.1278 3.253e-01 6.800e-03 1.747e-01 3.693e-01 0
20260830.500 2461283.000 2461283.003433 0.2938 1362.5383 3.319e-01 6.800e-03 5.249e-02 3.360e-01 1336.6506 3.256e-01 6.800e-03 1.774e-01 3.708e-01 0
20260831.500 2461284.000 2461284.097358 0.2803 1362.4454 3.319e-01 6.800e-03 6.296e-02 3.378e-01 1337.2213 3.257e-01 6.800e-03 1.396e-01 3.544e-01 0
20260901.500 2461285.000 2461284.910493 0.3190 1362.4253 3.320e-01 6.800e-03 5.959e-02 3.373e-01 1337.6974 3.260e-01 6.800e-03 2.380e-01 4.036e-01 0
20260902.500 2461286.000 2461286.028285 0.2785 1362.4776 3.322e-01 6.800e-03 4.873e-02 3.357e-01 1338.4359 3.263e-01 6.800e-03 1.815e-01 3.734e-01 0
20260903.500 2461287.000 2461286.591480 0.0532 1362.4606 3.322e-01 6.800e-03 4.074e-02 3.347e-01 1338.7681 3.264e-01 6.800e-03 5.553e-02 3.311e-01 0

